id,top_match,category,university,category_score,created_at
08e3fb91-1fd1-4e44-9837-47b03450b4da,ust,"Academic Experience",admu,29,2026-05-07T22:09:31.749Z
08e3fb91-1fd1-4e44-9837-47b03450b4da,ust,"Academic Experience",dlsu,38,2026-05-07T22:09:31.749Z
08e3fb91-1fd1-4e44-9837-47b03450b4da,ust,"Academic Experience",up,32,2026-05-07T22:09:31.749Z
08e3fb91-1fd1-4e44-9837-47b03450b4da,ust,"Academic Experience",ust,83,2026-05-07T22:09:31.749Z
08e3fb91-1fd1-4e44-9837-47b03450b4da,ust,"Social & Cultural Fit",admu,37,2026-05-07T22:09:31.749Z
08e3fb91-1fd1-4e44-9837-47b03450b4da,ust,"Social & Cultural Fit",dlsu,45,2026-05-07T22:09:31.749Z
08e3fb91-1fd1-4e44-9837-47b03450b4da,ust,"Social & Cultural Fit",up,99,2026-05-07T22:09:31.749Z
08e3fb91-1fd1-4e44-9837-47b03450b4da,ust,"Social & Cultural Fit",ust,110,2026-05-07T22:09:31.749Z
08e3fb91-1fd1-4e44-9837-47b03450b4da,ust,"Campus Life",admu,60,2026-05-07T22:09:31.749Z
08e3fb91-1fd1-4e44-9837-47b03450b4da,ust,"Campus Life",dlsu,60,2026-05-07T22:09:31.749Z
08e3fb91-1fd1-4e44-9837-47b03450b4da,ust,"Campus Life",up,99,2026-05-07T22:09:31.749Z
08e3fb91-1fd1-4e44-9837-47b03450b4da,ust,"Campus Life",ust,149,2026-05-07T22:09:31.749Z
08e3fb91-1fd1-4e44-9837-47b03450b4da,ust,"Values & Identity",admu,34,2026-05-07T22:09:31.749Z
08e3fb91-1fd1-4e44-9837-47b03450b4da,ust,"Values & Identity",dlsu,46,2026-05-07T22:09:31.749Z
08e3fb91-1fd1-4e44-9837-47b03450b4da,ust,"Values & Identity",up,77,2026-05-07T22:09:31.749Z
08e3fb91-1fd1-4e44-9837-47b03450b4da,ust,"Values & Identity",ust,113,2026-05-07T22:09:31.749Z
df561435-6605-489c-bfb0-66dc1e55815c,dlsu,"Academic Experience",admu,61,2026-05-07T22:18:57.350Z
df561435-6605-489c-bfb0-66dc1e55815c,dlsu,"Academic Experience",dlsu,61,2026-05-07T22:18:57.350Z
df561435-6605-489c-bfb0-66dc1e55815c,dlsu,"Academic Experience",up,49,2026-05-07T22:18:57.350Z
df561435-6605-489c-bfb0-66dc1e55815c,dlsu,"Academic Experience",ust,27,2026-05-07T22:18:57.350Z
df561435-6605-489c-bfb0-66dc1e55815c,dlsu,"Social & Cultural Fit",admu,89,2026-05-07T22:18:57.350Z
df561435-6605-489c-bfb0-66dc1e55815c,dlsu,"Social & Cultural Fit",dlsu,90,2026-05-07T22:18:57.350Z
df561435-6605-489c-bfb0-66dc1e55815c,dlsu,"Social & Cultural Fit",up,73,2026-05-07T22:18:57.350Z
df561435-6605-489c-bfb0-66dc1e55815c,dlsu,"Social & Cultural Fit",ust,76,2026-05-07T22:18:57.350Z
df561435-6605-489c-bfb0-66dc1e55815c,dlsu,"Campus Life",admu,78,2026-05-07T22:18:57.350Z
df561435-6605-489c-bfb0-66dc1e55815c,dlsu,"Campus Life",dlsu,125,2026-05-07T22:18:57.350Z
df561435-6605-489c-bfb0-66dc1e55815c,dlsu,"Campus Life",up,46,2026-05-07T22:18:57.350Z
df561435-6605-489c-bfb0-66dc1e55815c,dlsu,"Campus Life",ust,100,2026-05-07T22:18:57.350Z
df561435-6605-489c-bfb0-66dc1e55815c,dlsu,"Values & Identity",admu,51,2026-05-07T22:18:57.350Z
df561435-6605-489c-bfb0-66dc1e55815c,dlsu,"Values & Identity",dlsu,95,2026-05-07T22:18:57.350Z
df561435-6605-489c-bfb0-66dc1e55815c,dlsu,"Values & Identity",up,61,2026-05-07T22:18:57.350Z
df561435-6605-489c-bfb0-66dc1e55815c,dlsu,"Values & Identity",ust,73,2026-05-07T22:18:57.350Z
1328647f-a86f-4988-a7a3-de052d55e8f1,dlsu,"Academic Experience",admu,53,2026-05-08T00:55:28.864Z
1328647f-a86f-4988-a7a3-de052d55e8f1,dlsu,"Academic Experience",dlsu,124,2026-05-08T00:55:28.864Z
1328647f-a86f-4988-a7a3-de052d55e8f1,dlsu,"Academic Experience",up,6,2026-05-08T00:55:28.864Z
1328647f-a86f-4988-a7a3-de052d55e8f1,dlsu,"Academic Experience",ust,31,2026-05-08T00:55:28.864Z
1328647f-a86f-4988-a7a3-de052d55e8f1,dlsu,"Social & Cultural Fit",admu,94,2026-05-08T00:55:28.864Z
1328647f-a86f-4988-a7a3-de052d55e8f1,dlsu,"Social & Cultural Fit",dlsu,106,2026-05-08T00:55:28.864Z
1328647f-a86f-4988-a7a3-de052d55e8f1,dlsu,"Social & Cultural Fit",up,58,2026-05-08T00:55:28.864Z
1328647f-a86f-4988-a7a3-de052d55e8f1,dlsu,"Social & Cultural Fit",ust,68,2026-05-08T00:55:28.864Z
1328647f-a86f-4988-a7a3-de052d55e8f1,dlsu,"Campus Life",admu,74,2026-05-08T00:55:28.864Z
1328647f-a86f-4988-a7a3-de052d55e8f1,dlsu,"Campus Life",dlsu,157,2026-05-08T00:55:28.864Z
1328647f-a86f-4988-a7a3-de052d55e8f1,dlsu,"Campus Life",up,63,2026-05-08T00:55:28.864Z
1328647f-a86f-4988-a7a3-de052d55e8f1,dlsu,"Campus Life",ust,82,2026-05-08T00:55:28.864Z
1328647f-a86f-4988-a7a3-de052d55e8f1,dlsu,"Values & Identity",admu,66,2026-05-08T00:55:28.864Z
1328647f-a86f-4988-a7a3-de052d55e8f1,dlsu,"Values & Identity",dlsu,116,2026-05-08T00:55:28.864Z
1328647f-a86f-4988-a7a3-de052d55e8f1,dlsu,"Values & Identity",up,39,2026-05-08T00:55:28.864Z
1328647f-a86f-4988-a7a3-de052d55e8f1,dlsu,"Values & Identity",ust,49,2026-05-08T00:55:28.864Z
06a3cff1-1db3-4277-8a62-19ce3b476d39,up,"Academic Experience",admu,48,2026-05-08T01:45:34.914Z
06a3cff1-1db3-4277-8a62-19ce3b476d39,up,"Academic Experience",dlsu,23,2026-05-08T01:45:34.914Z
06a3cff1-1db3-4277-8a62-19ce3b476d39,up,"Academic Experience",up,82,2026-05-08T01:45:34.914Z
06a3cff1-1db3-4277-8a62-19ce3b476d39,up,"Academic Experience",ust,57,2026-05-08T01:45:34.914Z
06a3cff1-1db3-4277-8a62-19ce3b476d39,up,"Social & Cultural Fit",admu,41,2026-05-08T01:45:34.914Z
06a3cff1-1db3-4277-8a62-19ce3b476d39,up,"Social & Cultural Fit",dlsu,32,2026-05-08T01:45:34.914Z
06a3cff1-1db3-4277-8a62-19ce3b476d39,up,"Social & Cultural Fit",up,136,2026-05-08T01:45:34.914Z
06a3cff1-1db3-4277-8a62-19ce3b476d39,up,"Social & Cultural Fit",ust,91,2026-05-08T01:45:34.914Z
06a3cff1-1db3-4277-8a62-19ce3b476d39,up,"Campus Life",admu,91,2026-05-08T01:45:34.914Z
06a3cff1-1db3-4277-8a62-19ce3b476d39,up,"Campus Life",dlsu,74,2026-05-08T01:45:34.914Z
06a3cff1-1db3-4277-8a62-19ce3b476d39,up,"Campus Life",up,145,2026-05-08T01:45:34.914Z
06a3cff1-1db3-4277-8a62-19ce3b476d39,up,"Campus Life",ust,88,2026-05-08T01:45:34.914Z
06a3cff1-1db3-4277-8a62-19ce3b476d39,up,"Values & Identity",admu,56,2026-05-08T01:45:34.914Z
06a3cff1-1db3-4277-8a62-19ce3b476d39,up,"Values & Identity",dlsu,38,2026-05-08T01:45:34.914Z
06a3cff1-1db3-4277-8a62-19ce3b476d39,up,"Values & Identity",up,102,2026-05-08T01:45:34.914Z
06a3cff1-1db3-4277-8a62-19ce3b476d39,up,"Values & Identity",ust,54,2026-05-08T01:45:34.914Z
ead60c4e-a371-4c1a-a738-cabd862073a3,admu,"Academic Experience",admu,64,2026-05-08T11:48:02.184Z
ead60c4e-a371-4c1a-a738-cabd862073a3,admu,"Academic Experience",dlsu,71,2026-05-08T11:48:02.184Z
ead60c4e-a371-4c1a-a738-cabd862073a3,admu,"Academic Experience",up,26,2026-05-08T11:48:02.184Z
ead60c4e-a371-4c1a-a738-cabd862073a3,admu,"Academic Experience",ust,44,2026-05-08T11:48:02.184Z
ead60c4e-a371-4c1a-a738-cabd862073a3,admu,"Social & Cultural Fit",admu,108,2026-05-08T11:48:02.184Z
ead60c4e-a371-4c1a-a738-cabd862073a3,admu,"Social & Cultural Fit",dlsu,111,2026-05-08T11:48:02.184Z
ead60c4e-a371-4c1a-a738-cabd862073a3,admu,"Social & Cultural Fit",up,28,2026-05-08T11:48:02.184Z
ead60c4e-a371-4c1a-a738-cabd862073a3,admu,"Social & Cultural Fit",ust,50,2026-05-08T11:48:02.184Z
ead60c4e-a371-4c1a-a738-cabd862073a3,admu,"Campus Life",admu,140,2026-05-08T11:48:02.184Z
ead60c4e-a371-4c1a-a738-cabd862073a3,admu,"Campus Life",dlsu,102,2026-05-08T11:48:02.184Z
ead60c4e-a371-4c1a-a738-cabd862073a3,admu,"Campus Life",up,73,2026-05-08T11:48:02.184Z
ead60c4e-a371-4c1a-a738-cabd862073a3,admu,"Campus Life",ust,53,2026-05-08T11:48:02.184Z
ead60c4e-a371-4c1a-a738-cabd862073a3,admu,"Values & Identity",admu,103,2026-05-08T11:48:02.184Z
ead60c4e-a371-4c1a-a738-cabd862073a3,admu,"Values & Identity",dlsu,56,2026-05-08T11:48:02.184Z
ead60c4e-a371-4c1a-a738-cabd862073a3,admu,"Values & Identity",up,66,2026-05-08T11:48:02.184Z
ead60c4e-a371-4c1a-a738-cabd862073a3,admu,"Values & Identity",ust,54,2026-05-08T11:48:02.184Z
6e877ea2-65a4-42dd-8f52-a4ba62d09490,admu,"Academic Experience",admu,63,2026-05-08T15:29:12.752Z
6e877ea2-65a4-42dd-8f52-a4ba62d09490,admu,"Academic Experience",dlsu,52,2026-05-08T15:29:12.752Z
6e877ea2-65a4-42dd-8f52-a4ba62d09490,admu,"Academic Experience",up,30,2026-05-08T15:29:12.752Z
6e877ea2-65a4-42dd-8f52-a4ba62d09490,admu,"Academic Experience",ust,42,2026-05-08T15:29:12.752Z
6e877ea2-65a4-42dd-8f52-a4ba62d09490,admu,"Social & Cultural Fit",admu,103,2026-05-08T15:29:12.752Z
6e877ea2-65a4-42dd-8f52-a4ba62d09490,admu,"Social & Cultural Fit",dlsu,97,2026-05-08T15:29:12.752Z
6e877ea2-65a4-42dd-8f52-a4ba62d09490,admu,"Social & Cultural Fit",up,32,2026-05-08T15:29:12.752Z
6e877ea2-65a4-42dd-8f52-a4ba62d09490,admu,"Social & Cultural Fit",ust,54,2026-05-08T15:29:12.752Z
6e877ea2-65a4-42dd-8f52-a4ba62d09490,admu,"Campus Life",admu,95,2026-05-08T15:29:12.752Z
6e877ea2-65a4-42dd-8f52-a4ba62d09490,admu,"Campus Life",dlsu,108,2026-05-08T15:29:12.752Z
6e877ea2-65a4-42dd-8f52-a4ba62d09490,admu,"Campus Life",up,75,2026-05-08T15:29:12.752Z
6e877ea2-65a4-42dd-8f52-a4ba62d09490,admu,"Campus Life",ust,99,2026-05-08T15:29:12.752Z
6e877ea2-65a4-42dd-8f52-a4ba62d09490,admu,"Values & Identity",admu,106,2026-05-08T15:29:12.752Z
6e877ea2-65a4-42dd-8f52-a4ba62d09490,admu,"Values & Identity",dlsu,76,2026-05-08T15:29:12.752Z
6e877ea2-65a4-42dd-8f52-a4ba62d09490,admu,"Values & Identity",up,60,2026-05-08T15:29:12.752Z
6e877ea2-65a4-42dd-8f52-a4ba62d09490,admu,"Values & Identity",ust,31,2026-05-08T15:29:12.752Z
f5b0acb0-9061-4f25-96fd-a7a0cf53ae9f,ust,"Academic Experience",admu,25,2026-05-08T16:17:59.429Z
f5b0acb0-9061-4f25-96fd-a7a0cf53ae9f,ust,"Academic Experience",dlsu,17,2026-05-08T16:17:59.429Z
f5b0acb0-9061-4f25-96fd-a7a0cf53ae9f,ust,"Academic Experience",up,71,2026-05-08T16:17:59.429Z
f5b0acb0-9061-4f25-96fd-a7a0cf53ae9f,ust,"Academic Experience",ust,77,2026-05-08T16:17:59.429Z
f5b0acb0-9061-4f25-96fd-a7a0cf53ae9f,ust,"Social & Cultural Fit",admu,36,2026-05-08T16:17:59.429Z
f5b0acb0-9061-4f25-96fd-a7a0cf53ae9f,ust,"Social & Cultural Fit",dlsu,35,2026-05-08T16:17:59.429Z
f5b0acb0-9061-4f25-96fd-a7a0cf53ae9f,ust,"Social & Cultural Fit",up,94,2026-05-08T16:17:59.429Z
f5b0acb0-9061-4f25-96fd-a7a0cf53ae9f,ust,"Social & Cultural Fit",ust,113,2026-05-08T16:17:59.429Z
f5b0acb0-9061-4f25-96fd-a7a0cf53ae9f,ust,"Campus Life",admu,75,2026-05-08T16:17:59.429Z
f5b0acb0-9061-4f25-96fd-a7a0cf53ae9f,ust,"Campus Life",dlsu,68,2026-05-08T16:17:59.429Z
f5b0acb0-9061-4f25-96fd-a7a0cf53ae9f,ust,"Campus Life",up,79,2026-05-08T16:17:59.429Z
f5b0acb0-9061-4f25-96fd-a7a0cf53ae9f,ust,"Campus Life",ust,130,2026-05-08T16:17:59.429Z
f5b0acb0-9061-4f25-96fd-a7a0cf53ae9f,ust,"Values & Identity",admu,39,2026-05-08T16:17:59.429Z
f5b0acb0-9061-4f25-96fd-a7a0cf53ae9f,ust,"Values & Identity",dlsu,53,2026-05-08T16:17:59.429Z
f5b0acb0-9061-4f25-96fd-a7a0cf53ae9f,ust,"Values & Identity",up,71,2026-05-08T16:17:59.429Z
f5b0acb0-9061-4f25-96fd-a7a0cf53ae9f,ust,"Values & Identity",ust,93,2026-05-08T16:17:59.429Z
1010ac19-c0fa-4217-9ea6-976543576506,ust,"Academic Experience",admu,43,2026-05-08T21:31:12.142Z
1010ac19-c0fa-4217-9ea6-976543576506,ust,"Academic Experience",dlsu,47,2026-05-08T21:31:12.142Z
1010ac19-c0fa-4217-9ea6-976543576506,ust,"Academic Experience",up,12,2026-05-08T21:31:12.142Z
1010ac19-c0fa-4217-9ea6-976543576506,ust,"Academic Experience",ust,85,2026-05-08T21:31:12.142Z
1010ac19-c0fa-4217-9ea6-976543576506,ust,"Social & Cultural Fit",admu,33,2026-05-08T21:31:12.142Z
1010ac19-c0fa-4217-9ea6-976543576506,ust,"Social & Cultural Fit",dlsu,37,2026-05-08T21:31:12.142Z
1010ac19-c0fa-4217-9ea6-976543576506,ust,"Social & Cultural Fit",up,104,2026-05-08T21:31:12.142Z
1010ac19-c0fa-4217-9ea6-976543576506,ust,"Social & Cultural Fit",ust,111,2026-05-08T21:31:12.142Z
1010ac19-c0fa-4217-9ea6-976543576506,ust,"Campus Life",admu,70,2026-05-08T21:31:12.142Z
1010ac19-c0fa-4217-9ea6-976543576506,ust,"Campus Life",dlsu,40,2026-05-08T21:31:12.142Z
1010ac19-c0fa-4217-9ea6-976543576506,ust,"Campus Life",up,119,2026-05-08T21:31:12.142Z
1010ac19-c0fa-4217-9ea6-976543576506,ust,"Campus Life",ust,148,2026-05-08T21:31:12.142Z
1010ac19-c0fa-4217-9ea6-976543576506,ust,"Values & Identity",admu,40,2026-05-08T21:31:12.142Z
1010ac19-c0fa-4217-9ea6-976543576506,ust,"Values & Identity",dlsu,52,2026-05-08T21:31:12.142Z
1010ac19-c0fa-4217-9ea6-976543576506,ust,"Values & Identity",up,64,2026-05-08T21:31:12.142Z
1010ac19-c0fa-4217-9ea6-976543576506,ust,"Values & Identity",ust,108,2026-05-08T21:31:12.142Z
c80051ff-f160-4426-b81e-a8dd8ea5ae06,up,"Academic Experience",admu,42,2026-05-08T21:35:17.922Z
c80051ff-f160-4426-b81e-a8dd8ea5ae06,up,"Academic Experience",dlsu,18,2026-05-08T21:35:17.922Z
c80051ff-f160-4426-b81e-a8dd8ea5ae06,up,"Academic Experience",up,140,2026-05-08T21:35:17.922Z
c80051ff-f160-4426-b81e-a8dd8ea5ae06,up,"Academic Experience",ust,16,2026-05-08T21:35:17.922Z
c80051ff-f160-4426-b81e-a8dd8ea5ae06,up,"Social & Cultural Fit",admu,51,2026-05-08T21:35:17.922Z
c80051ff-f160-4426-b81e-a8dd8ea5ae06,up,"Social & Cultural Fit",dlsu,42,2026-05-08T21:35:17.922Z
c80051ff-f160-4426-b81e-a8dd8ea5ae06,up,"Social & Cultural Fit",up,112,2026-05-08T21:35:17.922Z
c80051ff-f160-4426-b81e-a8dd8ea5ae06,up,"Social & Cultural Fit",ust,81,2026-05-08T21:35:17.922Z
c80051ff-f160-4426-b81e-a8dd8ea5ae06,up,"Campus Life",admu,99,2026-05-08T21:35:17.922Z
c80051ff-f160-4426-b81e-a8dd8ea5ae06,up,"Campus Life",dlsu,95,2026-05-08T21:35:17.922Z
c80051ff-f160-4426-b81e-a8dd8ea5ae06,up,"Campus Life",up,117,2026-05-08T21:35:17.922Z
c80051ff-f160-4426-b81e-a8dd8ea5ae06,up,"Campus Life",ust,96,2026-05-08T21:35:17.922Z
c80051ff-f160-4426-b81e-a8dd8ea5ae06,up,"Values & Identity",admu,51,2026-05-08T21:35:17.922Z
c80051ff-f160-4426-b81e-a8dd8ea5ae06,up,"Values & Identity",dlsu,40,2026-05-08T21:35:17.922Z
c80051ff-f160-4426-b81e-a8dd8ea5ae06,up,"Values & Identity",up,128,2026-05-08T21:35:17.922Z
c80051ff-f160-4426-b81e-a8dd8ea5ae06,up,"Values & Identity",ust,42,2026-05-08T21:35:17.922Z
c6c01191-49a4-4c27-8754-91f8f187858d,dlsu,"Academic Experience",admu,74,2026-05-08T21:53:24.897Z
c6c01191-49a4-4c27-8754-91f8f187858d,dlsu,"Academic Experience",dlsu,66,2026-05-08T21:53:24.897Z
c6c01191-49a4-4c27-8754-91f8f187858d,dlsu,"Academic Experience",up,35,2026-05-08T21:53:24.897Z
c6c01191-49a4-4c27-8754-91f8f187858d,dlsu,"Academic Experience",ust,37,2026-05-08T21:53:24.897Z
c6c01191-49a4-4c27-8754-91f8f187858d,dlsu,"Social & Cultural Fit",admu,95,2026-05-08T21:53:24.897Z
c6c01191-49a4-4c27-8754-91f8f187858d,dlsu,"Social & Cultural Fit",dlsu,111,2026-05-08T21:53:24.897Z
c6c01191-49a4-4c27-8754-91f8f187858d,dlsu,"Social & Cultural Fit",up,46,2026-05-08T21:53:24.897Z
c6c01191-49a4-4c27-8754-91f8f187858d,dlsu,"Social & Cultural Fit",ust,52,2026-05-08T21:53:24.897Z
c6c01191-49a4-4c27-8754-91f8f187858d,dlsu,"Campus Life",admu,91,2026-05-08T21:53:24.897Z
c6c01191-49a4-4c27-8754-91f8f187858d,dlsu,"Campus Life",dlsu,150,2026-05-08T21:53:24.897Z
c6c01191-49a4-4c27-8754-91f8f187858d,dlsu,"Campus Life",up,73,2026-05-08T21:53:24.897Z
c6c01191-49a4-4c27-8754-91f8f187858d,dlsu,"Campus Life",ust,76,2026-05-08T21:53:24.897Z
c6c01191-49a4-4c27-8754-91f8f187858d,dlsu,"Values & Identity",admu,81,2026-05-08T21:53:24.897Z
c6c01191-49a4-4c27-8754-91f8f187858d,dlsu,"Values & Identity",dlsu,104,2026-05-08T21:53:24.897Z
c6c01191-49a4-4c27-8754-91f8f187858d,dlsu,"Values & Identity",up,52,2026-05-08T21:53:24.897Z
c6c01191-49a4-4c27-8754-91f8f187858d,dlsu,"Values & Identity",ust,36,2026-05-08T21:53:24.897Z
2de84b36-7330-4729-a79b-ab7ff0257a51,ust,"Academic Experience",admu,66,2026-05-08T23:27:11.588Z
2de84b36-7330-4729-a79b-ab7ff0257a51,ust,"Academic Experience",dlsu,48,2026-05-08T23:27:11.588Z
2de84b36-7330-4729-a79b-ab7ff0257a51,ust,"Academic Experience",up,54,2026-05-08T23:27:11.588Z
2de84b36-7330-4729-a79b-ab7ff0257a51,ust,"Academic Experience",ust,55,2026-05-08T23:27:11.588Z
2de84b36-7330-4729-a79b-ab7ff0257a51,ust,"Social & Cultural Fit",admu,55,2026-05-08T23:27:11.588Z
2de84b36-7330-4729-a79b-ab7ff0257a51,ust,"Social & Cultural Fit",dlsu,84,2026-05-08T23:27:11.588Z
2de84b36-7330-4729-a79b-ab7ff0257a51,ust,"Social & Cultural Fit",up,49,2026-05-08T23:27:11.588Z
2de84b36-7330-4729-a79b-ab7ff0257a51,ust,"Social & Cultural Fit",ust,80,2026-05-08T23:27:11.588Z
2de84b36-7330-4729-a79b-ab7ff0257a51,ust,"Campus Life",admu,78,2026-05-08T23:27:11.588Z
2de84b36-7330-4729-a79b-ab7ff0257a51,ust,"Campus Life",dlsu,63,2026-05-08T23:27:11.588Z
2de84b36-7330-4729-a79b-ab7ff0257a51,ust,"Campus Life",up,99,2026-05-08T23:27:11.588Z
2de84b36-7330-4729-a79b-ab7ff0257a51,ust,"Campus Life",ust,111,2026-05-08T23:27:11.588Z
2de84b36-7330-4729-a79b-ab7ff0257a51,ust,"Values & Identity",admu,79,2026-05-08T23:27:11.588Z
2de84b36-7330-4729-a79b-ab7ff0257a51,ust,"Values & Identity",dlsu,64,2026-05-08T23:27:11.588Z
2de84b36-7330-4729-a79b-ab7ff0257a51,ust,"Values & Identity",up,37,2026-05-08T23:27:11.588Z
2de84b36-7330-4729-a79b-ab7ff0257a51,ust,"Values & Identity",ust,71,2026-05-08T23:27:11.588Z
df088e49-83a2-4675-8730-d5c3762bbdb0,admu,"Academic Experience",admu,71,2026-05-09T05:39:05.256Z
df088e49-83a2-4675-8730-d5c3762bbdb0,admu,"Academic Experience",dlsu,38,2026-05-09T05:39:05.256Z
df088e49-83a2-4675-8730-d5c3762bbdb0,admu,"Academic Experience",up,54,2026-05-09T05:39:05.256Z
df088e49-83a2-4675-8730-d5c3762bbdb0,admu,"Academic Experience",ust,46,2026-05-09T05:39:05.256Z
df088e49-83a2-4675-8730-d5c3762bbdb0,admu,"Social & Cultural Fit",admu,110,2026-05-09T05:39:05.256Z
df088e49-83a2-4675-8730-d5c3762bbdb0,admu,"Social & Cultural Fit",dlsu,121,2026-05-09T05:39:05.256Z
df088e49-83a2-4675-8730-d5c3762bbdb0,admu,"Social & Cultural Fit",up,18,2026-05-09T05:39:05.256Z
df088e49-83a2-4675-8730-d5c3762bbdb0,admu,"Social & Cultural Fit",ust,47,2026-05-09T05:39:05.256Z
df088e49-83a2-4675-8730-d5c3762bbdb0,admu,"Campus Life",admu,138,2026-05-09T05:39:05.256Z
df088e49-83a2-4675-8730-d5c3762bbdb0,admu,"Campus Life",dlsu,92,2026-05-09T05:39:05.256Z
df088e49-83a2-4675-8730-d5c3762bbdb0,admu,"Campus Life",up,69,2026-05-09T05:39:05.256Z
df088e49-83a2-4675-8730-d5c3762bbdb0,admu,"Campus Life",ust,55,2026-05-09T05:39:05.256Z
df088e49-83a2-4675-8730-d5c3762bbdb0,admu,"Values & Identity",admu,94,2026-05-09T05:39:05.256Z
df088e49-83a2-4675-8730-d5c3762bbdb0,admu,"Values & Identity",dlsu,71,2026-05-09T05:39:05.256Z
df088e49-83a2-4675-8730-d5c3762bbdb0,admu,"Values & Identity",up,66,2026-05-09T05:39:05.256Z
df088e49-83a2-4675-8730-d5c3762bbdb0,admu,"Values & Identity",ust,50,2026-05-09T05:39:05.256Z
bc49d523-5c03-422c-a4b0-c486e76023a4,up,"Academic Experience",admu,42,2026-05-09T18:31:01.993Z
bc49d523-5c03-422c-a4b0-c486e76023a4,up,"Academic Experience",dlsu,18,2026-05-09T18:31:01.993Z
bc49d523-5c03-422c-a4b0-c486e76023a4,up,"Academic Experience",up,140,2026-05-09T18:31:01.993Z
bc49d523-5c03-422c-a4b0-c486e76023a4,up,"Academic Experience",ust,16,2026-05-09T18:31:01.993Z
bc49d523-5c03-422c-a4b0-c486e76023a4,up,"Social & Cultural Fit",admu,41,2026-05-09T18:31:01.993Z
bc49d523-5c03-422c-a4b0-c486e76023a4,up,"Social & Cultural Fit",dlsu,32,2026-05-09T18:31:01.993Z
bc49d523-5c03-422c-a4b0-c486e76023a4,up,"Social & Cultural Fit",up,136,2026-05-09T18:31:01.993Z
bc49d523-5c03-422c-a4b0-c486e76023a4,up,"Social & Cultural Fit",ust,91,2026-05-09T18:31:01.993Z
bc49d523-5c03-422c-a4b0-c486e76023a4,up,"Campus Life",admu,80,2026-05-09T18:31:01.993Z
bc49d523-5c03-422c-a4b0-c486e76023a4,up,"Campus Life",dlsu,65,2026-05-09T18:31:01.993Z
bc49d523-5c03-422c-a4b0-c486e76023a4,up,"Campus Life",up,154,2026-05-09T18:31:01.993Z
bc49d523-5c03-422c-a4b0-c486e76023a4,up,"Campus Life",ust,91,2026-05-09T18:31:01.993Z
bc49d523-5c03-422c-a4b0-c486e76023a4,up,"Values & Identity",admu,68,2026-05-09T18:31:01.993Z
bc49d523-5c03-422c-a4b0-c486e76023a4,up,"Values & Identity",dlsu,46,2026-05-09T18:31:01.993Z
bc49d523-5c03-422c-a4b0-c486e76023a4,up,"Values & Identity",up,104,2026-05-09T18:31:01.993Z
bc49d523-5c03-422c-a4b0-c486e76023a4,up,"Values & Identity",ust,49,2026-05-09T18:31:01.993Z
57c8d0ba-46ad-462c-8e3f-f436943d4c66,up,"Academic Experience",admu,42,2026-05-09T21:44:28.733Z
57c8d0ba-46ad-462c-8e3f-f436943d4c66,up,"Academic Experience",dlsu,30,2026-05-09T21:44:28.733Z
57c8d0ba-46ad-462c-8e3f-f436943d4c66,up,"Academic Experience",up,109,2026-05-09T21:44:28.733Z
57c8d0ba-46ad-462c-8e3f-f436943d4c66,up,"Academic Experience",ust,27,2026-05-09T21:44:28.733Z
57c8d0ba-46ad-462c-8e3f-f436943d4c66,up,"Social & Cultural Fit",admu,51,2026-05-09T21:44:28.733Z
57c8d0ba-46ad-462c-8e3f-f436943d4c66,up,"Social & Cultural Fit",dlsu,31,2026-05-09T21:44:28.733Z
57c8d0ba-46ad-462c-8e3f-f436943d4c66,up,"Social & Cultural Fit",up,116,2026-05-09T21:44:28.733Z
57c8d0ba-46ad-462c-8e3f-f436943d4c66,up,"Social & Cultural Fit",ust,84,2026-05-09T21:44:28.733Z
57c8d0ba-46ad-462c-8e3f-f436943d4c66,up,"Campus Life",admu,103,2026-05-09T21:44:28.733Z
57c8d0ba-46ad-462c-8e3f-f436943d4c66,up,"Campus Life",dlsu,66,2026-05-09T21:44:28.733Z
57c8d0ba-46ad-462c-8e3f-f436943d4c66,up,"Campus Life",up,98,2026-05-09T21:44:28.733Z
57c8d0ba-46ad-462c-8e3f-f436943d4c66,up,"Campus Life",ust,54,2026-05-09T21:44:28.733Z
57c8d0ba-46ad-462c-8e3f-f436943d4c66,up,"Values & Identity",admu,60,2026-05-09T21:44:28.733Z
57c8d0ba-46ad-462c-8e3f-f436943d4c66,up,"Values & Identity",dlsu,52,2026-05-09T21:44:28.733Z
57c8d0ba-46ad-462c-8e3f-f436943d4c66,up,"Values & Identity",up,83,2026-05-09T21:44:28.733Z
57c8d0ba-46ad-462c-8e3f-f436943d4c66,up,"Values & Identity",ust,77,2026-05-09T21:44:28.733Z
37dc96eb-dd23-4881-8ba8-64ad33dfa5a1,ust,"Academic Experience",admu,38,2026-05-09T23:52:28.646Z
37dc96eb-dd23-4881-8ba8-64ad33dfa5a1,ust,"Academic Experience",dlsu,39,2026-05-09T23:52:28.646Z
37dc96eb-dd23-4881-8ba8-64ad33dfa5a1,ust,"Academic Experience",up,29,2026-05-09T23:52:28.646Z
37dc96eb-dd23-4881-8ba8-64ad33dfa5a1,ust,"Academic Experience",ust,78,2026-05-09T23:52:28.646Z
37dc96eb-dd23-4881-8ba8-64ad33dfa5a1,ust,"Social & Cultural Fit",admu,42,2026-05-09T23:52:28.646Z
37dc96eb-dd23-4881-8ba8-64ad33dfa5a1,ust,"Social & Cultural Fit",dlsu,40,2026-05-09T23:52:28.646Z
37dc96eb-dd23-4881-8ba8-64ad33dfa5a1,ust,"Social & Cultural Fit",up,101,2026-05-09T23:52:28.646Z
37dc96eb-dd23-4881-8ba8-64ad33dfa5a1,ust,"Social & Cultural Fit",ust,121,2026-05-09T23:52:28.646Z
37dc96eb-dd23-4881-8ba8-64ad33dfa5a1,ust,"Campus Life",admu,43,2026-05-09T23:52:28.646Z
37dc96eb-dd23-4881-8ba8-64ad33dfa5a1,ust,"Campus Life",dlsu,64,2026-05-09T23:52:28.646Z
37dc96eb-dd23-4881-8ba8-64ad33dfa5a1,ust,"Campus Life",up,99,2026-05-09T23:52:28.646Z
37dc96eb-dd23-4881-8ba8-64ad33dfa5a1,ust,"Campus Life",ust,122,2026-05-09T23:52:28.646Z
37dc96eb-dd23-4881-8ba8-64ad33dfa5a1,ust,"Values & Identity",admu,37,2026-05-09T23:52:28.646Z
37dc96eb-dd23-4881-8ba8-64ad33dfa5a1,ust,"Values & Identity",dlsu,45,2026-05-09T23:52:28.646Z
37dc96eb-dd23-4881-8ba8-64ad33dfa5a1,ust,"Values & Identity",up,84,2026-05-09T23:52:28.646Z
37dc96eb-dd23-4881-8ba8-64ad33dfa5a1,ust,"Values & Identity",ust,98,2026-05-09T23:52:28.646Z
f18f92fa-12b7-4a2f-b68e-0662a6435c1d,dlsu,"Academic Experience",admu,55,2026-05-10T04:42:18.703Z
f18f92fa-12b7-4a2f-b68e-0662a6435c1d,dlsu,"Academic Experience",dlsu,101,2026-05-10T04:42:18.703Z
f18f92fa-12b7-4a2f-b68e-0662a6435c1d,dlsu,"Academic Experience",up,12,2026-05-10T04:42:18.703Z
f18f92fa-12b7-4a2f-b68e-0662a6435c1d,dlsu,"Academic Experience",ust,26,2026-05-10T04:42:18.703Z
f18f92fa-12b7-4a2f-b68e-0662a6435c1d,dlsu,"Social & Cultural Fit",admu,87,2026-05-10T04:42:18.703Z
f18f92fa-12b7-4a2f-b68e-0662a6435c1d,dlsu,"Social & Cultural Fit",dlsu,88,2026-05-10T04:42:18.703Z
f18f92fa-12b7-4a2f-b68e-0662a6435c1d,dlsu,"Social & Cultural Fit",up,75,2026-05-10T04:42:18.703Z
f18f92fa-12b7-4a2f-b68e-0662a6435c1d,dlsu,"Social & Cultural Fit",ust,66,2026-05-10T04:42:18.703Z
f18f92fa-12b7-4a2f-b68e-0662a6435c1d,dlsu,"Campus Life",admu,81,2026-05-10T04:42:18.703Z
f18f92fa-12b7-4a2f-b68e-0662a6435c1d,dlsu,"Campus Life",dlsu,125,2026-05-10T04:42:18.703Z
f18f92fa-12b7-4a2f-b68e-0662a6435c1d,dlsu,"Campus Life",up,57,2026-05-10T04:42:18.703Z
f18f92fa-12b7-4a2f-b68e-0662a6435c1d,dlsu,"Campus Life",ust,88,2026-05-10T04:42:18.703Z
f18f92fa-12b7-4a2f-b68e-0662a6435c1d,dlsu,"Values & Identity",admu,66,2026-05-10T04:42:18.703Z
f18f92fa-12b7-4a2f-b68e-0662a6435c1d,dlsu,"Values & Identity",dlsu,116,2026-05-10T04:42:18.703Z
f18f92fa-12b7-4a2f-b68e-0662a6435c1d,dlsu,"Values & Identity",up,39,2026-05-10T04:42:18.703Z
f18f92fa-12b7-4a2f-b68e-0662a6435c1d,dlsu,"Values & Identity",ust,49,2026-05-10T04:42:18.703Z
30b0a598-f9ce-4842-9aa0-8641949136f9,up,"Academic Experience",admu,42,2026-05-10T07:34:18.720Z
30b0a598-f9ce-4842-9aa0-8641949136f9,up,"Academic Experience",dlsu,18,2026-05-10T07:34:18.720Z
30b0a598-f9ce-4842-9aa0-8641949136f9,up,"Academic Experience",up,140,2026-05-10T07:34:18.720Z
30b0a598-f9ce-4842-9aa0-8641949136f9,up,"Academic Experience",ust,16,2026-05-10T07:34:18.720Z
30b0a598-f9ce-4842-9aa0-8641949136f9,up,"Social & Cultural Fit",admu,35,2026-05-10T07:34:18.720Z
30b0a598-f9ce-4842-9aa0-8641949136f9,up,"Social & Cultural Fit",dlsu,24,2026-05-10T07:34:18.720Z
30b0a598-f9ce-4842-9aa0-8641949136f9,up,"Social & Cultural Fit",up,112,2026-05-10T07:34:18.720Z
30b0a598-f9ce-4842-9aa0-8641949136f9,up,"Social & Cultural Fit",ust,89,2026-05-10T07:34:18.720Z
30b0a598-f9ce-4842-9aa0-8641949136f9,up,"Campus Life",admu,68,2026-05-10T07:34:18.720Z
30b0a598-f9ce-4842-9aa0-8641949136f9,up,"Campus Life",dlsu,54,2026-05-10T07:34:18.720Z
30b0a598-f9ce-4842-9aa0-8641949136f9,up,"Campus Life",up,157,2026-05-10T07:34:18.720Z
30b0a598-f9ce-4842-9aa0-8641949136f9,up,"Campus Life",ust,107,2026-05-10T07:34:18.720Z
30b0a598-f9ce-4842-9aa0-8641949136f9,up,"Values & Identity",admu,68,2026-05-10T07:34:18.720Z
30b0a598-f9ce-4842-9aa0-8641949136f9,up,"Values & Identity",dlsu,61,2026-05-10T07:34:18.720Z
30b0a598-f9ce-4842-9aa0-8641949136f9,up,"Values & Identity",up,102,2026-05-10T07:34:18.720Z
30b0a598-f9ce-4842-9aa0-8641949136f9,up,"Values & Identity",ust,36,2026-05-10T07:34:18.720Z
f48b429e-7915-458e-a9e7-6e027dc22ba2,dlsu,"Academic Experience",admu,53,2026-05-10T17:18:04.270Z
f48b429e-7915-458e-a9e7-6e027dc22ba2,dlsu,"Academic Experience",dlsu,124,2026-05-10T17:18:04.270Z
f48b429e-7915-458e-a9e7-6e027dc22ba2,dlsu,"Academic Experience",up,6,2026-05-10T17:18:04.270Z
f48b429e-7915-458e-a9e7-6e027dc22ba2,dlsu,"Academic Experience",ust,31,2026-05-10T17:18:04.270Z
f48b429e-7915-458e-a9e7-6e027dc22ba2,dlsu,"Social & Cultural Fit",admu,69,2026-05-10T17:18:04.270Z
f48b429e-7915-458e-a9e7-6e027dc22ba2,dlsu,"Social & Cultural Fit",dlsu,93,2026-05-10T17:18:04.270Z
f48b429e-7915-458e-a9e7-6e027dc22ba2,dlsu,"Social & Cultural Fit",up,58,2026-05-10T17:18:04.270Z
f48b429e-7915-458e-a9e7-6e027dc22ba2,dlsu,"Social & Cultural Fit",ust,70,2026-05-10T17:18:04.270Z
f48b429e-7915-458e-a9e7-6e027dc22ba2,dlsu,"Campus Life",admu,72,2026-05-10T17:18:04.270Z
f48b429e-7915-458e-a9e7-6e027dc22ba2,dlsu,"Campus Life",dlsu,144,2026-05-10T17:18:04.270Z
f48b429e-7915-458e-a9e7-6e027dc22ba2,dlsu,"Campus Life",up,80,2026-05-10T17:18:04.270Z
f48b429e-7915-458e-a9e7-6e027dc22ba2,dlsu,"Campus Life",ust,75,2026-05-10T17:18:04.270Z
f48b429e-7915-458e-a9e7-6e027dc22ba2,dlsu,"Values & Identity",admu,62,2026-05-10T17:18:04.270Z
f48b429e-7915-458e-a9e7-6e027dc22ba2,dlsu,"Values & Identity",dlsu,99,2026-05-10T17:18:04.270Z
f48b429e-7915-458e-a9e7-6e027dc22ba2,dlsu,"Values & Identity",up,58,2026-05-10T17:18:04.270Z
f48b429e-7915-458e-a9e7-6e027dc22ba2,dlsu,"Values & Identity",ust,44,2026-05-10T17:18:04.270Z
22743113-bbf3-40d0-abfc-6218cb035bfb,admu,"Academic Experience",admu,92,2026-05-11T02:35:40.162Z
22743113-bbf3-40d0-abfc-6218cb035bfb,admu,"Academic Experience",dlsu,47,2026-05-11T02:35:40.162Z
22743113-bbf3-40d0-abfc-6218cb035bfb,admu,"Academic Experience",up,67,2026-05-11T02:35:40.162Z
22743113-bbf3-40d0-abfc-6218cb035bfb,admu,"Academic Experience",ust,18,2026-05-11T02:35:40.162Z
22743113-bbf3-40d0-abfc-6218cb035bfb,admu,"Social & Cultural Fit",admu,43,2026-05-11T02:35:40.162Z
22743113-bbf3-40d0-abfc-6218cb035bfb,admu,"Social & Cultural Fit",dlsu,56,2026-05-11T02:35:40.162Z
22743113-bbf3-40d0-abfc-6218cb035bfb,admu,"Social & Cultural Fit",up,100,2026-05-11T02:35:40.162Z
22743113-bbf3-40d0-abfc-6218cb035bfb,admu,"Social & Cultural Fit",ust,69,2026-05-11T02:35:40.162Z
22743113-bbf3-40d0-abfc-6218cb035bfb,admu,"Campus Life",admu,102,2026-05-11T02:35:40.162Z
22743113-bbf3-40d0-abfc-6218cb035bfb,admu,"Campus Life",dlsu,110,2026-05-11T02:35:40.162Z
22743113-bbf3-40d0-abfc-6218cb035bfb,admu,"Campus Life",up,79,2026-05-11T02:35:40.162Z
22743113-bbf3-40d0-abfc-6218cb035bfb,admu,"Campus Life",ust,70,2026-05-11T02:35:40.162Z
22743113-bbf3-40d0-abfc-6218cb035bfb,admu,"Values & Identity",admu,86,2026-05-11T02:35:40.162Z
22743113-bbf3-40d0-abfc-6218cb035bfb,admu,"Values & Identity",dlsu,57,2026-05-11T02:35:40.162Z
22743113-bbf3-40d0-abfc-6218cb035bfb,admu,"Values & Identity",up,97,2026-05-11T02:35:40.162Z
22743113-bbf3-40d0-abfc-6218cb035bfb,admu,"Values & Identity",ust,45,2026-05-11T02:35:40.162Z
079f1479-2630-4f16-b2f2-5a31f9fba6f7,ust,"Academic Experience",admu,46,2026-05-11T07:18:10.235Z
079f1479-2630-4f16-b2f2-5a31f9fba6f7,ust,"Academic Experience",dlsu,36,2026-05-11T07:18:10.235Z
079f1479-2630-4f16-b2f2-5a31f9fba6f7,ust,"Academic Experience",up,30,2026-05-11T07:18:10.235Z
079f1479-2630-4f16-b2f2-5a31f9fba6f7,ust,"Academic Experience",ust,83,2026-05-11T07:18:10.235Z
079f1479-2630-4f16-b2f2-5a31f9fba6f7,ust,"Social & Cultural Fit",admu,58,2026-05-11T07:18:10.235Z
079f1479-2630-4f16-b2f2-5a31f9fba6f7,ust,"Social & Cultural Fit",dlsu,39,2026-05-11T07:18:10.235Z
079f1479-2630-4f16-b2f2-5a31f9fba6f7,ust,"Social & Cultural Fit",up,108,2026-05-11T07:18:10.235Z
079f1479-2630-4f16-b2f2-5a31f9fba6f7,ust,"Social & Cultural Fit",ust,112,2026-05-11T07:18:10.235Z
079f1479-2630-4f16-b2f2-5a31f9fba6f7,ust,"Campus Life",admu,67,2026-05-11T07:18:10.235Z
079f1479-2630-4f16-b2f2-5a31f9fba6f7,ust,"Campus Life",dlsu,75,2026-05-11T07:18:10.235Z
079f1479-2630-4f16-b2f2-5a31f9fba6f7,ust,"Campus Life",up,125,2026-05-11T07:18:10.235Z
079f1479-2630-4f16-b2f2-5a31f9fba6f7,ust,"Campus Life",ust,123,2026-05-11T07:18:10.235Z
079f1479-2630-4f16-b2f2-5a31f9fba6f7,ust,"Values & Identity",admu,76,2026-05-11T07:18:10.235Z
079f1479-2630-4f16-b2f2-5a31f9fba6f7,ust,"Values & Identity",dlsu,62,2026-05-11T07:18:10.235Z
079f1479-2630-4f16-b2f2-5a31f9fba6f7,ust,"Values & Identity",up,73,2026-05-11T07:18:10.235Z
079f1479-2630-4f16-b2f2-5a31f9fba6f7,ust,"Values & Identity",ust,80,2026-05-11T07:18:10.235Z
1a987e9e-6f56-4041-b73d-bb1d2e952058,dlsu,"Academic Experience",admu,53,2026-05-11T09:52:18.369Z
1a987e9e-6f56-4041-b73d-bb1d2e952058,dlsu,"Academic Experience",dlsu,124,2026-05-11T09:52:18.369Z
1a987e9e-6f56-4041-b73d-bb1d2e952058,dlsu,"Academic Experience",up,6,2026-05-11T09:52:18.369Z
1a987e9e-6f56-4041-b73d-bb1d2e952058,dlsu,"Academic Experience",ust,31,2026-05-11T09:52:18.369Z
1a987e9e-6f56-4041-b73d-bb1d2e952058,dlsu,"Social & Cultural Fit",admu,91,2026-05-11T09:52:18.369Z
1a987e9e-6f56-4041-b73d-bb1d2e952058,dlsu,"Social & Cultural Fit",dlsu,95,2026-05-11T09:52:18.369Z
1a987e9e-6f56-4041-b73d-bb1d2e952058,dlsu,"Social & Cultural Fit",up,66,2026-05-11T09:52:18.369Z
1a987e9e-6f56-4041-b73d-bb1d2e952058,dlsu,"Social & Cultural Fit",ust,66,2026-05-11T09:52:18.369Z
1a987e9e-6f56-4041-b73d-bb1d2e952058,dlsu,"Campus Life",admu,89,2026-05-11T09:52:18.369Z
1a987e9e-6f56-4041-b73d-bb1d2e952058,dlsu,"Campus Life",dlsu,159,2026-05-11T09:52:18.369Z
1a987e9e-6f56-4041-b73d-bb1d2e952058,dlsu,"Campus Life",up,47,2026-05-11T09:52:18.369Z
1a987e9e-6f56-4041-b73d-bb1d2e952058,dlsu,"Campus Life",ust,68,2026-05-11T09:52:18.369Z
1a987e9e-6f56-4041-b73d-bb1d2e952058,dlsu,"Values & Identity",admu,66,2026-05-11T09:52:18.369Z
1a987e9e-6f56-4041-b73d-bb1d2e952058,dlsu,"Values & Identity",dlsu,116,2026-05-11T09:52:18.369Z
1a987e9e-6f56-4041-b73d-bb1d2e952058,dlsu,"Values & Identity",up,39,2026-05-11T09:52:18.369Z
1a987e9e-6f56-4041-b73d-bb1d2e952058,dlsu,"Values & Identity",ust,49,2026-05-11T09:52:18.369Z
1bbc0b4d-f2ef-4e1e-bdb8-dde20fcc144a,dlsu,"Academic Experience",admu,38,2026-05-11T15:19:35.910Z
1bbc0b4d-f2ef-4e1e-bdb8-dde20fcc144a,dlsu,"Academic Experience",dlsu,97,2026-05-11T15:19:35.910Z
1bbc0b4d-f2ef-4e1e-bdb8-dde20fcc144a,dlsu,"Academic Experience",up,46,2026-05-11T15:19:35.910Z
1bbc0b4d-f2ef-4e1e-bdb8-dde20fcc144a,dlsu,"Academic Experience",ust,28,2026-05-11T15:19:35.910Z
1bbc0b4d-f2ef-4e1e-bdb8-dde20fcc144a,dlsu,"Social & Cultural Fit",admu,83,2026-05-11T15:19:35.910Z
1bbc0b4d-f2ef-4e1e-bdb8-dde20fcc144a,dlsu,"Social & Cultural Fit",dlsu,93,2026-05-11T15:19:35.910Z
1bbc0b4d-f2ef-4e1e-bdb8-dde20fcc144a,dlsu,"Social & Cultural Fit",up,65,2026-05-11T15:19:35.910Z
1bbc0b4d-f2ef-4e1e-bdb8-dde20fcc144a,dlsu,"Social & Cultural Fit",ust,61,2026-05-11T15:19:35.910Z
1bbc0b4d-f2ef-4e1e-bdb8-dde20fcc144a,dlsu,"Campus Life",admu,84,2026-05-11T15:19:35.910Z
1bbc0b4d-f2ef-4e1e-bdb8-dde20fcc144a,dlsu,"Campus Life",dlsu,127,2026-05-11T15:19:35.910Z
1bbc0b4d-f2ef-4e1e-bdb8-dde20fcc144a,dlsu,"Campus Life",up,88,2026-05-11T15:19:35.910Z
1bbc0b4d-f2ef-4e1e-bdb8-dde20fcc144a,dlsu,"Campus Life",ust,81,2026-05-11T15:19:35.910Z
1bbc0b4d-f2ef-4e1e-bdb8-dde20fcc144a,dlsu,"Values & Identity",admu,66,2026-05-11T15:19:35.910Z
1bbc0b4d-f2ef-4e1e-bdb8-dde20fcc144a,dlsu,"Values & Identity",dlsu,116,2026-05-11T15:19:35.910Z
1bbc0b4d-f2ef-4e1e-bdb8-dde20fcc144a,dlsu,"Values & Identity",up,39,2026-05-11T15:19:35.910Z
1bbc0b4d-f2ef-4e1e-bdb8-dde20fcc144a,dlsu,"Values & Identity",ust,49,2026-05-11T15:19:35.910Z
ef78bdbf-8e1d-4414-94de-be6613c5c5bf,admu,"Academic Experience",admu,96,2026-05-12T10:17:06.067Z
ef78bdbf-8e1d-4414-94de-be6613c5c5bf,admu,"Academic Experience",dlsu,61,2026-05-12T10:17:06.067Z
ef78bdbf-8e1d-4414-94de-be6613c5c5bf,admu,"Academic Experience",up,17,2026-05-12T10:17:06.067Z
ef78bdbf-8e1d-4414-94de-be6613c5c5bf,admu,"Academic Experience",ust,37,2026-05-12T10:17:06.067Z
ef78bdbf-8e1d-4414-94de-be6613c5c5bf,admu,"Social & Cultural Fit",admu,99,2026-05-12T10:17:06.067Z
ef78bdbf-8e1d-4414-94de-be6613c5c5bf,admu,"Social & Cultural Fit",dlsu,85,2026-05-12T10:17:06.067Z
ef78bdbf-8e1d-4414-94de-be6613c5c5bf,admu,"Social & Cultural Fit",up,28,2026-05-12T10:17:06.067Z
ef78bdbf-8e1d-4414-94de-be6613c5c5bf,admu,"Social & Cultural Fit",ust,39,2026-05-12T10:17:06.067Z
ef78bdbf-8e1d-4414-94de-be6613c5c5bf,admu,"Campus Life",admu,94,2026-05-12T10:17:06.067Z
ef78bdbf-8e1d-4414-94de-be6613c5c5bf,admu,"Campus Life",dlsu,114,2026-05-12T10:17:06.067Z
ef78bdbf-8e1d-4414-94de-be6613c5c5bf,admu,"Campus Life",up,60,2026-05-12T10:17:06.067Z
ef78bdbf-8e1d-4414-94de-be6613c5c5bf,admu,"Campus Life",ust,94,2026-05-12T10:17:06.067Z
ef78bdbf-8e1d-4414-94de-be6613c5c5bf,admu,"Values & Identity",admu,111,2026-05-12T10:17:06.067Z
ef78bdbf-8e1d-4414-94de-be6613c5c5bf,admu,"Values & Identity",dlsu,68,2026-05-12T10:17:06.067Z
ef78bdbf-8e1d-4414-94de-be6613c5c5bf,admu,"Values & Identity",up,60,2026-05-12T10:17:06.067Z
ef78bdbf-8e1d-4414-94de-be6613c5c5bf,admu,"Values & Identity",ust,38,2026-05-12T10:17:06.067Z
e8110c5d-6a43-494d-b2f0-d450a2001706,up,"Academic Experience",admu,42,2026-05-12T12:09:11.585Z
e8110c5d-6a43-494d-b2f0-d450a2001706,up,"Academic Experience",dlsu,18,2026-05-12T12:09:11.585Z
e8110c5d-6a43-494d-b2f0-d450a2001706,up,"Academic Experience",up,140,2026-05-12T12:09:11.585Z
e8110c5d-6a43-494d-b2f0-d450a2001706,up,"Academic Experience",ust,16,2026-05-12T12:09:11.585Z
e8110c5d-6a43-494d-b2f0-d450a2001706,up,"Social & Cultural Fit",admu,50,2026-05-12T12:09:11.585Z
e8110c5d-6a43-494d-b2f0-d450a2001706,up,"Social & Cultural Fit",dlsu,43,2026-05-12T12:09:11.585Z
e8110c5d-6a43-494d-b2f0-d450a2001706,up,"Social & Cultural Fit",up,108,2026-05-12T12:09:11.585Z
e8110c5d-6a43-494d-b2f0-d450a2001706,up,"Social & Cultural Fit",ust,68,2026-05-12T12:09:11.585Z
e8110c5d-6a43-494d-b2f0-d450a2001706,up,"Campus Life",admu,69,2026-05-12T12:09:11.585Z
e8110c5d-6a43-494d-b2f0-d450a2001706,up,"Campus Life",dlsu,63,2026-05-12T12:09:11.585Z
e8110c5d-6a43-494d-b2f0-d450a2001706,up,"Campus Life",up,120,2026-05-12T12:09:11.585Z
e8110c5d-6a43-494d-b2f0-d450a2001706,up,"Campus Life",ust,109,2026-05-12T12:09:11.585Z
e8110c5d-6a43-494d-b2f0-d450a2001706,up,"Values & Identity",admu,68,2026-05-12T12:09:11.585Z
e8110c5d-6a43-494d-b2f0-d450a2001706,up,"Values & Identity",dlsu,61,2026-05-12T12:09:11.585Z
e8110c5d-6a43-494d-b2f0-d450a2001706,up,"Values & Identity",up,102,2026-05-12T12:09:11.585Z
e8110c5d-6a43-494d-b2f0-d450a2001706,up,"Values & Identity",ust,36,2026-05-12T12:09:11.585Z
15aec476-a030-4e0f-bbc1-f8ccf373e910,admu,"Academic Experience",admu,113,2026-05-12T23:40:28.312Z
15aec476-a030-4e0f-bbc1-f8ccf373e910,admu,"Academic Experience",dlsu,43,2026-05-12T23:40:28.312Z
15aec476-a030-4e0f-bbc1-f8ccf373e910,admu,"Academic Experience",up,37,2026-05-12T23:40:28.312Z
15aec476-a030-4e0f-bbc1-f8ccf373e910,admu,"Academic Experience",ust,34,2026-05-12T23:40:28.312Z
15aec476-a030-4e0f-bbc1-f8ccf373e910,admu,"Social & Cultural Fit",admu,82,2026-05-12T23:40:28.312Z
15aec476-a030-4e0f-bbc1-f8ccf373e910,admu,"Social & Cultural Fit",dlsu,72,2026-05-12T23:40:28.312Z
15aec476-a030-4e0f-bbc1-f8ccf373e910,admu,"Social & Cultural Fit",up,44,2026-05-12T23:40:28.312Z
15aec476-a030-4e0f-bbc1-f8ccf373e910,admu,"Social & Cultural Fit",ust,39,2026-05-12T23:40:28.312Z
15aec476-a030-4e0f-bbc1-f8ccf373e910,admu,"Campus Life",admu,140,2026-05-12T23:40:28.312Z
15aec476-a030-4e0f-bbc1-f8ccf373e910,admu,"Campus Life",dlsu,102,2026-05-12T23:40:28.312Z
15aec476-a030-4e0f-bbc1-f8ccf373e910,admu,"Campus Life",up,73,2026-05-12T23:40:28.312Z
15aec476-a030-4e0f-bbc1-f8ccf373e910,admu,"Campus Life",ust,53,2026-05-12T23:40:28.312Z
15aec476-a030-4e0f-bbc1-f8ccf373e910,admu,"Values & Identity",admu,102,2026-05-12T23:40:28.312Z
15aec476-a030-4e0f-bbc1-f8ccf373e910,admu,"Values & Identity",dlsu,63,2026-05-12T23:40:28.312Z
15aec476-a030-4e0f-bbc1-f8ccf373e910,admu,"Values & Identity",up,74,2026-05-12T23:40:28.312Z
15aec476-a030-4e0f-bbc1-f8ccf373e910,admu,"Values & Identity",ust,42,2026-05-12T23:40:28.312Z
e1d46013-7533-46f2-a785-fe43b4fea0ae,admu,"Academic Experience",admu,97,2026-05-13T01:11:51.757Z
e1d46013-7533-46f2-a785-fe43b4fea0ae,admu,"Academic Experience",dlsu,37,2026-05-13T01:11:51.757Z
e1d46013-7533-46f2-a785-fe43b4fea0ae,admu,"Academic Experience",up,34,2026-05-13T01:11:51.757Z
e1d46013-7533-46f2-a785-fe43b4fea0ae,admu,"Academic Experience",ust,48,2026-05-13T01:11:51.757Z
e1d46013-7533-46f2-a785-fe43b4fea0ae,admu,"Social & Cultural Fit",admu,110,2026-05-13T01:11:51.757Z
e1d46013-7533-46f2-a785-fe43b4fea0ae,admu,"Social & Cultural Fit",dlsu,116,2026-05-13T01:11:51.757Z
e1d46013-7533-46f2-a785-fe43b4fea0ae,admu,"Social & Cultural Fit",up,34,2026-05-13T01:11:51.757Z
e1d46013-7533-46f2-a785-fe43b4fea0ae,admu,"Social & Cultural Fit",ust,45,2026-05-13T01:11:51.757Z
e1d46013-7533-46f2-a785-fe43b4fea0ae,admu,"Campus Life",admu,133,2026-05-13T01:11:51.757Z
e1d46013-7533-46f2-a785-fe43b4fea0ae,admu,"Campus Life",dlsu,92,2026-05-13T01:11:51.757Z
e1d46013-7533-46f2-a785-fe43b4fea0ae,admu,"Campus Life",up,89,2026-05-13T01:11:51.757Z
e1d46013-7533-46f2-a785-fe43b4fea0ae,admu,"Campus Life",ust,71,2026-05-13T01:11:51.757Z
e1d46013-7533-46f2-a785-fe43b4fea0ae,admu,"Values & Identity",admu,118,2026-05-13T01:11:51.757Z
e1d46013-7533-46f2-a785-fe43b4fea0ae,admu,"Values & Identity",dlsu,49,2026-05-13T01:11:51.757Z
e1d46013-7533-46f2-a785-fe43b4fea0ae,admu,"Values & Identity",up,74,2026-05-13T01:11:51.757Z
e1d46013-7533-46f2-a785-fe43b4fea0ae,admu,"Values & Identity",ust,26,2026-05-13T01:11:51.757Z
abf247cf-9311-4e6c-8fe4-192208a5742c,up,"Academic Experience",admu,32,2026-05-13T06:59:53.696Z
abf247cf-9311-4e6c-8fe4-192208a5742c,up,"Academic Experience",dlsu,33,2026-05-13T06:59:53.696Z
abf247cf-9311-4e6c-8fe4-192208a5742c,up,"Academic Experience",up,102,2026-05-13T06:59:53.696Z
abf247cf-9311-4e6c-8fe4-192208a5742c,up,"Academic Experience",ust,36,2026-05-13T06:59:53.696Z
abf247cf-9311-4e6c-8fe4-192208a5742c,up,"Social & Cultural Fit",admu,56,2026-05-13T06:59:53.696Z
abf247cf-9311-4e6c-8fe4-192208a5742c,up,"Social & Cultural Fit",dlsu,37,2026-05-13T06:59:53.696Z
abf247cf-9311-4e6c-8fe4-192208a5742c,up,"Social & Cultural Fit",up,124,2026-05-13T06:59:53.696Z
abf247cf-9311-4e6c-8fe4-192208a5742c,up,"Social & Cultural Fit",ust,84,2026-05-13T06:59:53.696Z
abf247cf-9311-4e6c-8fe4-192208a5742c,up,"Campus Life",admu,85,2026-05-13T06:59:53.696Z
abf247cf-9311-4e6c-8fe4-192208a5742c,up,"Campus Life",dlsu,68,2026-05-13T06:59:53.696Z
abf247cf-9311-4e6c-8fe4-192208a5742c,up,"Campus Life",up,153,2026-05-13T06:59:53.696Z
abf247cf-9311-4e6c-8fe4-192208a5742c,up,"Campus Life",ust,86,2026-05-13T06:59:53.696Z
abf247cf-9311-4e6c-8fe4-192208a5742c,up,"Values & Identity",admu,59,2026-05-13T06:59:53.696Z
abf247cf-9311-4e6c-8fe4-192208a5742c,up,"Values & Identity",dlsu,38,2026-05-13T06:59:53.696Z
abf247cf-9311-4e6c-8fe4-192208a5742c,up,"Values & Identity",up,136,2026-05-13T06:59:53.696Z
abf247cf-9311-4e6c-8fe4-192208a5742c,up,"Values & Identity",ust,32,2026-05-13T06:59:53.696Z
3ee2fc41-53ec-4b08-863b-d11362906952,admu,"Academic Experience",admu,101,2026-05-13T07:41:43.473Z
3ee2fc41-53ec-4b08-863b-d11362906952,admu,"Academic Experience",dlsu,38,2026-05-13T07:41:43.473Z
3ee2fc41-53ec-4b08-863b-d11362906952,admu,"Academic Experience",up,41,2026-05-13T07:41:43.473Z
3ee2fc41-53ec-4b08-863b-d11362906952,admu,"Academic Experience",ust,32,2026-05-13T07:41:43.473Z
3ee2fc41-53ec-4b08-863b-d11362906952,admu,"Social & Cultural Fit",admu,104,2026-05-13T07:41:43.473Z
3ee2fc41-53ec-4b08-863b-d11362906952,admu,"Social & Cultural Fit",dlsu,99,2026-05-13T07:41:43.473Z
3ee2fc41-53ec-4b08-863b-d11362906952,admu,"Social & Cultural Fit",up,33,2026-05-13T07:41:43.473Z
3ee2fc41-53ec-4b08-863b-d11362906952,admu,"Social & Cultural Fit",ust,51,2026-05-13T07:41:43.473Z
3ee2fc41-53ec-4b08-863b-d11362906952,admu,"Campus Life",admu,131,2026-05-13T07:41:43.473Z
3ee2fc41-53ec-4b08-863b-d11362906952,admu,"Campus Life",dlsu,100,2026-05-13T07:41:43.473Z
3ee2fc41-53ec-4b08-863b-d11362906952,admu,"Campus Life",up,83,2026-05-13T07:41:43.473Z
3ee2fc41-53ec-4b08-863b-d11362906952,admu,"Campus Life",ust,64,2026-05-13T07:41:43.473Z
3ee2fc41-53ec-4b08-863b-d11362906952,admu,"Values & Identity",admu,116,2026-05-13T07:41:43.473Z
3ee2fc41-53ec-4b08-863b-d11362906952,admu,"Values & Identity",dlsu,57,2026-05-13T07:41:43.473Z
3ee2fc41-53ec-4b08-863b-d11362906952,admu,"Values & Identity",up,73,2026-05-13T07:41:43.473Z
3ee2fc41-53ec-4b08-863b-d11362906952,admu,"Values & Identity",ust,45,2026-05-13T07:41:43.473Z
2132e17a-bb66-4d8c-9a0f-f4f6a2828b22,ust,"Academic Experience",admu,24,2026-05-13T09:53:18.217Z
2132e17a-bb66-4d8c-9a0f-f4f6a2828b22,ust,"Academic Experience",dlsu,21,2026-05-13T09:53:18.217Z
2132e17a-bb66-4d8c-9a0f-f4f6a2828b22,ust,"Academic Experience",up,50,2026-05-13T09:53:18.217Z
2132e17a-bb66-4d8c-9a0f-f4f6a2828b22,ust,"Academic Experience",ust,83,2026-05-13T09:53:18.217Z
2132e17a-bb66-4d8c-9a0f-f4f6a2828b22,ust,"Social & Cultural Fit",admu,46,2026-05-13T09:53:18.217Z
2132e17a-bb66-4d8c-9a0f-f4f6a2828b22,ust,"Social & Cultural Fit",dlsu,47,2026-05-13T09:53:18.217Z
2132e17a-bb66-4d8c-9a0f-f4f6a2828b22,ust,"Social & Cultural Fit",up,87,2026-05-13T09:53:18.217Z
2132e17a-bb66-4d8c-9a0f-f4f6a2828b22,ust,"Social & Cultural Fit",ust,57,2026-05-13T09:53:18.217Z
2132e17a-bb66-4d8c-9a0f-f4f6a2828b22,ust,"Campus Life",admu,100,2026-05-13T09:53:18.217Z
2132e17a-bb66-4d8c-9a0f-f4f6a2828b22,ust,"Campus Life",dlsu,71,2026-05-13T09:53:18.217Z
2132e17a-bb66-4d8c-9a0f-f4f6a2828b22,ust,"Campus Life",up,90,2026-05-13T09:53:18.217Z
2132e17a-bb66-4d8c-9a0f-f4f6a2828b22,ust,"Campus Life",ust,111,2026-05-13T09:53:18.217Z
2132e17a-bb66-4d8c-9a0f-f4f6a2828b22,ust,"Values & Identity",admu,73,2026-05-13T09:53:18.217Z
2132e17a-bb66-4d8c-9a0f-f4f6a2828b22,ust,"Values & Identity",dlsu,60,2026-05-13T09:53:18.217Z
2132e17a-bb66-4d8c-9a0f-f4f6a2828b22,ust,"Values & Identity",up,52,2026-05-13T09:53:18.217Z
2132e17a-bb66-4d8c-9a0f-f4f6a2828b22,ust,"Values & Identity",ust,79,2026-05-13T09:53:18.217Z
617779b5-317c-4a43-bd8b-98ebb91ab635,dlsu,"Academic Experience",admu,41,2026-05-13T15:02:42.009Z
617779b5-317c-4a43-bd8b-98ebb91ab635,dlsu,"Academic Experience",dlsu,119,2026-05-13T15:02:42.009Z
617779b5-317c-4a43-bd8b-98ebb91ab635,dlsu,"Academic Experience",up,10,2026-05-13T15:02:42.009Z
617779b5-317c-4a43-bd8b-98ebb91ab635,dlsu,"Academic Experience",ust,29,2026-05-13T15:02:42.009Z
617779b5-317c-4a43-bd8b-98ebb91ab635,dlsu,"Social & Cultural Fit",admu,93,2026-05-13T15:02:42.009Z
617779b5-317c-4a43-bd8b-98ebb91ab635,dlsu,"Social & Cultural Fit",dlsu,111,2026-05-13T15:02:42.009Z
617779b5-317c-4a43-bd8b-98ebb91ab635,dlsu,"Social & Cultural Fit",up,45,2026-05-13T15:02:42.009Z
617779b5-317c-4a43-bd8b-98ebb91ab635,dlsu,"Social & Cultural Fit",ust,57,2026-05-13T15:02:42.009Z
617779b5-317c-4a43-bd8b-98ebb91ab635,dlsu,"Campus Life",admu,76,2026-05-13T15:02:42.009Z
617779b5-317c-4a43-bd8b-98ebb91ab635,dlsu,"Campus Life",dlsu,150,2026-05-13T15:02:42.009Z
617779b5-317c-4a43-bd8b-98ebb91ab635,dlsu,"Campus Life",up,63,2026-05-13T15:02:42.009Z
617779b5-317c-4a43-bd8b-98ebb91ab635,dlsu,"Campus Life",ust,88,2026-05-13T15:02:42.009Z
617779b5-317c-4a43-bd8b-98ebb91ab635,dlsu,"Values & Identity",admu,76,2026-05-13T15:02:42.009Z
617779b5-317c-4a43-bd8b-98ebb91ab635,dlsu,"Values & Identity",dlsu,84,2026-05-13T15:02:42.009Z
617779b5-317c-4a43-bd8b-98ebb91ab635,dlsu,"Values & Identity",up,63,2026-05-13T15:02:42.009Z
617779b5-317c-4a43-bd8b-98ebb91ab635,dlsu,"Values & Identity",ust,47,2026-05-13T15:02:42.009Z
15014793-aa48-4e61-850d-2c25c238350e,up,"Academic Experience",admu,41,2026-05-13T18:49:57.151Z
15014793-aa48-4e61-850d-2c25c238350e,up,"Academic Experience",dlsu,18,2026-05-13T18:49:57.151Z
15014793-aa48-4e61-850d-2c25c238350e,up,"Academic Experience",up,120,2026-05-13T18:49:57.151Z
15014793-aa48-4e61-850d-2c25c238350e,up,"Academic Experience",ust,33,2026-05-13T18:49:57.151Z
15014793-aa48-4e61-850d-2c25c238350e,up,"Social & Cultural Fit",admu,39,2026-05-13T18:49:57.151Z
15014793-aa48-4e61-850d-2c25c238350e,up,"Social & Cultural Fit",dlsu,29,2026-05-13T18:49:57.151Z
15014793-aa48-4e61-850d-2c25c238350e,up,"Social & Cultural Fit",up,130,2026-05-13T18:49:57.151Z
15014793-aa48-4e61-850d-2c25c238350e,up,"Social & Cultural Fit",ust,97,2026-05-13T18:49:57.151Z
15014793-aa48-4e61-850d-2c25c238350e,up,"Campus Life",admu,74,2026-05-13T18:49:57.151Z
15014793-aa48-4e61-850d-2c25c238350e,up,"Campus Life",dlsu,57,2026-05-13T18:49:57.151Z
15014793-aa48-4e61-850d-2c25c238350e,up,"Campus Life",up,156,2026-05-13T18:49:57.151Z
15014793-aa48-4e61-850d-2c25c238350e,up,"Campus Life",ust,79,2026-05-13T18:49:57.151Z
15014793-aa48-4e61-850d-2c25c238350e,up,"Values & Identity",admu,50,2026-05-13T18:49:57.151Z
15014793-aa48-4e61-850d-2c25c238350e,up,"Values & Identity",dlsu,55,2026-05-13T18:49:57.151Z
15014793-aa48-4e61-850d-2c25c238350e,up,"Values & Identity",up,110,2026-05-13T18:49:57.151Z
15014793-aa48-4e61-850d-2c25c238350e,up,"Values & Identity",ust,46,2026-05-13T18:49:57.151Z
841fb928-b008-4028-9723-df3ef9e12363,admu,"Academic Experience",admu,113,2026-05-14T04:40:21.790Z
841fb928-b008-4028-9723-df3ef9e12363,admu,"Academic Experience",dlsu,43,2026-05-14T04:40:21.790Z
841fb928-b008-4028-9723-df3ef9e12363,admu,"Academic Experience",up,37,2026-05-14T04:40:21.790Z
841fb928-b008-4028-9723-df3ef9e12363,admu,"Academic Experience",ust,34,2026-05-14T04:40:21.790Z
841fb928-b008-4028-9723-df3ef9e12363,admu,"Social & Cultural Fit",admu,98,2026-05-14T04:40:21.790Z
841fb928-b008-4028-9723-df3ef9e12363,admu,"Social & Cultural Fit",dlsu,117,2026-05-14T04:40:21.790Z
841fb928-b008-4028-9723-df3ef9e12363,admu,"Social & Cultural Fit",up,32,2026-05-14T04:40:21.790Z
841fb928-b008-4028-9723-df3ef9e12363,admu,"Social & Cultural Fit",ust,59,2026-05-14T04:40:21.790Z
841fb928-b008-4028-9723-df3ef9e12363,admu,"Campus Life",admu,119,2026-05-14T04:40:21.790Z
841fb928-b008-4028-9723-df3ef9e12363,admu,"Campus Life",dlsu,91,2026-05-14T04:40:21.790Z
841fb928-b008-4028-9723-df3ef9e12363,admu,"Campus Life",up,109,2026-05-14T04:40:21.790Z
841fb928-b008-4028-9723-df3ef9e12363,admu,"Campus Life",ust,79,2026-05-14T04:40:21.790Z
841fb928-b008-4028-9723-df3ef9e12363,admu,"Values & Identity",admu,98,2026-05-14T04:40:21.790Z
841fb928-b008-4028-9723-df3ef9e12363,admu,"Values & Identity",dlsu,43,2026-05-14T04:40:21.790Z
841fb928-b008-4028-9723-df3ef9e12363,admu,"Values & Identity",up,92,2026-05-14T04:40:21.790Z
841fb928-b008-4028-9723-df3ef9e12363,admu,"Values & Identity",ust,22,2026-05-14T04:40:21.790Z
0124d7b6-dad5-4fb1-b63a-dd2b41c766bf,ust,"Academic Experience",admu,22,2026-05-14T11:00:22.848Z
0124d7b6-dad5-4fb1-b63a-dd2b41c766bf,ust,"Academic Experience",dlsu,20,2026-05-14T11:00:22.848Z
0124d7b6-dad5-4fb1-b63a-dd2b41c766bf,ust,"Academic Experience",up,32,2026-05-14T11:00:22.848Z
0124d7b6-dad5-4fb1-b63a-dd2b41c766bf,ust,"Academic Experience",ust,102,2026-05-14T11:00:22.848Z
0124d7b6-dad5-4fb1-b63a-dd2b41c766bf,ust,"Social & Cultural Fit",admu,63,2026-05-14T11:00:22.848Z
0124d7b6-dad5-4fb1-b63a-dd2b41c766bf,ust,"Social & Cultural Fit",dlsu,62,2026-05-14T11:00:22.848Z
0124d7b6-dad5-4fb1-b63a-dd2b41c766bf,ust,"Social & Cultural Fit",up,90,2026-05-14T11:00:22.848Z
0124d7b6-dad5-4fb1-b63a-dd2b41c766bf,ust,"Social & Cultural Fit",ust,103,2026-05-14T11:00:22.848Z
0124d7b6-dad5-4fb1-b63a-dd2b41c766bf,ust,"Campus Life",admu,66,2026-05-14T11:00:22.848Z
0124d7b6-dad5-4fb1-b63a-dd2b41c766bf,ust,"Campus Life",dlsu,76,2026-05-14T11:00:22.848Z
0124d7b6-dad5-4fb1-b63a-dd2b41c766bf,ust,"Campus Life",up,83,2026-05-14T11:00:22.848Z
0124d7b6-dad5-4fb1-b63a-dd2b41c766bf,ust,"Campus Life",ust,134,2026-05-14T11:00:22.848Z
0124d7b6-dad5-4fb1-b63a-dd2b41c766bf,ust,"Values & Identity",admu,39,2026-05-14T11:00:22.848Z
0124d7b6-dad5-4fb1-b63a-dd2b41c766bf,ust,"Values & Identity",dlsu,55,2026-05-14T11:00:22.848Z
0124d7b6-dad5-4fb1-b63a-dd2b41c766bf,ust,"Values & Identity",up,59,2026-05-14T11:00:22.848Z
0124d7b6-dad5-4fb1-b63a-dd2b41c766bf,ust,"Values & Identity",ust,125,2026-05-14T11:00:22.848Z
e0c51ce1-c33c-4e7b-aff1-5ac652d87034,up,"Academic Experience",admu,45,2026-05-14T13:44:27.476Z
e0c51ce1-c33c-4e7b-aff1-5ac652d87034,up,"Academic Experience",dlsu,34,2026-05-14T13:44:27.476Z
e0c51ce1-c33c-4e7b-aff1-5ac652d87034,up,"Academic Experience",up,124,2026-05-14T13:44:27.476Z
e0c51ce1-c33c-4e7b-aff1-5ac652d87034,up,"Academic Experience",ust,21,2026-05-14T13:44:27.476Z
e0c51ce1-c33c-4e7b-aff1-5ac652d87034,up,"Social & Cultural Fit",admu,67,2026-05-14T13:44:27.476Z
e0c51ce1-c33c-4e7b-aff1-5ac652d87034,up,"Social & Cultural Fit",dlsu,47,2026-05-14T13:44:27.476Z
e0c51ce1-c33c-4e7b-aff1-5ac652d87034,up,"Social & Cultural Fit",up,97,2026-05-14T13:44:27.476Z
e0c51ce1-c33c-4e7b-aff1-5ac652d87034,up,"Social & Cultural Fit",ust,71,2026-05-14T13:44:27.476Z
e0c51ce1-c33c-4e7b-aff1-5ac652d87034,up,"Campus Life",admu,104,2026-05-14T13:44:27.476Z
e0c51ce1-c33c-4e7b-aff1-5ac652d87034,up,"Campus Life",dlsu,68,2026-05-14T13:44:27.476Z
e0c51ce1-c33c-4e7b-aff1-5ac652d87034,up,"Campus Life",up,126,2026-05-14T13:44:27.476Z
e0c51ce1-c33c-4e7b-aff1-5ac652d87034,up,"Campus Life",ust,68,2026-05-14T13:44:27.476Z
e0c51ce1-c33c-4e7b-aff1-5ac652d87034,up,"Values & Identity",admu,60,2026-05-14T13:44:27.476Z
e0c51ce1-c33c-4e7b-aff1-5ac652d87034,up,"Values & Identity",dlsu,45,2026-05-14T13:44:27.476Z
e0c51ce1-c33c-4e7b-aff1-5ac652d87034,up,"Values & Identity",up,112,2026-05-14T13:44:27.476Z
e0c51ce1-c33c-4e7b-aff1-5ac652d87034,up,"Values & Identity",ust,42,2026-05-14T13:44:27.476Z
ee52077f-0dc6-4a98-a63d-f4fe6e30f139,dlsu,"Academic Experience",admu,56,2026-05-14T13:55:41.698Z
ee52077f-0dc6-4a98-a63d-f4fe6e30f139,dlsu,"Academic Experience",dlsu,94,2026-05-14T13:55:41.698Z
ee52077f-0dc6-4a98-a63d-f4fe6e30f139,dlsu,"Academic Experience",up,26,2026-05-14T13:55:41.698Z
ee52077f-0dc6-4a98-a63d-f4fe6e30f139,dlsu,"Academic Experience",ust,42,2026-05-14T13:55:41.698Z
ee52077f-0dc6-4a98-a63d-f4fe6e30f139,dlsu,"Social & Cultural Fit",admu,90,2026-05-14T13:55:41.698Z
ee52077f-0dc6-4a98-a63d-f4fe6e30f139,dlsu,"Social & Cultural Fit",dlsu,118,2026-05-14T13:55:41.698Z
ee52077f-0dc6-4a98-a63d-f4fe6e30f139,dlsu,"Social & Cultural Fit",up,41,2026-05-14T13:55:41.698Z
ee52077f-0dc6-4a98-a63d-f4fe6e30f139,dlsu,"Social & Cultural Fit",ust,66,2026-05-14T13:55:41.698Z
ee52077f-0dc6-4a98-a63d-f4fe6e30f139,dlsu,"Campus Life",admu,73,2026-05-14T13:55:41.698Z
ee52077f-0dc6-4a98-a63d-f4fe6e30f139,dlsu,"Campus Life",dlsu,115,2026-05-14T13:55:41.698Z
ee52077f-0dc6-4a98-a63d-f4fe6e30f139,dlsu,"Campus Life",up,73,2026-05-14T13:55:41.698Z
ee52077f-0dc6-4a98-a63d-f4fe6e30f139,dlsu,"Campus Life",ust,76,2026-05-14T13:55:41.698Z
ee52077f-0dc6-4a98-a63d-f4fe6e30f139,dlsu,"Values & Identity",admu,86,2026-05-14T13:55:41.698Z
ee52077f-0dc6-4a98-a63d-f4fe6e30f139,dlsu,"Values & Identity",dlsu,90,2026-05-14T13:55:41.698Z
ee52077f-0dc6-4a98-a63d-f4fe6e30f139,dlsu,"Values & Identity",up,39,2026-05-14T13:55:41.698Z
ee52077f-0dc6-4a98-a63d-f4fe6e30f139,dlsu,"Values & Identity",ust,49,2026-05-14T13:55:41.698Z
c721da7e-bb43-4894-b9ed-f04f6f79bc2f,admu,"Academic Experience",admu,66,2026-05-14T16:30:04.799Z
c721da7e-bb43-4894-b9ed-f04f6f79bc2f,admu,"Academic Experience",dlsu,73,2026-05-14T16:30:04.799Z
c721da7e-bb43-4894-b9ed-f04f6f79bc2f,admu,"Academic Experience",up,12,2026-05-14T16:30:04.799Z
c721da7e-bb43-4894-b9ed-f04f6f79bc2f,admu,"Academic Experience",ust,54,2026-05-14T16:30:04.799Z
c721da7e-bb43-4894-b9ed-f04f6f79bc2f,admu,"Social & Cultural Fit",admu,91,2026-05-14T16:30:04.799Z
c721da7e-bb43-4894-b9ed-f04f6f79bc2f,admu,"Social & Cultural Fit",dlsu,62,2026-05-14T16:30:04.799Z
c721da7e-bb43-4894-b9ed-f04f6f79bc2f,admu,"Social & Cultural Fit",up,58,2026-05-14T16:30:04.799Z
c721da7e-bb43-4894-b9ed-f04f6f79bc2f,admu,"Social & Cultural Fit",ust,48,2026-05-14T16:30:04.799Z
c721da7e-bb43-4894-b9ed-f04f6f79bc2f,admu,"Campus Life",admu,82,2026-05-14T16:30:04.799Z
c721da7e-bb43-4894-b9ed-f04f6f79bc2f,admu,"Campus Life",dlsu,103,2026-05-14T16:30:04.799Z
c721da7e-bb43-4894-b9ed-f04f6f79bc2f,admu,"Campus Life",up,98,2026-05-14T16:30:04.799Z
c721da7e-bb43-4894-b9ed-f04f6f79bc2f,admu,"Campus Life",ust,82,2026-05-14T16:30:04.799Z
c721da7e-bb43-4894-b9ed-f04f6f79bc2f,admu,"Values & Identity",admu,95,2026-05-14T16:30:04.799Z
c721da7e-bb43-4894-b9ed-f04f6f79bc2f,admu,"Values & Identity",dlsu,94,2026-05-14T16:30:04.799Z
c721da7e-bb43-4894-b9ed-f04f6f79bc2f,admu,"Values & Identity",up,43,2026-05-14T16:30:04.799Z
c721da7e-bb43-4894-b9ed-f04f6f79bc2f,admu,"Values & Identity",ust,34,2026-05-14T16:30:04.799Z
868fc40b-98a4-4bbe-ae6a-305f6213b60a,dlsu,"Academic Experience",admu,53,2026-05-14T16:31:03.233Z
868fc40b-98a4-4bbe-ae6a-305f6213b60a,dlsu,"Academic Experience",dlsu,124,2026-05-14T16:31:03.233Z
868fc40b-98a4-4bbe-ae6a-305f6213b60a,dlsu,"Academic Experience",up,6,2026-05-14T16:31:03.233Z
868fc40b-98a4-4bbe-ae6a-305f6213b60a,dlsu,"Academic Experience",ust,31,2026-05-14T16:31:03.233Z
868fc40b-98a4-4bbe-ae6a-305f6213b60a,dlsu,"Social & Cultural Fit",admu,76,2026-05-14T16:31:03.233Z
868fc40b-98a4-4bbe-ae6a-305f6213b60a,dlsu,"Social & Cultural Fit",dlsu,101,2026-05-14T16:31:03.233Z
868fc40b-98a4-4bbe-ae6a-305f6213b60a,dlsu,"Social & Cultural Fit",up,48,2026-05-14T16:31:03.233Z
868fc40b-98a4-4bbe-ae6a-305f6213b60a,dlsu,"Social & Cultural Fit",ust,60,2026-05-14T16:31:03.233Z
868fc40b-98a4-4bbe-ae6a-305f6213b60a,dlsu,"Campus Life",admu,94,2026-05-14T16:31:03.233Z
868fc40b-98a4-4bbe-ae6a-305f6213b60a,dlsu,"Campus Life",dlsu,158,2026-05-14T16:31:03.233Z
868fc40b-98a4-4bbe-ae6a-305f6213b60a,dlsu,"Campus Life",up,59,2026-05-14T16:31:03.233Z
868fc40b-98a4-4bbe-ae6a-305f6213b60a,dlsu,"Campus Life",ust,67,2026-05-14T16:31:03.233Z
868fc40b-98a4-4bbe-ae6a-305f6213b60a,dlsu,"Values & Identity",admu,56,2026-05-14T16:31:03.233Z
868fc40b-98a4-4bbe-ae6a-305f6213b60a,dlsu,"Values & Identity",dlsu,107,2026-05-14T16:31:03.233Z
868fc40b-98a4-4bbe-ae6a-305f6213b60a,dlsu,"Values & Identity",up,31,2026-05-14T16:31:03.233Z
868fc40b-98a4-4bbe-ae6a-305f6213b60a,dlsu,"Values & Identity",ust,67,2026-05-14T16:31:03.233Z
da1f37b7-c5ab-4a51-b8b3-03d773c926e4,admu,"Academic Experience",admu,113,2026-05-14T17:43:21.670Z
da1f37b7-c5ab-4a51-b8b3-03d773c926e4,admu,"Academic Experience",dlsu,43,2026-05-14T17:43:21.670Z
da1f37b7-c5ab-4a51-b8b3-03d773c926e4,admu,"Academic Experience",up,37,2026-05-14T17:43:21.670Z
da1f37b7-c5ab-4a51-b8b3-03d773c926e4,admu,"Academic Experience",ust,34,2026-05-14T17:43:21.670Z
da1f37b7-c5ab-4a51-b8b3-03d773c926e4,admu,"Social & Cultural Fit",admu,108,2026-05-14T17:43:21.670Z
da1f37b7-c5ab-4a51-b8b3-03d773c926e4,admu,"Social & Cultural Fit",dlsu,111,2026-05-14T17:43:21.670Z
da1f37b7-c5ab-4a51-b8b3-03d773c926e4,admu,"Social & Cultural Fit",up,28,2026-05-14T17:43:21.670Z
da1f37b7-c5ab-4a51-b8b3-03d773c926e4,admu,"Social & Cultural Fit",ust,50,2026-05-14T17:43:21.670Z
da1f37b7-c5ab-4a51-b8b3-03d773c926e4,admu,"Campus Life",admu,102,2026-05-14T17:43:21.670Z
da1f37b7-c5ab-4a51-b8b3-03d773c926e4,admu,"Campus Life",dlsu,99,2026-05-14T17:43:21.670Z
da1f37b7-c5ab-4a51-b8b3-03d773c926e4,admu,"Campus Life",up,72,2026-05-14T17:43:21.670Z
da1f37b7-c5ab-4a51-b8b3-03d773c926e4,admu,"Campus Life",ust,73,2026-05-14T17:43:21.670Z
da1f37b7-c5ab-4a51-b8b3-03d773c926e4,admu,"Values & Identity",admu,113,2026-05-14T17:43:21.670Z
da1f37b7-c5ab-4a51-b8b3-03d773c926e4,admu,"Values & Identity",dlsu,57,2026-05-14T17:43:21.670Z
da1f37b7-c5ab-4a51-b8b3-03d773c926e4,admu,"Values & Identity",up,73,2026-05-14T17:43:21.670Z
da1f37b7-c5ab-4a51-b8b3-03d773c926e4,admu,"Values & Identity",ust,46,2026-05-14T17:43:21.670Z
2fea4b85-6efa-4154-843e-ed7e38bcc5f0,up,"Academic Experience",admu,58,2026-05-14T19:03:02.320Z
2fea4b85-6efa-4154-843e-ed7e38bcc5f0,up,"Academic Experience",dlsu,21,2026-05-14T19:03:02.320Z
2fea4b85-6efa-4154-843e-ed7e38bcc5f0,up,"Academic Experience",up,103,2026-05-14T19:03:02.320Z
2fea4b85-6efa-4154-843e-ed7e38bcc5f0,up,"Academic Experience",ust,32,2026-05-14T19:03:02.320Z
2fea4b85-6efa-4154-843e-ed7e38bcc5f0,up,"Social & Cultural Fit",admu,46,2026-05-14T19:03:02.320Z
2fea4b85-6efa-4154-843e-ed7e38bcc5f0,up,"Social & Cultural Fit",dlsu,38,2026-05-14T19:03:02.320Z
2fea4b85-6efa-4154-843e-ed7e38bcc5f0,up,"Social & Cultural Fit",up,117,2026-05-14T19:03:02.320Z
2fea4b85-6efa-4154-843e-ed7e38bcc5f0,up,"Social & Cultural Fit",ust,109,2026-05-14T19:03:02.320Z
2fea4b85-6efa-4154-843e-ed7e38bcc5f0,up,"Campus Life",admu,76,2026-05-14T19:03:02.320Z
2fea4b85-6efa-4154-843e-ed7e38bcc5f0,up,"Campus Life",dlsu,75,2026-05-14T19:03:02.320Z
2fea4b85-6efa-4154-843e-ed7e38bcc5f0,up,"Campus Life",up,144,2026-05-14T19:03:02.320Z
2fea4b85-6efa-4154-843e-ed7e38bcc5f0,up,"Campus Life",ust,89,2026-05-14T19:03:02.320Z
2fea4b85-6efa-4154-843e-ed7e38bcc5f0,up,"Values & Identity",admu,70,2026-05-14T19:03:02.320Z
2fea4b85-6efa-4154-843e-ed7e38bcc5f0,up,"Values & Identity",dlsu,45,2026-05-14T19:03:02.320Z
2fea4b85-6efa-4154-843e-ed7e38bcc5f0,up,"Values & Identity",up,122,2026-05-14T19:03:02.320Z
2fea4b85-6efa-4154-843e-ed7e38bcc5f0,up,"Values & Identity",ust,34,2026-05-14T19:03:02.320Z
6bca1cad-6574-4476-a82f-71ac9501b8be,up,"Academic Experience",admu,48,2026-05-15T06:30:17.180Z
6bca1cad-6574-4476-a82f-71ac9501b8be,up,"Academic Experience",dlsu,56,2026-05-15T06:30:17.180Z
6bca1cad-6574-4476-a82f-71ac9501b8be,up,"Academic Experience",up,88,2026-05-15T06:30:17.180Z
6bca1cad-6574-4476-a82f-71ac9501b8be,up,"Academic Experience",ust,22,2026-05-15T06:30:17.180Z
6bca1cad-6574-4476-a82f-71ac9501b8be,up,"Social & Cultural Fit",admu,56,2026-05-15T06:30:17.180Z
6bca1cad-6574-4476-a82f-71ac9501b8be,up,"Social & Cultural Fit",dlsu,50,2026-05-15T06:30:17.180Z
6bca1cad-6574-4476-a82f-71ac9501b8be,up,"Social & Cultural Fit",up,99,2026-05-15T06:30:17.180Z
6bca1cad-6574-4476-a82f-71ac9501b8be,up,"Social & Cultural Fit",ust,72,2026-05-15T06:30:17.180Z
6bca1cad-6574-4476-a82f-71ac9501b8be,up,"Campus Life",admu,69,2026-05-15T06:30:17.180Z
6bca1cad-6574-4476-a82f-71ac9501b8be,up,"Campus Life",dlsu,74,2026-05-15T06:30:17.180Z
6bca1cad-6574-4476-a82f-71ac9501b8be,up,"Campus Life",up,142,2026-05-15T06:30:17.180Z
6bca1cad-6574-4476-a82f-71ac9501b8be,up,"Campus Life",ust,79,2026-05-15T06:30:17.180Z
6bca1cad-6574-4476-a82f-71ac9501b8be,up,"Values & Identity",admu,88,2026-05-15T06:30:17.180Z
6bca1cad-6574-4476-a82f-71ac9501b8be,up,"Values & Identity",dlsu,47,2026-05-15T06:30:17.180Z
6bca1cad-6574-4476-a82f-71ac9501b8be,up,"Values & Identity",up,108,2026-05-15T06:30:17.180Z
6bca1cad-6574-4476-a82f-71ac9501b8be,up,"Values & Identity",ust,18,2026-05-15T06:30:17.180Z
e8cf911b-d703-4ab5-a532-6a00d9c6536f,admu,"Academic Experience",admu,113,2026-05-15T16:36:13.214Z
e8cf911b-d703-4ab5-a532-6a00d9c6536f,admu,"Academic Experience",dlsu,43,2026-05-15T16:36:13.214Z
e8cf911b-d703-4ab5-a532-6a00d9c6536f,admu,"Academic Experience",up,37,2026-05-15T16:36:13.214Z
e8cf911b-d703-4ab5-a532-6a00d9c6536f,admu,"Academic Experience",ust,34,2026-05-15T16:36:13.214Z
e8cf911b-d703-4ab5-a532-6a00d9c6536f,admu,"Social & Cultural Fit",admu,105,2026-05-15T16:36:13.214Z
e8cf911b-d703-4ab5-a532-6a00d9c6536f,admu,"Social & Cultural Fit",dlsu,110,2026-05-15T16:36:13.214Z
e8cf911b-d703-4ab5-a532-6a00d9c6536f,admu,"Social & Cultural Fit",up,26,2026-05-15T16:36:13.214Z
e8cf911b-d703-4ab5-a532-6a00d9c6536f,admu,"Social & Cultural Fit",ust,45,2026-05-15T16:36:13.214Z
e8cf911b-d703-4ab5-a532-6a00d9c6536f,admu,"Campus Life",admu,136,2026-05-15T16:36:13.214Z
e8cf911b-d703-4ab5-a532-6a00d9c6536f,admu,"Campus Life",dlsu,96,2026-05-15T16:36:13.214Z
e8cf911b-d703-4ab5-a532-6a00d9c6536f,admu,"Campus Life",up,78,2026-05-15T16:36:13.214Z
e8cf911b-d703-4ab5-a532-6a00d9c6536f,admu,"Campus Life",ust,55,2026-05-15T16:36:13.214Z
e8cf911b-d703-4ab5-a532-6a00d9c6536f,admu,"Values & Identity",admu,121,2026-05-15T16:36:13.214Z
e8cf911b-d703-4ab5-a532-6a00d9c6536f,admu,"Values & Identity",dlsu,56,2026-05-15T16:36:13.214Z
e8cf911b-d703-4ab5-a532-6a00d9c6536f,admu,"Values & Identity",up,54,2026-05-15T16:36:13.214Z
e8cf911b-d703-4ab5-a532-6a00d9c6536f,admu,"Values & Identity",ust,36,2026-05-15T16:36:13.214Z
d155ca82-9d07-4042-b339-bbe3fc0cfbe0,ust,"Academic Experience",admu,22,2026-05-15T17:49:28.599Z
d155ca82-9d07-4042-b339-bbe3fc0cfbe0,ust,"Academic Experience",dlsu,20,2026-05-15T17:49:28.599Z
d155ca82-9d07-4042-b339-bbe3fc0cfbe0,ust,"Academic Experience",up,32,2026-05-15T17:49:28.599Z
d155ca82-9d07-4042-b339-bbe3fc0cfbe0,ust,"Academic Experience",ust,102,2026-05-15T17:49:28.599Z
d155ca82-9d07-4042-b339-bbe3fc0cfbe0,ust,"Social & Cultural Fit",admu,56,2026-05-15T17:49:28.599Z
d155ca82-9d07-4042-b339-bbe3fc0cfbe0,ust,"Social & Cultural Fit",dlsu,59,2026-05-15T17:49:28.599Z
d155ca82-9d07-4042-b339-bbe3fc0cfbe0,ust,"Social & Cultural Fit",up,114,2026-05-15T17:49:28.599Z
d155ca82-9d07-4042-b339-bbe3fc0cfbe0,ust,"Social & Cultural Fit",ust,99,2026-05-15T17:49:28.599Z
d155ca82-9d07-4042-b339-bbe3fc0cfbe0,ust,"Campus Life",admu,56,2026-05-15T17:49:28.599Z
d155ca82-9d07-4042-b339-bbe3fc0cfbe0,ust,"Campus Life",dlsu,76,2026-05-15T17:49:28.599Z
d155ca82-9d07-4042-b339-bbe3fc0cfbe0,ust,"Campus Life",up,97,2026-05-15T17:49:28.599Z
d155ca82-9d07-4042-b339-bbe3fc0cfbe0,ust,"Campus Life",ust,143,2026-05-15T17:49:28.599Z
d155ca82-9d07-4042-b339-bbe3fc0cfbe0,ust,"Values & Identity",admu,52,2026-05-15T17:49:28.599Z
d155ca82-9d07-4042-b339-bbe3fc0cfbe0,ust,"Values & Identity",dlsu,54,2026-05-15T17:49:28.599Z
d155ca82-9d07-4042-b339-bbe3fc0cfbe0,ust,"Values & Identity",up,46,2026-05-15T17:49:28.599Z
d155ca82-9d07-4042-b339-bbe3fc0cfbe0,ust,"Values & Identity",ust,108,2026-05-15T17:49:28.599Z
aa739250-f8c5-4541-bcf7-72f087af264f,admu,"Academic Experience",admu,83,2026-05-15T17:59:28.659Z
aa739250-f8c5-4541-bcf7-72f087af264f,admu,"Academic Experience",dlsu,55,2026-05-15T17:59:28.659Z
aa739250-f8c5-4541-bcf7-72f087af264f,admu,"Academic Experience",up,32,2026-05-15T17:59:28.659Z
aa739250-f8c5-4541-bcf7-72f087af264f,admu,"Academic Experience",ust,51,2026-05-15T17:59:28.659Z
aa739250-f8c5-4541-bcf7-72f087af264f,admu,"Social & Cultural Fit",admu,107,2026-05-15T17:59:28.659Z
aa739250-f8c5-4541-bcf7-72f087af264f,admu,"Social & Cultural Fit",dlsu,83,2026-05-15T17:59:28.659Z
aa739250-f8c5-4541-bcf7-72f087af264f,admu,"Social & Cultural Fit",up,49,2026-05-15T17:59:28.659Z
aa739250-f8c5-4541-bcf7-72f087af264f,admu,"Social & Cultural Fit",ust,60,2026-05-15T17:59:28.659Z
aa739250-f8c5-4541-bcf7-72f087af264f,admu,"Campus Life",admu,106,2026-05-15T17:59:28.659Z
aa739250-f8c5-4541-bcf7-72f087af264f,admu,"Campus Life",dlsu,89,2026-05-15T17:59:28.659Z
aa739250-f8c5-4541-bcf7-72f087af264f,admu,"Campus Life",up,76,2026-05-15T17:59:28.659Z
aa739250-f8c5-4541-bcf7-72f087af264f,admu,"Campus Life",ust,60,2026-05-15T17:59:28.659Z
aa739250-f8c5-4541-bcf7-72f087af264f,admu,"Values & Identity",admu,102,2026-05-15T17:59:28.659Z
aa739250-f8c5-4541-bcf7-72f087af264f,admu,"Values & Identity",dlsu,69,2026-05-15T17:59:28.659Z
aa739250-f8c5-4541-bcf7-72f087af264f,admu,"Values & Identity",up,74,2026-05-15T17:59:28.659Z
aa739250-f8c5-4541-bcf7-72f087af264f,admu,"Values & Identity",ust,40,2026-05-15T17:59:28.659Z
c183b4f0-fb63-4479-a24f-ee6c8406cd74,dlsu,"Academic Experience",admu,64,2026-05-15T19:48:25.703Z
c183b4f0-fb63-4479-a24f-ee6c8406cd74,dlsu,"Academic Experience",dlsu,89,2026-05-15T19:48:25.703Z
c183b4f0-fb63-4479-a24f-ee6c8406cd74,dlsu,"Academic Experience",up,26,2026-05-15T19:48:25.703Z
c183b4f0-fb63-4479-a24f-ee6c8406cd74,dlsu,"Academic Experience",ust,29,2026-05-15T19:48:25.703Z
c183b4f0-fb63-4479-a24f-ee6c8406cd74,dlsu,"Social & Cultural Fit",admu,79,2026-05-15T19:48:25.703Z
c183b4f0-fb63-4479-a24f-ee6c8406cd74,dlsu,"Social & Cultural Fit",dlsu,88,2026-05-15T19:48:25.703Z
c183b4f0-fb63-4479-a24f-ee6c8406cd74,dlsu,"Social & Cultural Fit",up,76,2026-05-15T19:48:25.703Z
c183b4f0-fb63-4479-a24f-ee6c8406cd74,dlsu,"Social & Cultural Fit",ust,84,2026-05-15T19:48:25.703Z
c183b4f0-fb63-4479-a24f-ee6c8406cd74,dlsu,"Campus Life",admu,92,2026-05-15T19:48:25.703Z
c183b4f0-fb63-4479-a24f-ee6c8406cd74,dlsu,"Campus Life",dlsu,94,2026-05-15T19:48:25.703Z
c183b4f0-fb63-4479-a24f-ee6c8406cd74,dlsu,"Campus Life",up,84,2026-05-15T19:48:25.703Z
c183b4f0-fb63-4479-a24f-ee6c8406cd74,dlsu,"Campus Life",ust,93,2026-05-15T19:48:25.703Z
c183b4f0-fb63-4479-a24f-ee6c8406cd74,dlsu,"Values & Identity",admu,76,2026-05-15T19:48:25.703Z
c183b4f0-fb63-4479-a24f-ee6c8406cd74,dlsu,"Values & Identity",dlsu,86,2026-05-15T19:48:25.703Z
c183b4f0-fb63-4479-a24f-ee6c8406cd74,dlsu,"Values & Identity",up,51,2026-05-15T19:48:25.703Z
c183b4f0-fb63-4479-a24f-ee6c8406cd74,dlsu,"Values & Identity",ust,43,2026-05-15T19:48:25.703Z
6a7b2fee-9333-430e-8cb9-474aaa9fe023,admu,"Academic Experience",admu,113,2026-05-16T13:35:58.978Z
6a7b2fee-9333-430e-8cb9-474aaa9fe023,admu,"Academic Experience",dlsu,43,2026-05-16T13:35:58.978Z
6a7b2fee-9333-430e-8cb9-474aaa9fe023,admu,"Academic Experience",up,37,2026-05-16T13:35:58.978Z
6a7b2fee-9333-430e-8cb9-474aaa9fe023,admu,"Academic Experience",ust,34,2026-05-16T13:35:58.978Z
6a7b2fee-9333-430e-8cb9-474aaa9fe023,admu,"Social & Cultural Fit",admu,103,2026-05-16T13:35:58.978Z
6a7b2fee-9333-430e-8cb9-474aaa9fe023,admu,"Social & Cultural Fit",dlsu,102,2026-05-16T13:35:58.978Z
6a7b2fee-9333-430e-8cb9-474aaa9fe023,admu,"Social & Cultural Fit",up,30,2026-05-16T13:35:58.978Z
6a7b2fee-9333-430e-8cb9-474aaa9fe023,admu,"Social & Cultural Fit",ust,38,2026-05-16T13:35:58.978Z
6a7b2fee-9333-430e-8cb9-474aaa9fe023,admu,"Campus Life",admu,140,2026-05-16T13:35:58.978Z
6a7b2fee-9333-430e-8cb9-474aaa9fe023,admu,"Campus Life",dlsu,102,2026-05-16T13:35:58.978Z
6a7b2fee-9333-430e-8cb9-474aaa9fe023,admu,"Campus Life",up,73,2026-05-16T13:35:58.978Z
6a7b2fee-9333-430e-8cb9-474aaa9fe023,admu,"Campus Life",ust,53,2026-05-16T13:35:58.978Z
6a7b2fee-9333-430e-8cb9-474aaa9fe023,admu,"Values & Identity",admu,129,2026-05-16T13:35:58.978Z
6a7b2fee-9333-430e-8cb9-474aaa9fe023,admu,"Values & Identity",dlsu,56,2026-05-16T13:35:58.978Z
6a7b2fee-9333-430e-8cb9-474aaa9fe023,admu,"Values & Identity",up,60,2026-05-16T13:35:58.978Z
6a7b2fee-9333-430e-8cb9-474aaa9fe023,admu,"Values & Identity",ust,28,2026-05-16T13:35:58.978Z
62c455a1-8214-40fc-a527-67066557fb95,admu,"Academic Experience",admu,110,2026-05-16T22:42:03.152Z
62c455a1-8214-40fc-a527-67066557fb95,admu,"Academic Experience",dlsu,63,2026-05-16T22:42:03.152Z
62c455a1-8214-40fc-a527-67066557fb95,admu,"Academic Experience",up,30,2026-05-16T22:42:03.152Z
62c455a1-8214-40fc-a527-67066557fb95,admu,"Academic Experience",ust,27,2026-05-16T22:42:03.152Z
62c455a1-8214-40fc-a527-67066557fb95,admu,"Social & Cultural Fit",admu,110,2026-05-16T22:42:03.152Z
62c455a1-8214-40fc-a527-67066557fb95,admu,"Social & Cultural Fit",dlsu,116,2026-05-16T22:42:03.152Z
62c455a1-8214-40fc-a527-67066557fb95,admu,"Social & Cultural Fit",up,34,2026-05-16T22:42:03.152Z
62c455a1-8214-40fc-a527-67066557fb95,admu,"Social & Cultural Fit",ust,45,2026-05-16T22:42:03.152Z
62c455a1-8214-40fc-a527-67066557fb95,admu,"Campus Life",admu,136,2026-05-16T22:42:03.152Z
62c455a1-8214-40fc-a527-67066557fb95,admu,"Campus Life",dlsu,96,2026-05-16T22:42:03.152Z
62c455a1-8214-40fc-a527-67066557fb95,admu,"Campus Life",up,80,2026-05-16T22:42:03.152Z
62c455a1-8214-40fc-a527-67066557fb95,admu,"Campus Life",ust,59,2026-05-16T22:42:03.152Z
62c455a1-8214-40fc-a527-67066557fb95,admu,"Values & Identity",admu,94,2026-05-16T22:42:03.152Z
62c455a1-8214-40fc-a527-67066557fb95,admu,"Values & Identity",dlsu,69,2026-05-16T22:42:03.152Z
62c455a1-8214-40fc-a527-67066557fb95,admu,"Values & Identity",up,68,2026-05-16T22:42:03.152Z
62c455a1-8214-40fc-a527-67066557fb95,admu,"Values & Identity",ust,48,2026-05-16T22:42:03.152Z
b86c4316-a951-457f-b27c-a804481fc5fc,admu,"Academic Experience",admu,113,2026-05-17T06:03:44.108Z
b86c4316-a951-457f-b27c-a804481fc5fc,admu,"Academic Experience",dlsu,43,2026-05-17T06:03:44.108Z
b86c4316-a951-457f-b27c-a804481fc5fc,admu,"Academic Experience",up,37,2026-05-17T06:03:44.108Z
b86c4316-a951-457f-b27c-a804481fc5fc,admu,"Academic Experience",ust,34,2026-05-17T06:03:44.108Z
b86c4316-a951-457f-b27c-a804481fc5fc,admu,"Social & Cultural Fit",admu,110,2026-05-17T06:03:44.108Z
b86c4316-a951-457f-b27c-a804481fc5fc,admu,"Social & Cultural Fit",dlsu,113,2026-05-17T06:03:44.108Z
b86c4316-a951-457f-b27c-a804481fc5fc,admu,"Social & Cultural Fit",up,17,2026-05-17T06:03:44.108Z
b86c4316-a951-457f-b27c-a804481fc5fc,admu,"Social & Cultural Fit",ust,46,2026-05-17T06:03:44.108Z
b86c4316-a951-457f-b27c-a804481fc5fc,admu,"Campus Life",admu,130,2026-05-17T06:03:44.108Z
b86c4316-a951-457f-b27c-a804481fc5fc,admu,"Campus Life",dlsu,90,2026-05-17T06:03:44.108Z
b86c4316-a951-457f-b27c-a804481fc5fc,admu,"Campus Life",up,88,2026-05-17T06:03:44.108Z
b86c4316-a951-457f-b27c-a804481fc5fc,admu,"Campus Life",ust,57,2026-05-17T06:03:44.108Z
b86c4316-a951-457f-b27c-a804481fc5fc,admu,"Values & Identity",admu,97,2026-05-17T06:03:44.108Z
b86c4316-a951-457f-b27c-a804481fc5fc,admu,"Values & Identity",dlsu,47,2026-05-17T06:03:44.108Z
b86c4316-a951-457f-b27c-a804481fc5fc,admu,"Values & Identity",up,54,2026-05-17T06:03:44.108Z
b86c4316-a951-457f-b27c-a804481fc5fc,admu,"Values & Identity",ust,64,2026-05-17T06:03:44.108Z
7d2f7750-f5f9-4258-ac8a-014125e0cced,up,"Academic Experience",admu,43,2026-05-17T23:43:15.804Z
7d2f7750-f5f9-4258-ac8a-014125e0cced,up,"Academic Experience",dlsu,40,2026-05-17T23:43:15.804Z
7d2f7750-f5f9-4258-ac8a-014125e0cced,up,"Academic Experience",up,101,2026-05-17T23:43:15.804Z
7d2f7750-f5f9-4258-ac8a-014125e0cced,up,"Academic Experience",ust,16,2026-05-17T23:43:15.804Z
7d2f7750-f5f9-4258-ac8a-014125e0cced,up,"Social & Cultural Fit",admu,41,2026-05-17T23:43:15.804Z
7d2f7750-f5f9-4258-ac8a-014125e0cced,up,"Social & Cultural Fit",dlsu,32,2026-05-17T23:43:15.804Z
7d2f7750-f5f9-4258-ac8a-014125e0cced,up,"Social & Cultural Fit",up,136,2026-05-17T23:43:15.804Z
7d2f7750-f5f9-4258-ac8a-014125e0cced,up,"Social & Cultural Fit",ust,91,2026-05-17T23:43:15.804Z
7d2f7750-f5f9-4258-ac8a-014125e0cced,up,"Campus Life",admu,96,2026-05-17T23:43:15.804Z
7d2f7750-f5f9-4258-ac8a-014125e0cced,up,"Campus Life",dlsu,88,2026-05-17T23:43:15.804Z
7d2f7750-f5f9-4258-ac8a-014125e0cced,up,"Campus Life",up,124,2026-05-17T23:43:15.804Z
7d2f7750-f5f9-4258-ac8a-014125e0cced,up,"Campus Life",ust,76,2026-05-17T23:43:15.804Z
7d2f7750-f5f9-4258-ac8a-014125e0cced,up,"Values & Identity",admu,63,2026-05-17T23:43:15.804Z
7d2f7750-f5f9-4258-ac8a-014125e0cced,up,"Values & Identity",dlsu,55,2026-05-17T23:43:15.804Z
7d2f7750-f5f9-4258-ac8a-014125e0cced,up,"Values & Identity",up,117,2026-05-17T23:43:15.804Z
7d2f7750-f5f9-4258-ac8a-014125e0cced,up,"Values & Identity",ust,37,2026-05-17T23:43:15.804Z
26252178-02f4-4f48-90e7-e4999f22ec3d,up,"Academic Experience",admu,41,2026-05-18T03:45:35.329Z
26252178-02f4-4f48-90e7-e4999f22ec3d,up,"Academic Experience",dlsu,18,2026-05-18T03:45:35.329Z
26252178-02f4-4f48-90e7-e4999f22ec3d,up,"Academic Experience",up,120,2026-05-18T03:45:35.329Z
26252178-02f4-4f48-90e7-e4999f22ec3d,up,"Academic Experience",ust,33,2026-05-18T03:45:35.329Z
26252178-02f4-4f48-90e7-e4999f22ec3d,up,"Social & Cultural Fit",admu,41,2026-05-18T03:45:35.329Z
26252178-02f4-4f48-90e7-e4999f22ec3d,up,"Social & Cultural Fit",dlsu,32,2026-05-18T03:45:35.329Z
26252178-02f4-4f48-90e7-e4999f22ec3d,up,"Social & Cultural Fit",up,136,2026-05-18T03:45:35.329Z
26252178-02f4-4f48-90e7-e4999f22ec3d,up,"Social & Cultural Fit",ust,91,2026-05-18T03:45:35.329Z
26252178-02f4-4f48-90e7-e4999f22ec3d,up,"Campus Life",admu,83,2026-05-18T03:45:35.329Z
26252178-02f4-4f48-90e7-e4999f22ec3d,up,"Campus Life",dlsu,67,2026-05-18T03:45:35.329Z
26252178-02f4-4f48-90e7-e4999f22ec3d,up,"Campus Life",up,156,2026-05-18T03:45:35.329Z
26252178-02f4-4f48-90e7-e4999f22ec3d,up,"Campus Life",ust,77,2026-05-18T03:45:35.329Z
26252178-02f4-4f48-90e7-e4999f22ec3d,up,"Values & Identity",admu,62,2026-05-18T03:45:35.329Z
26252178-02f4-4f48-90e7-e4999f22ec3d,up,"Values & Identity",dlsu,60,2026-05-18T03:45:35.329Z
26252178-02f4-4f48-90e7-e4999f22ec3d,up,"Values & Identity",up,91,2026-05-18T03:45:35.329Z
26252178-02f4-4f48-90e7-e4999f22ec3d,up,"Values & Identity",ust,63,2026-05-18T03:45:35.329Z
99c37b20-f230-4395-9ee3-711271dfe12c,up,"Academic Experience",admu,59,2026-05-18T08:57:27.581Z
99c37b20-f230-4395-9ee3-711271dfe12c,up,"Academic Experience",dlsu,16,2026-05-18T08:57:27.581Z
99c37b20-f230-4395-9ee3-711271dfe12c,up,"Academic Experience",up,126,2026-05-18T08:57:27.581Z
99c37b20-f230-4395-9ee3-711271dfe12c,up,"Academic Experience",ust,18,2026-05-18T08:57:27.581Z
99c37b20-f230-4395-9ee3-711271dfe12c,up,"Social & Cultural Fit",admu,65,2026-05-18T08:57:27.581Z
99c37b20-f230-4395-9ee3-711271dfe12c,up,"Social & Cultural Fit",dlsu,40,2026-05-18T08:57:27.581Z
99c37b20-f230-4395-9ee3-711271dfe12c,up,"Social & Cultural Fit",up,100,2026-05-18T08:57:27.581Z
99c37b20-f230-4395-9ee3-711271dfe12c,up,"Social & Cultural Fit",ust,78,2026-05-18T08:57:27.581Z
99c37b20-f230-4395-9ee3-711271dfe12c,up,"Campus Life",admu,75,2026-05-18T08:57:27.581Z
99c37b20-f230-4395-9ee3-711271dfe12c,up,"Campus Life",dlsu,73,2026-05-18T08:57:27.581Z
99c37b20-f230-4395-9ee3-711271dfe12c,up,"Campus Life",up,111,2026-05-18T08:57:27.581Z
99c37b20-f230-4395-9ee3-711271dfe12c,up,"Campus Life",ust,120,2026-05-18T08:57:27.581Z
99c37b20-f230-4395-9ee3-711271dfe12c,up,"Values & Identity",admu,50,2026-05-18T08:57:27.581Z
99c37b20-f230-4395-9ee3-711271dfe12c,up,"Values & Identity",dlsu,55,2026-05-18T08:57:27.581Z
99c37b20-f230-4395-9ee3-711271dfe12c,up,"Values & Identity",up,110,2026-05-18T08:57:27.581Z
99c37b20-f230-4395-9ee3-711271dfe12c,up,"Values & Identity",ust,46,2026-05-18T08:57:27.581Z
aab6d3fd-a522-4bdc-9342-e39ddc4e4b5f,up,"Academic Experience",admu,42,2026-05-18T10:06:28.813Z
aab6d3fd-a522-4bdc-9342-e39ddc4e4b5f,up,"Academic Experience",dlsu,18,2026-05-18T10:06:28.813Z
aab6d3fd-a522-4bdc-9342-e39ddc4e4b5f,up,"Academic Experience",up,140,2026-05-18T10:06:28.813Z
aab6d3fd-a522-4bdc-9342-e39ddc4e4b5f,up,"Academic Experience",ust,16,2026-05-18T10:06:28.813Z
aab6d3fd-a522-4bdc-9342-e39ddc4e4b5f,up,"Social & Cultural Fit",admu,58,2026-05-18T10:06:28.813Z
aab6d3fd-a522-4bdc-9342-e39ddc4e4b5f,up,"Social & Cultural Fit",dlsu,40,2026-05-18T10:06:28.813Z
aab6d3fd-a522-4bdc-9342-e39ddc4e4b5f,up,"Social & Cultural Fit",up,103,2026-05-18T10:06:28.813Z
aab6d3fd-a522-4bdc-9342-e39ddc4e4b5f,up,"Social & Cultural Fit",ust,96,2026-05-18T10:06:28.813Z
aab6d3fd-a522-4bdc-9342-e39ddc4e4b5f,up,"Campus Life",admu,66,2026-05-18T10:06:28.813Z
aab6d3fd-a522-4bdc-9342-e39ddc4e4b5f,up,"Campus Life",dlsu,55,2026-05-18T10:06:28.813Z
aab6d3fd-a522-4bdc-9342-e39ddc4e4b5f,up,"Campus Life",up,150,2026-05-18T10:06:28.813Z
aab6d3fd-a522-4bdc-9342-e39ddc4e4b5f,up,"Campus Life",ust,95,2026-05-18T10:06:28.813Z
aab6d3fd-a522-4bdc-9342-e39ddc4e4b5f,up,"Values & Identity",admu,74,2026-05-18T10:06:28.813Z
aab6d3fd-a522-4bdc-9342-e39ddc4e4b5f,up,"Values & Identity",dlsu,59,2026-05-18T10:06:28.813Z
aab6d3fd-a522-4bdc-9342-e39ddc4e4b5f,up,"Values & Identity",up,91,2026-05-18T10:06:28.813Z
aab6d3fd-a522-4bdc-9342-e39ddc4e4b5f,up,"Values & Identity",ust,24,2026-05-18T10:06:28.813Z
1a64258a-f8ff-4997-9771-ae0a085d4025,admu,"Academic Experience",admu,112,2026-05-18T17:47:18.305Z
1a64258a-f8ff-4997-9771-ae0a085d4025,admu,"Academic Experience",dlsu,47,2026-05-18T17:47:18.305Z
1a64258a-f8ff-4997-9771-ae0a085d4025,admu,"Academic Experience",up,17,2026-05-18T17:47:18.305Z
1a64258a-f8ff-4997-9771-ae0a085d4025,admu,"Academic Experience",ust,34,2026-05-18T17:47:18.305Z
1a64258a-f8ff-4997-9771-ae0a085d4025,admu,"Social & Cultural Fit",admu,120,2026-05-18T17:47:18.305Z
1a64258a-f8ff-4997-9771-ae0a085d4025,admu,"Social & Cultural Fit",dlsu,115,2026-05-18T17:47:18.305Z
1a64258a-f8ff-4997-9771-ae0a085d4025,admu,"Social & Cultural Fit",up,14,2026-05-18T17:47:18.305Z
1a64258a-f8ff-4997-9771-ae0a085d4025,admu,"Social & Cultural Fit",ust,38,2026-05-18T17:47:18.305Z
1a64258a-f8ff-4997-9771-ae0a085d4025,admu,"Campus Life",admu,119,2026-05-18T17:47:18.305Z
1a64258a-f8ff-4997-9771-ae0a085d4025,admu,"Campus Life",dlsu,80,2026-05-18T17:47:18.305Z
1a64258a-f8ff-4997-9771-ae0a085d4025,admu,"Campus Life",up,107,2026-05-18T17:47:18.305Z
1a64258a-f8ff-4997-9771-ae0a085d4025,admu,"Campus Life",ust,79,2026-05-18T17:47:18.305Z
1a64258a-f8ff-4997-9771-ae0a085d4025,admu,"Values & Identity",admu,100,2026-05-18T17:47:18.305Z
1a64258a-f8ff-4997-9771-ae0a085d4025,admu,"Values & Identity",dlsu,63,2026-05-18T17:47:18.305Z
1a64258a-f8ff-4997-9771-ae0a085d4025,admu,"Values & Identity",up,72,2026-05-18T17:47:18.305Z
1a64258a-f8ff-4997-9771-ae0a085d4025,admu,"Values & Identity",ust,38,2026-05-18T17:47:18.305Z
ad4ac77a-a17c-45bf-a5fd-e96a3f96c7a6,admu,"Academic Experience",admu,97,2026-05-19T01:06:52.910Z
ad4ac77a-a17c-45bf-a5fd-e96a3f96c7a6,admu,"Academic Experience",dlsu,37,2026-05-19T01:06:52.910Z
ad4ac77a-a17c-45bf-a5fd-e96a3f96c7a6,admu,"Academic Experience",up,34,2026-05-19T01:06:52.910Z
ad4ac77a-a17c-45bf-a5fd-e96a3f96c7a6,admu,"Academic Experience",ust,48,2026-05-19T01:06:52.910Z
ad4ac77a-a17c-45bf-a5fd-e96a3f96c7a6,admu,"Social & Cultural Fit",admu,110,2026-05-19T01:06:52.910Z
ad4ac77a-a17c-45bf-a5fd-e96a3f96c7a6,admu,"Social & Cultural Fit",dlsu,113,2026-05-19T01:06:52.910Z
ad4ac77a-a17c-45bf-a5fd-e96a3f96c7a6,admu,"Social & Cultural Fit",up,17,2026-05-19T01:06:52.910Z
ad4ac77a-a17c-45bf-a5fd-e96a3f96c7a6,admu,"Social & Cultural Fit",ust,46,2026-05-19T01:06:52.910Z
ad4ac77a-a17c-45bf-a5fd-e96a3f96c7a6,admu,"Campus Life",admu,115,2026-05-19T01:06:52.910Z
ad4ac77a-a17c-45bf-a5fd-e96a3f96c7a6,admu,"Campus Life",dlsu,101,2026-05-19T01:06:52.910Z
ad4ac77a-a17c-45bf-a5fd-e96a3f96c7a6,admu,"Campus Life",up,56,2026-05-19T01:06:52.910Z
ad4ac77a-a17c-45bf-a5fd-e96a3f96c7a6,admu,"Campus Life",ust,85,2026-05-19T01:06:52.910Z
ad4ac77a-a17c-45bf-a5fd-e96a3f96c7a6,admu,"Values & Identity",admu,108,2026-05-19T01:06:52.910Z
ad4ac77a-a17c-45bf-a5fd-e96a3f96c7a6,admu,"Values & Identity",dlsu,61,2026-05-19T01:06:52.910Z
ad4ac77a-a17c-45bf-a5fd-e96a3f96c7a6,admu,"Values & Identity",up,80,2026-05-19T01:06:52.910Z
ad4ac77a-a17c-45bf-a5fd-e96a3f96c7a6,admu,"Values & Identity",ust,28,2026-05-19T01:06:52.910Z
4730acda-aedf-49cb-804d-b3876f187534,admu,"Academic Experience",admu,80,2026-05-19T03:17:49.943Z
4730acda-aedf-49cb-804d-b3876f187534,admu,"Academic Experience",dlsu,38,2026-05-19T03:17:49.943Z
4730acda-aedf-49cb-804d-b3876f187534,admu,"Academic Experience",up,57,2026-05-19T03:17:49.943Z
4730acda-aedf-49cb-804d-b3876f187534,admu,"Academic Experience",ust,31,2026-05-19T03:17:49.943Z
4730acda-aedf-49cb-804d-b3876f187534,admu,"Social & Cultural Fit",admu,99,2026-05-19T03:17:49.943Z
4730acda-aedf-49cb-804d-b3876f187534,admu,"Social & Cultural Fit",dlsu,91,2026-05-19T03:17:49.943Z
4730acda-aedf-49cb-804d-b3876f187534,admu,"Social & Cultural Fit",up,40,2026-05-19T03:17:49.943Z
4730acda-aedf-49cb-804d-b3876f187534,admu,"Social & Cultural Fit",ust,65,2026-05-19T03:17:49.943Z
4730acda-aedf-49cb-804d-b3876f187534,admu,"Campus Life",admu,113,2026-05-19T03:17:49.943Z
4730acda-aedf-49cb-804d-b3876f187534,admu,"Campus Life",dlsu,89,2026-05-19T03:17:49.943Z
4730acda-aedf-49cb-804d-b3876f187534,admu,"Campus Life",up,97,2026-05-19T03:17:49.943Z
4730acda-aedf-49cb-804d-b3876f187534,admu,"Campus Life",ust,80,2026-05-19T03:17:49.943Z
4730acda-aedf-49cb-804d-b3876f187534,admu,"Values & Identity",admu,107,2026-05-19T03:17:49.943Z
4730acda-aedf-49cb-804d-b3876f187534,admu,"Values & Identity",dlsu,70,2026-05-19T03:17:49.943Z
4730acda-aedf-49cb-804d-b3876f187534,admu,"Values & Identity",up,48,2026-05-19T03:17:49.943Z
4730acda-aedf-49cb-804d-b3876f187534,admu,"Values & Identity",ust,40,2026-05-19T03:17:49.943Z
e679eaab-46fd-4edc-911c-a6bf36b2e3d2,up,"Academic Experience",admu,45,2026-05-19T16:37:34.252Z
e679eaab-46fd-4edc-911c-a6bf36b2e3d2,up,"Academic Experience",dlsu,24,2026-05-19T16:37:34.252Z
e679eaab-46fd-4edc-911c-a6bf36b2e3d2,up,"Academic Experience",up,121,2026-05-19T16:37:34.252Z
e679eaab-46fd-4edc-911c-a6bf36b2e3d2,up,"Academic Experience",ust,21,2026-05-19T16:37:34.252Z
e679eaab-46fd-4edc-911c-a6bf36b2e3d2,up,"Social & Cultural Fit",admu,45,2026-05-19T16:37:34.252Z
e679eaab-46fd-4edc-911c-a6bf36b2e3d2,up,"Social & Cultural Fit",dlsu,48,2026-05-19T16:37:34.252Z
e679eaab-46fd-4edc-911c-a6bf36b2e3d2,up,"Social & Cultural Fit",up,116,2026-05-19T16:37:34.252Z
e679eaab-46fd-4edc-911c-a6bf36b2e3d2,up,"Social & Cultural Fit",ust,77,2026-05-19T16:37:34.252Z
e679eaab-46fd-4edc-911c-a6bf36b2e3d2,up,"Campus Life",admu,106,2026-05-19T16:37:34.252Z
e679eaab-46fd-4edc-911c-a6bf36b2e3d2,up,"Campus Life",dlsu,91,2026-05-19T16:37:34.252Z
e679eaab-46fd-4edc-911c-a6bf36b2e3d2,up,"Campus Life",up,114,2026-05-19T16:37:34.252Z
e679eaab-46fd-4edc-911c-a6bf36b2e3d2,up,"Campus Life",ust,56,2026-05-19T16:37:34.252Z
e679eaab-46fd-4edc-911c-a6bf36b2e3d2,up,"Values & Identity",admu,59,2026-05-19T16:37:34.252Z
e679eaab-46fd-4edc-911c-a6bf36b2e3d2,up,"Values & Identity",dlsu,38,2026-05-19T16:37:34.252Z
e679eaab-46fd-4edc-911c-a6bf36b2e3d2,up,"Values & Identity",up,136,2026-05-19T16:37:34.252Z
e679eaab-46fd-4edc-911c-a6bf36b2e3d2,up,"Values & Identity",ust,32,2026-05-19T16:37:34.252Z
0e6c1d91-ce15-4d0c-9fec-fa4965a0a8fa,up,"Academic Experience",admu,34,2026-05-19T16:53:50.120Z
0e6c1d91-ce15-4d0c-9fec-fa4965a0a8fa,up,"Academic Experience",dlsu,36,2026-05-19T16:53:50.120Z
0e6c1d91-ce15-4d0c-9fec-fa4965a0a8fa,up,"Academic Experience",up,89,2026-05-19T16:53:50.120Z
0e6c1d91-ce15-4d0c-9fec-fa4965a0a8fa,up,"Academic Experience",ust,39,2026-05-19T16:53:50.120Z
0e6c1d91-ce15-4d0c-9fec-fa4965a0a8fa,up,"Social & Cultural Fit",admu,41,2026-05-19T16:53:50.120Z
0e6c1d91-ce15-4d0c-9fec-fa4965a0a8fa,up,"Social & Cultural Fit",dlsu,33,2026-05-19T16:53:50.120Z
0e6c1d91-ce15-4d0c-9fec-fa4965a0a8fa,up,"Social & Cultural Fit",up,95,2026-05-19T16:53:50.120Z
0e6c1d91-ce15-4d0c-9fec-fa4965a0a8fa,up,"Social & Cultural Fit",ust,63,2026-05-19T16:53:50.120Z
0e6c1d91-ce15-4d0c-9fec-fa4965a0a8fa,up,"Campus Life",admu,80,2026-05-19T16:53:50.120Z
0e6c1d91-ce15-4d0c-9fec-fa4965a0a8fa,up,"Campus Life",dlsu,79,2026-05-19T16:53:50.120Z
0e6c1d91-ce15-4d0c-9fec-fa4965a0a8fa,up,"Campus Life",up,140,2026-05-19T16:53:50.120Z
0e6c1d91-ce15-4d0c-9fec-fa4965a0a8fa,up,"Campus Life",ust,96,2026-05-19T16:53:50.120Z
0e6c1d91-ce15-4d0c-9fec-fa4965a0a8fa,up,"Values & Identity",admu,68,2026-05-19T16:53:50.120Z
0e6c1d91-ce15-4d0c-9fec-fa4965a0a8fa,up,"Values & Identity",dlsu,39,2026-05-19T16:53:50.120Z
0e6c1d91-ce15-4d0c-9fec-fa4965a0a8fa,up,"Values & Identity",up,124,2026-05-19T16:53:50.120Z
0e6c1d91-ce15-4d0c-9fec-fa4965a0a8fa,up,"Values & Identity",ust,38,2026-05-19T16:53:50.120Z
baa7b9c5-cd6a-4fac-935f-a378c27f10c8,dlsu,"Academic Experience",admu,53,2026-05-19T22:14:05.084Z
baa7b9c5-cd6a-4fac-935f-a378c27f10c8,dlsu,"Academic Experience",dlsu,124,2026-05-19T22:14:05.084Z
baa7b9c5-cd6a-4fac-935f-a378c27f10c8,dlsu,"Academic Experience",up,6,2026-05-19T22:14:05.084Z
baa7b9c5-cd6a-4fac-935f-a378c27f10c8,dlsu,"Academic Experience",ust,31,2026-05-19T22:14:05.084Z
baa7b9c5-cd6a-4fac-935f-a378c27f10c8,dlsu,"Social & Cultural Fit",admu,100,2026-05-19T22:14:05.084Z
baa7b9c5-cd6a-4fac-935f-a378c27f10c8,dlsu,"Social & Cultural Fit",dlsu,117,2026-05-19T22:14:05.084Z
baa7b9c5-cd6a-4fac-935f-a378c27f10c8,dlsu,"Social & Cultural Fit",up,21,2026-05-19T22:14:05.084Z
baa7b9c5-cd6a-4fac-935f-a378c27f10c8,dlsu,"Social & Cultural Fit",ust,59,2026-05-19T22:14:05.084Z
baa7b9c5-cd6a-4fac-935f-a378c27f10c8,dlsu,"Campus Life",admu,73,2026-05-19T22:14:05.084Z
baa7b9c5-cd6a-4fac-935f-a378c27f10c8,dlsu,"Campus Life",dlsu,147,2026-05-19T22:14:05.084Z
baa7b9c5-cd6a-4fac-935f-a378c27f10c8,dlsu,"Campus Life",up,46,2026-05-19T22:14:05.084Z
baa7b9c5-cd6a-4fac-935f-a378c27f10c8,dlsu,"Campus Life",ust,82,2026-05-19T22:14:05.084Z
baa7b9c5-cd6a-4fac-935f-a378c27f10c8,dlsu,"Values & Identity",admu,66,2026-05-19T22:14:05.084Z
baa7b9c5-cd6a-4fac-935f-a378c27f10c8,dlsu,"Values & Identity",dlsu,116,2026-05-19T22:14:05.084Z
baa7b9c5-cd6a-4fac-935f-a378c27f10c8,dlsu,"Values & Identity",up,39,2026-05-19T22:14:05.084Z
baa7b9c5-cd6a-4fac-935f-a378c27f10c8,dlsu,"Values & Identity",ust,49,2026-05-19T22:14:05.084Z
c4f19753-7479-4c04-b05f-fb95b6ac791c,dlsu,"Academic Experience",admu,43,2026-05-20T02:07:33.527Z
c4f19753-7479-4c04-b05f-fb95b6ac791c,dlsu,"Academic Experience",dlsu,74,2026-05-20T02:07:33.527Z
c4f19753-7479-4c04-b05f-fb95b6ac791c,dlsu,"Academic Experience",up,31,2026-05-20T02:07:33.527Z
c4f19753-7479-4c04-b05f-fb95b6ac791c,dlsu,"Academic Experience",ust,49,2026-05-20T02:07:33.527Z
c4f19753-7479-4c04-b05f-fb95b6ac791c,dlsu,"Social & Cultural Fit",admu,74,2026-05-20T02:07:33.527Z
c4f19753-7479-4c04-b05f-fb95b6ac791c,dlsu,"Social & Cultural Fit",dlsu,84,2026-05-20T02:07:33.527Z
c4f19753-7479-4c04-b05f-fb95b6ac791c,dlsu,"Social & Cultural Fit",up,57,2026-05-20T02:07:33.527Z
c4f19753-7479-4c04-b05f-fb95b6ac791c,dlsu,"Social & Cultural Fit",ust,71,2026-05-20T02:07:33.527Z
c4f19753-7479-4c04-b05f-fb95b6ac791c,dlsu,"Campus Life",admu,75,2026-05-20T02:07:33.527Z
c4f19753-7479-4c04-b05f-fb95b6ac791c,dlsu,"Campus Life",dlsu,144,2026-05-20T02:07:33.527Z
c4f19753-7479-4c04-b05f-fb95b6ac791c,dlsu,"Campus Life",up,57,2026-05-20T02:07:33.527Z
c4f19753-7479-4c04-b05f-fb95b6ac791c,dlsu,"Campus Life",ust,82,2026-05-20T02:07:33.527Z
c4f19753-7479-4c04-b05f-fb95b6ac791c,dlsu,"Values & Identity",admu,73,2026-05-20T02:07:33.527Z
c4f19753-7479-4c04-b05f-fb95b6ac791c,dlsu,"Values & Identity",dlsu,106,2026-05-20T02:07:33.527Z
c4f19753-7479-4c04-b05f-fb95b6ac791c,dlsu,"Values & Identity",up,44,2026-05-20T02:07:33.527Z
c4f19753-7479-4c04-b05f-fb95b6ac791c,dlsu,"Values & Identity",ust,46,2026-05-20T02:07:33.527Z
f1616c42-017f-48c3-b953-ed6b880e95b9,admu,"Academic Experience",admu,80,2026-05-20T08:58:05.244Z
f1616c42-017f-48c3-b953-ed6b880e95b9,admu,"Academic Experience",dlsu,30,2026-05-20T08:58:05.244Z
f1616c42-017f-48c3-b953-ed6b880e95b9,admu,"Academic Experience",up,56,2026-05-20T08:58:05.244Z
f1616c42-017f-48c3-b953-ed6b880e95b9,admu,"Academic Experience",ust,52,2026-05-20T08:58:05.244Z
f1616c42-017f-48c3-b953-ed6b880e95b9,admu,"Social & Cultural Fit",admu,78,2026-05-20T08:58:05.244Z
f1616c42-017f-48c3-b953-ed6b880e95b9,admu,"Social & Cultural Fit",dlsu,79,2026-05-20T08:58:05.244Z
f1616c42-017f-48c3-b953-ed6b880e95b9,admu,"Social & Cultural Fit",up,51,2026-05-20T08:58:05.244Z
f1616c42-017f-48c3-b953-ed6b880e95b9,admu,"Social & Cultural Fit",ust,79,2026-05-20T08:58:05.244Z
f1616c42-017f-48c3-b953-ed6b880e95b9,admu,"Campus Life",admu,112,2026-05-20T08:58:05.244Z
f1616c42-017f-48c3-b953-ed6b880e95b9,admu,"Campus Life",dlsu,108,2026-05-20T08:58:05.244Z
f1616c42-017f-48c3-b953-ed6b880e95b9,admu,"Campus Life",up,61,2026-05-20T08:58:05.244Z
f1616c42-017f-48c3-b953-ed6b880e95b9,admu,"Campus Life",ust,57,2026-05-20T08:58:05.244Z
f1616c42-017f-48c3-b953-ed6b880e95b9,admu,"Values & Identity",admu,85,2026-05-20T08:58:05.244Z
f1616c42-017f-48c3-b953-ed6b880e95b9,admu,"Values & Identity",dlsu,60,2026-05-20T08:58:05.244Z
f1616c42-017f-48c3-b953-ed6b880e95b9,admu,"Values & Identity",up,73,2026-05-20T08:58:05.244Z
f1616c42-017f-48c3-b953-ed6b880e95b9,admu,"Values & Identity",ust,63,2026-05-20T08:58:05.244Z
6a80d135-1fe5-4849-aeb9-23d2d20a8b1f,up,"Academic Experience",admu,77,2026-05-20T09:34:59.402Z
6a80d135-1fe5-4849-aeb9-23d2d20a8b1f,up,"Academic Experience",dlsu,20,2026-05-20T09:34:59.402Z
6a80d135-1fe5-4849-aeb9-23d2d20a8b1f,up,"Academic Experience",up,107,2026-05-20T09:34:59.402Z
6a80d135-1fe5-4849-aeb9-23d2d20a8b1f,up,"Academic Experience",ust,15,2026-05-20T09:34:59.402Z
6a80d135-1fe5-4849-aeb9-23d2d20a8b1f,up,"Social & Cultural Fit",admu,37,2026-05-20T09:34:59.402Z
6a80d135-1fe5-4849-aeb9-23d2d20a8b1f,up,"Social & Cultural Fit",dlsu,27,2026-05-20T09:34:59.402Z
6a80d135-1fe5-4849-aeb9-23d2d20a8b1f,up,"Social & Cultural Fit",up,118,2026-05-20T09:34:59.402Z
6a80d135-1fe5-4849-aeb9-23d2d20a8b1f,up,"Social & Cultural Fit",ust,83,2026-05-20T09:34:59.402Z
6a80d135-1fe5-4849-aeb9-23d2d20a8b1f,up,"Campus Life",admu,68,2026-05-20T09:34:59.402Z
6a80d135-1fe5-4849-aeb9-23d2d20a8b1f,up,"Campus Life",dlsu,54,2026-05-20T09:34:59.402Z
6a80d135-1fe5-4849-aeb9-23d2d20a8b1f,up,"Campus Life",up,157,2026-05-20T09:34:59.402Z
6a80d135-1fe5-4849-aeb9-23d2d20a8b1f,up,"Campus Life",ust,107,2026-05-20T09:34:59.402Z
6a80d135-1fe5-4849-aeb9-23d2d20a8b1f,up,"Values & Identity",admu,67,2026-05-20T09:34:59.402Z
6a80d135-1fe5-4849-aeb9-23d2d20a8b1f,up,"Values & Identity",dlsu,46,2026-05-20T09:34:59.402Z
6a80d135-1fe5-4849-aeb9-23d2d20a8b1f,up,"Values & Identity",up,128,2026-05-20T09:34:59.402Z
6a80d135-1fe5-4849-aeb9-23d2d20a8b1f,up,"Values & Identity",ust,20,2026-05-20T09:34:59.402Z
42ee8004-ba49-4d0d-b389-612d3864fdc8,ust,"Academic Experience",admu,28,2026-05-20T18:31:59.151Z
42ee8004-ba49-4d0d-b389-612d3864fdc8,ust,"Academic Experience",dlsu,38,2026-05-20T18:31:59.151Z
42ee8004-ba49-4d0d-b389-612d3864fdc8,ust,"Academic Experience",up,12,2026-05-20T18:31:59.151Z
42ee8004-ba49-4d0d-b389-612d3864fdc8,ust,"Academic Experience",ust,100,2026-05-20T18:31:59.151Z
42ee8004-ba49-4d0d-b389-612d3864fdc8,ust,"Social & Cultural Fit",admu,40,2026-05-20T18:31:59.151Z
42ee8004-ba49-4d0d-b389-612d3864fdc8,ust,"Social & Cultural Fit",dlsu,40,2026-05-20T18:31:59.151Z
42ee8004-ba49-4d0d-b389-612d3864fdc8,ust,"Social & Cultural Fit",up,112,2026-05-20T18:31:59.151Z
42ee8004-ba49-4d0d-b389-612d3864fdc8,ust,"Social & Cultural Fit",ust,121,2026-05-20T18:31:59.151Z
42ee8004-ba49-4d0d-b389-612d3864fdc8,ust,"Campus Life",admu,68,2026-05-20T18:31:59.151Z
42ee8004-ba49-4d0d-b389-612d3864fdc8,ust,"Campus Life",dlsu,71,2026-05-20T18:31:59.151Z
42ee8004-ba49-4d0d-b389-612d3864fdc8,ust,"Campus Life",up,108,2026-05-20T18:31:59.151Z
42ee8004-ba49-4d0d-b389-612d3864fdc8,ust,"Campus Life",ust,117,2026-05-20T18:31:59.151Z
42ee8004-ba49-4d0d-b389-612d3864fdc8,ust,"Values & Identity",admu,40,2026-05-20T18:31:59.151Z
42ee8004-ba49-4d0d-b389-612d3864fdc8,ust,"Values & Identity",dlsu,52,2026-05-20T18:31:59.151Z
42ee8004-ba49-4d0d-b389-612d3864fdc8,ust,"Values & Identity",up,64,2026-05-20T18:31:59.151Z
42ee8004-ba49-4d0d-b389-612d3864fdc8,ust,"Values & Identity",ust,108,2026-05-20T18:31:59.151Z
8126cb4b-2c59-49da-8379-1149e1ab3cbe,admu,"Academic Experience",admu,81,2026-05-21T00:32:32.982Z
8126cb4b-2c59-49da-8379-1149e1ab3cbe,admu,"Academic Experience",dlsu,50,2026-05-21T00:32:32.982Z
8126cb4b-2c59-49da-8379-1149e1ab3cbe,admu,"Academic Experience",up,55,2026-05-21T00:32:32.982Z
8126cb4b-2c59-49da-8379-1149e1ab3cbe,admu,"Academic Experience",ust,34,2026-05-21T00:32:32.982Z
8126cb4b-2c59-49da-8379-1149e1ab3cbe,admu,"Social & Cultural Fit",admu,84,2026-05-21T00:32:32.982Z
8126cb4b-2c59-49da-8379-1149e1ab3cbe,admu,"Social & Cultural Fit",dlsu,71,2026-05-21T00:32:32.982Z
8126cb4b-2c59-49da-8379-1149e1ab3cbe,admu,"Social & Cultural Fit",up,57,2026-05-21T00:32:32.982Z
8126cb4b-2c59-49da-8379-1149e1ab3cbe,admu,"Social & Cultural Fit",ust,53,2026-05-21T00:32:32.982Z
8126cb4b-2c59-49da-8379-1149e1ab3cbe,admu,"Campus Life",admu,135,2026-05-21T00:32:32.982Z
8126cb4b-2c59-49da-8379-1149e1ab3cbe,admu,"Campus Life",dlsu,93,2026-05-21T00:32:32.982Z
8126cb4b-2c59-49da-8379-1149e1ab3cbe,admu,"Campus Life",up,89,2026-05-21T00:32:32.982Z
8126cb4b-2c59-49da-8379-1149e1ab3cbe,admu,"Campus Life",ust,57,2026-05-21T00:32:32.982Z
8126cb4b-2c59-49da-8379-1149e1ab3cbe,admu,"Values & Identity",admu,112,2026-05-21T00:32:32.982Z
8126cb4b-2c59-49da-8379-1149e1ab3cbe,admu,"Values & Identity",dlsu,57,2026-05-21T00:32:32.982Z
8126cb4b-2c59-49da-8379-1149e1ab3cbe,admu,"Values & Identity",up,68,2026-05-21T00:32:32.982Z
8126cb4b-2c59-49da-8379-1149e1ab3cbe,admu,"Values & Identity",ust,38,2026-05-21T00:32:32.982Z
0ca7a03f-aaba-4386-a8bc-0f8d22a3ebf0,ust,"Academic Experience",admu,53,2026-05-21T06:24:44.879Z
0ca7a03f-aaba-4386-a8bc-0f8d22a3ebf0,ust,"Academic Experience",dlsu,50,2026-05-21T06:24:44.879Z
0ca7a03f-aaba-4386-a8bc-0f8d22a3ebf0,ust,"Academic Experience",up,9,2026-05-21T06:24:44.879Z
0ca7a03f-aaba-4386-a8bc-0f8d22a3ebf0,ust,"Academic Experience",ust,78,2026-05-21T06:24:44.879Z
0ca7a03f-aaba-4386-a8bc-0f8d22a3ebf0,ust,"Social & Cultural Fit",admu,46,2026-05-21T06:24:44.879Z
0ca7a03f-aaba-4386-a8bc-0f8d22a3ebf0,ust,"Social & Cultural Fit",dlsu,59,2026-05-21T06:24:44.879Z
0ca7a03f-aaba-4386-a8bc-0f8d22a3ebf0,ust,"Social & Cultural Fit",up,98,2026-05-21T06:24:44.879Z
0ca7a03f-aaba-4386-a8bc-0f8d22a3ebf0,ust,"Social & Cultural Fit",ust,101,2026-05-21T06:24:44.879Z
0ca7a03f-aaba-4386-a8bc-0f8d22a3ebf0,ust,"Campus Life",admu,71,2026-05-21T06:24:44.879Z
0ca7a03f-aaba-4386-a8bc-0f8d22a3ebf0,ust,"Campus Life",dlsu,78,2026-05-21T06:24:44.879Z
0ca7a03f-aaba-4386-a8bc-0f8d22a3ebf0,ust,"Campus Life",up,81,2026-05-21T06:24:44.879Z
0ca7a03f-aaba-4386-a8bc-0f8d22a3ebf0,ust,"Campus Life",ust,131,2026-05-21T06:24:44.879Z
0ca7a03f-aaba-4386-a8bc-0f8d22a3ebf0,ust,"Values & Identity",admu,49,2026-05-21T06:24:44.879Z
0ca7a03f-aaba-4386-a8bc-0f8d22a3ebf0,ust,"Values & Identity",dlsu,64,2026-05-21T06:24:44.879Z
0ca7a03f-aaba-4386-a8bc-0f8d22a3ebf0,ust,"Values & Identity",up,67,2026-05-21T06:24:44.879Z
0ca7a03f-aaba-4386-a8bc-0f8d22a3ebf0,ust,"Values & Identity",ust,107,2026-05-21T06:24:44.879Z
c5e47751-fc41-4d38-9b10-adf02b56f187,admu,"Academic Experience",admu,81,2026-05-21T06:31:53.394Z
c5e47751-fc41-4d38-9b10-adf02b56f187,admu,"Academic Experience",dlsu,52,2026-05-21T06:31:53.394Z
c5e47751-fc41-4d38-9b10-adf02b56f187,admu,"Academic Experience",up,17,2026-05-21T06:31:53.394Z
c5e47751-fc41-4d38-9b10-adf02b56f187,admu,"Academic Experience",ust,52,2026-05-21T06:31:53.394Z
c5e47751-fc41-4d38-9b10-adf02b56f187,admu,"Social & Cultural Fit",admu,96,2026-05-21T06:31:53.394Z
c5e47751-fc41-4d38-9b10-adf02b56f187,admu,"Social & Cultural Fit",dlsu,107,2026-05-21T06:31:53.394Z
c5e47751-fc41-4d38-9b10-adf02b56f187,admu,"Social & Cultural Fit",up,19,2026-05-21T06:31:53.394Z
c5e47751-fc41-4d38-9b10-adf02b56f187,admu,"Social & Cultural Fit",ust,49,2026-05-21T06:31:53.394Z
c5e47751-fc41-4d38-9b10-adf02b56f187,admu,"Campus Life",admu,111,2026-05-21T06:31:53.394Z
c5e47751-fc41-4d38-9b10-adf02b56f187,admu,"Campus Life",dlsu,99,2026-05-21T06:31:53.394Z
c5e47751-fc41-4d38-9b10-adf02b56f187,admu,"Campus Life",up,75,2026-05-21T06:31:53.394Z
c5e47751-fc41-4d38-9b10-adf02b56f187,admu,"Campus Life",ust,82,2026-05-21T06:31:53.394Z
c5e47751-fc41-4d38-9b10-adf02b56f187,admu,"Values & Identity",admu,129,2026-05-21T06:31:53.394Z
c5e47751-fc41-4d38-9b10-adf02b56f187,admu,"Values & Identity",dlsu,56,2026-05-21T06:31:53.394Z
c5e47751-fc41-4d38-9b10-adf02b56f187,admu,"Values & Identity",up,60,2026-05-21T06:31:53.394Z
c5e47751-fc41-4d38-9b10-adf02b56f187,admu,"Values & Identity",ust,28,2026-05-21T06:31:53.394Z
31e76399-bff2-49a7-a54d-3139e2b029d2,admu,"Academic Experience",admu,113,2026-05-21T10:48:00.454Z
31e76399-bff2-49a7-a54d-3139e2b029d2,admu,"Academic Experience",dlsu,43,2026-05-21T10:48:00.454Z
31e76399-bff2-49a7-a54d-3139e2b029d2,admu,"Academic Experience",up,37,2026-05-21T10:48:00.454Z
31e76399-bff2-49a7-a54d-3139e2b029d2,admu,"Academic Experience",ust,34,2026-05-21T10:48:00.454Z
31e76399-bff2-49a7-a54d-3139e2b029d2,admu,"Social & Cultural Fit",admu,106,2026-05-21T10:48:00.454Z
31e76399-bff2-49a7-a54d-3139e2b029d2,admu,"Social & Cultural Fit",dlsu,96,2026-05-21T10:48:00.454Z
31e76399-bff2-49a7-a54d-3139e2b029d2,admu,"Social & Cultural Fit",up,21,2026-05-21T10:48:00.454Z
31e76399-bff2-49a7-a54d-3139e2b029d2,admu,"Social & Cultural Fit",ust,36,2026-05-21T10:48:00.454Z
31e76399-bff2-49a7-a54d-3139e2b029d2,admu,"Campus Life",admu,135,2026-05-21T10:48:00.454Z
31e76399-bff2-49a7-a54d-3139e2b029d2,admu,"Campus Life",dlsu,93,2026-05-21T10:48:00.454Z
31e76399-bff2-49a7-a54d-3139e2b029d2,admu,"Campus Life",up,89,2026-05-21T10:48:00.454Z
31e76399-bff2-49a7-a54d-3139e2b029d2,admu,"Campus Life",ust,57,2026-05-21T10:48:00.454Z
31e76399-bff2-49a7-a54d-3139e2b029d2,admu,"Values & Identity",admu,97,2026-05-21T10:48:00.454Z
31e76399-bff2-49a7-a54d-3139e2b029d2,admu,"Values & Identity",dlsu,84,2026-05-21T10:48:00.454Z
31e76399-bff2-49a7-a54d-3139e2b029d2,admu,"Values & Identity",up,46,2026-05-21T10:48:00.454Z
31e76399-bff2-49a7-a54d-3139e2b029d2,admu,"Values & Identity",ust,36,2026-05-21T10:48:00.454Z
170946fa-6eb7-44c2-828e-270fb02dfd43,up,"Academic Experience",admu,34,2026-05-21T11:03:35.498Z
170946fa-6eb7-44c2-828e-270fb02dfd43,up,"Academic Experience",dlsu,14,2026-05-21T11:03:35.498Z
170946fa-6eb7-44c2-828e-270fb02dfd43,up,"Academic Experience",up,102,2026-05-21T11:03:35.498Z
170946fa-6eb7-44c2-828e-270fb02dfd43,up,"Academic Experience",ust,55,2026-05-21T11:03:35.498Z
170946fa-6eb7-44c2-828e-270fb02dfd43,up,"Social & Cultural Fit",admu,41,2026-05-21T11:03:35.498Z
170946fa-6eb7-44c2-828e-270fb02dfd43,up,"Social & Cultural Fit",dlsu,32,2026-05-21T11:03:35.498Z
170946fa-6eb7-44c2-828e-270fb02dfd43,up,"Social & Cultural Fit",up,136,2026-05-21T11:03:35.498Z
170946fa-6eb7-44c2-828e-270fb02dfd43,up,"Social & Cultural Fit",ust,91,2026-05-21T11:03:35.498Z
170946fa-6eb7-44c2-828e-270fb02dfd43,up,"Campus Life",admu,85,2026-05-21T11:03:35.498Z
170946fa-6eb7-44c2-828e-270fb02dfd43,up,"Campus Life",dlsu,68,2026-05-21T11:03:35.498Z
170946fa-6eb7-44c2-828e-270fb02dfd43,up,"Campus Life",up,153,2026-05-21T11:03:35.498Z
170946fa-6eb7-44c2-828e-270fb02dfd43,up,"Campus Life",ust,86,2026-05-21T11:03:35.498Z
170946fa-6eb7-44c2-828e-270fb02dfd43,up,"Values & Identity",admu,77,2026-05-21T11:03:35.498Z
170946fa-6eb7-44c2-828e-270fb02dfd43,up,"Values & Identity",dlsu,83,2026-05-21T11:03:35.498Z
170946fa-6eb7-44c2-828e-270fb02dfd43,up,"Values & Identity",up,85,2026-05-21T11:03:35.498Z
170946fa-6eb7-44c2-828e-270fb02dfd43,up,"Values & Identity",ust,33,2026-05-21T11:03:35.498Z
d5729d96-5e15-4afc-ac10-f35839789951,admu,"Academic Experience",admu,81,2026-05-21T14:03:47.323Z
d5729d96-5e15-4afc-ac10-f35839789951,admu,"Academic Experience",dlsu,60,2026-05-21T14:03:47.323Z
d5729d96-5e15-4afc-ac10-f35839789951,admu,"Academic Experience",up,30,2026-05-21T14:03:47.323Z
d5729d96-5e15-4afc-ac10-f35839789951,admu,"Academic Experience",ust,29,2026-05-21T14:03:47.323Z
d5729d96-5e15-4afc-ac10-f35839789951,admu,"Social & Cultural Fit",admu,54,2026-05-21T14:03:47.323Z
d5729d96-5e15-4afc-ac10-f35839789951,admu,"Social & Cultural Fit",dlsu,51,2026-05-21T14:03:47.323Z
d5729d96-5e15-4afc-ac10-f35839789951,admu,"Social & Cultural Fit",up,87,2026-05-21T14:03:47.323Z
d5729d96-5e15-4afc-ac10-f35839789951,admu,"Social & Cultural Fit",ust,80,2026-05-21T14:03:47.323Z
d5729d96-5e15-4afc-ac10-f35839789951,admu,"Campus Life",admu,115,2026-05-21T14:03:47.323Z
d5729d96-5e15-4afc-ac10-f35839789951,admu,"Campus Life",dlsu,111,2026-05-21T14:03:47.323Z
d5729d96-5e15-4afc-ac10-f35839789951,admu,"Campus Life",up,91,2026-05-21T14:03:47.323Z
d5729d96-5e15-4afc-ac10-f35839789951,admu,"Campus Life",ust,64,2026-05-21T14:03:47.323Z
d5729d96-5e15-4afc-ac10-f35839789951,admu,"Values & Identity",admu,85,2026-05-21T14:03:47.323Z
d5729d96-5e15-4afc-ac10-f35839789951,admu,"Values & Identity",dlsu,49,2026-05-21T14:03:47.323Z
d5729d96-5e15-4afc-ac10-f35839789951,admu,"Values & Identity",up,64,2026-05-21T14:03:47.323Z
d5729d96-5e15-4afc-ac10-f35839789951,admu,"Values & Identity",ust,48,2026-05-21T14:03:47.323Z
0c13ae6f-419e-4b7e-9252-8d68abca884f,admu,"Academic Experience",admu,65,2026-05-21T15:21:41.451Z
0c13ae6f-419e-4b7e-9252-8d68abca884f,admu,"Academic Experience",dlsu,31,2026-05-21T15:21:41.451Z
0c13ae6f-419e-4b7e-9252-8d68abca884f,admu,"Academic Experience",up,43,2026-05-21T15:21:41.451Z
0c13ae6f-419e-4b7e-9252-8d68abca884f,admu,"Academic Experience",ust,54,2026-05-21T15:21:41.451Z
0c13ae6f-419e-4b7e-9252-8d68abca884f,admu,"Social & Cultural Fit",admu,87,2026-05-21T15:21:41.451Z
0c13ae6f-419e-4b7e-9252-8d68abca884f,admu,"Social & Cultural Fit",dlsu,77,2026-05-21T15:21:41.451Z
0c13ae6f-419e-4b7e-9252-8d68abca884f,admu,"Social & Cultural Fit",up,38,2026-05-21T15:21:41.451Z
0c13ae6f-419e-4b7e-9252-8d68abca884f,admu,"Social & Cultural Fit",ust,64,2026-05-21T15:21:41.451Z
0c13ae6f-419e-4b7e-9252-8d68abca884f,admu,"Campus Life",admu,108,2026-05-21T15:21:41.451Z
0c13ae6f-419e-4b7e-9252-8d68abca884f,admu,"Campus Life",dlsu,131,2026-05-21T15:21:41.451Z
0c13ae6f-419e-4b7e-9252-8d68abca884f,admu,"Campus Life",up,63,2026-05-21T15:21:41.451Z
0c13ae6f-419e-4b7e-9252-8d68abca884f,admu,"Campus Life",ust,63,2026-05-21T15:21:41.451Z
0c13ae6f-419e-4b7e-9252-8d68abca884f,admu,"Values & Identity",admu,93,2026-05-21T15:21:41.451Z
0c13ae6f-419e-4b7e-9252-8d68abca884f,admu,"Values & Identity",dlsu,67,2026-05-21T15:21:41.451Z
0c13ae6f-419e-4b7e-9252-8d68abca884f,admu,"Values & Identity",up,32,2026-05-21T15:21:41.451Z
0c13ae6f-419e-4b7e-9252-8d68abca884f,admu,"Values & Identity",ust,62,2026-05-21T15:21:41.451Z
ab1b1ccc-5a6e-4897-9ecb-cc99218b86f2,admu,"Academic Experience",admu,96,2026-05-21T15:45:06.318Z
ab1b1ccc-5a6e-4897-9ecb-cc99218b86f2,admu,"Academic Experience",dlsu,61,2026-05-21T15:45:06.318Z
ab1b1ccc-5a6e-4897-9ecb-cc99218b86f2,admu,"Academic Experience",up,17,2026-05-21T15:45:06.318Z
ab1b1ccc-5a6e-4897-9ecb-cc99218b86f2,admu,"Academic Experience",ust,37,2026-05-21T15:45:06.318Z
ab1b1ccc-5a6e-4897-9ecb-cc99218b86f2,admu,"Social & Cultural Fit",admu,116,2026-05-21T15:45:06.318Z
ab1b1ccc-5a6e-4897-9ecb-cc99218b86f2,admu,"Social & Cultural Fit",dlsu,99,2026-05-21T15:45:06.318Z
ab1b1ccc-5a6e-4897-9ecb-cc99218b86f2,admu,"Social & Cultural Fit",up,34,2026-05-21T15:45:06.318Z
ab1b1ccc-5a6e-4897-9ecb-cc99218b86f2,admu,"Social & Cultural Fit",ust,52,2026-05-21T15:45:06.318Z
ab1b1ccc-5a6e-4897-9ecb-cc99218b86f2,admu,"Campus Life",admu,140,2026-05-21T15:45:06.318Z
ab1b1ccc-5a6e-4897-9ecb-cc99218b86f2,admu,"Campus Life",dlsu,102,2026-05-21T15:45:06.318Z
ab1b1ccc-5a6e-4897-9ecb-cc99218b86f2,admu,"Campus Life",up,73,2026-05-21T15:45:06.318Z
ab1b1ccc-5a6e-4897-9ecb-cc99218b86f2,admu,"Campus Life",ust,53,2026-05-21T15:45:06.318Z
ab1b1ccc-5a6e-4897-9ecb-cc99218b86f2,admu,"Values & Identity",admu,109,2026-05-21T15:45:06.318Z
ab1b1ccc-5a6e-4897-9ecb-cc99218b86f2,admu,"Values & Identity",dlsu,76,2026-05-21T15:45:06.318Z
ab1b1ccc-5a6e-4897-9ecb-cc99218b86f2,admu,"Values & Identity",up,60,2026-05-21T15:45:06.318Z
ab1b1ccc-5a6e-4897-9ecb-cc99218b86f2,admu,"Values & Identity",ust,30,2026-05-21T15:45:06.318Z
606d9a51-35cc-4c7f-bbe4-88141df88d25,admu,"Academic Experience",admu,99,2026-05-21T18:33:32.293Z
606d9a51-35cc-4c7f-bbe4-88141df88d25,admu,"Academic Experience",dlsu,54,2026-05-21T18:33:32.293Z
606d9a51-35cc-4c7f-bbe4-88141df88d25,admu,"Academic Experience",up,36,2026-05-21T18:33:32.293Z
606d9a51-35cc-4c7f-bbe4-88141df88d25,admu,"Academic Experience",ust,31,2026-05-21T18:33:32.293Z
606d9a51-35cc-4c7f-bbe4-88141df88d25,admu,"Social & Cultural Fit",admu,105,2026-05-21T18:33:32.293Z
606d9a51-35cc-4c7f-bbe4-88141df88d25,admu,"Social & Cultural Fit",dlsu,81,2026-05-21T18:33:32.293Z
606d9a51-35cc-4c7f-bbe4-88141df88d25,admu,"Social & Cultural Fit",up,51,2026-05-21T18:33:32.293Z
606d9a51-35cc-4c7f-bbe4-88141df88d25,admu,"Social & Cultural Fit",ust,50,2026-05-21T18:33:32.293Z
606d9a51-35cc-4c7f-bbe4-88141df88d25,admu,"Campus Life",admu,125,2026-05-21T18:33:32.293Z
606d9a51-35cc-4c7f-bbe4-88141df88d25,admu,"Campus Life",dlsu,94,2026-05-21T18:33:32.293Z
606d9a51-35cc-4c7f-bbe4-88141df88d25,admu,"Campus Life",up,93,2026-05-21T18:33:32.293Z
606d9a51-35cc-4c7f-bbe4-88141df88d25,admu,"Campus Life",ust,72,2026-05-21T18:33:32.293Z
606d9a51-35cc-4c7f-bbe4-88141df88d25,admu,"Values & Identity",admu,106,2026-05-21T18:33:32.293Z
606d9a51-35cc-4c7f-bbe4-88141df88d25,admu,"Values & Identity",dlsu,69,2026-05-21T18:33:32.293Z
606d9a51-35cc-4c7f-bbe4-88141df88d25,admu,"Values & Identity",up,70,2026-05-21T18:33:32.293Z
606d9a51-35cc-4c7f-bbe4-88141df88d25,admu,"Values & Identity",ust,24,2026-05-21T18:33:32.293Z
69170c00-aaaa-490f-b7b5-292654179b99,admu,"Academic Experience",admu,70,2026-05-22T13:15:18.044Z
69170c00-aaaa-490f-b7b5-292654179b99,admu,"Academic Experience",dlsu,64,2026-05-22T13:15:18.044Z
69170c00-aaaa-490f-b7b5-292654179b99,admu,"Academic Experience",up,67,2026-05-22T13:15:18.044Z
69170c00-aaaa-490f-b7b5-292654179b99,admu,"Academic Experience",ust,30,2026-05-22T13:15:18.044Z
69170c00-aaaa-490f-b7b5-292654179b99,admu,"Social & Cultural Fit",admu,84,2026-05-22T13:15:18.044Z
69170c00-aaaa-490f-b7b5-292654179b99,admu,"Social & Cultural Fit",dlsu,104,2026-05-22T13:15:18.044Z
69170c00-aaaa-490f-b7b5-292654179b99,admu,"Social & Cultural Fit",up,61,2026-05-22T13:15:18.044Z
69170c00-aaaa-490f-b7b5-292654179b99,admu,"Social & Cultural Fit",ust,76,2026-05-22T13:15:18.044Z
69170c00-aaaa-490f-b7b5-292654179b99,admu,"Campus Life",admu,93,2026-05-22T13:15:18.044Z
69170c00-aaaa-490f-b7b5-292654179b99,admu,"Campus Life",dlsu,82,2026-05-22T13:15:18.044Z
69170c00-aaaa-490f-b7b5-292654179b99,admu,"Campus Life",up,112,2026-05-22T13:15:18.044Z
69170c00-aaaa-490f-b7b5-292654179b99,admu,"Campus Life",ust,117,2026-05-22T13:15:18.044Z
69170c00-aaaa-490f-b7b5-292654179b99,admu,"Values & Identity",admu,111,2026-05-22T13:15:18.044Z
69170c00-aaaa-490f-b7b5-292654179b99,admu,"Values & Identity",dlsu,56,2026-05-22T13:15:18.044Z
69170c00-aaaa-490f-b7b5-292654179b99,admu,"Values & Identity",up,44,2026-05-22T13:15:18.044Z
69170c00-aaaa-490f-b7b5-292654179b99,admu,"Values & Identity",ust,44,2026-05-22T13:15:18.044Z
4bc57b94-a487-4436-8765-7c3accfb7b68,up,"Academic Experience",admu,63,2026-05-22T13:24:00.174Z
4bc57b94-a487-4436-8765-7c3accfb7b68,up,"Academic Experience",dlsu,38,2026-05-22T13:24:00.174Z
4bc57b94-a487-4436-8765-7c3accfb7b68,up,"Academic Experience",up,105,2026-05-22T13:24:00.174Z
4bc57b94-a487-4436-8765-7c3accfb7b68,up,"Academic Experience",ust,18,2026-05-22T13:24:00.174Z
4bc57b94-a487-4436-8765-7c3accfb7b68,up,"Social & Cultural Fit",admu,42,2026-05-22T13:24:00.174Z
4bc57b94-a487-4436-8765-7c3accfb7b68,up,"Social & Cultural Fit",dlsu,43,2026-05-22T13:24:00.174Z
4bc57b94-a487-4436-8765-7c3accfb7b68,up,"Social & Cultural Fit",up,118,2026-05-22T13:24:00.174Z
4bc57b94-a487-4436-8765-7c3accfb7b68,up,"Social & Cultural Fit",ust,115,2026-05-22T13:24:00.174Z
4bc57b94-a487-4436-8765-7c3accfb7b68,up,"Campus Life",admu,83,2026-05-22T13:24:00.174Z
4bc57b94-a487-4436-8765-7c3accfb7b68,up,"Campus Life",dlsu,62,2026-05-22T13:24:00.174Z
4bc57b94-a487-4436-8765-7c3accfb7b68,up,"Campus Life",up,137,2026-05-22T13:24:00.174Z
4bc57b94-a487-4436-8765-7c3accfb7b68,up,"Campus Life",ust,88,2026-05-22T13:24:00.174Z
4bc57b94-a487-4436-8765-7c3accfb7b68,up,"Values & Identity",admu,52,2026-05-22T13:24:00.174Z
4bc57b94-a487-4436-8765-7c3accfb7b68,up,"Values & Identity",dlsu,42,2026-05-22T13:24:00.174Z
4bc57b94-a487-4436-8765-7c3accfb7b68,up,"Values & Identity",up,103,2026-05-22T13:24:00.174Z
4bc57b94-a487-4436-8765-7c3accfb7b68,up,"Values & Identity",ust,57,2026-05-22T13:24:00.174Z
bd3d2c34-c349-49bd-ba89-baa16e607a28,admu,"Academic Experience",admu,96,2026-05-22T16:49:52.162Z
bd3d2c34-c349-49bd-ba89-baa16e607a28,admu,"Academic Experience",dlsu,61,2026-05-22T16:49:52.162Z
bd3d2c34-c349-49bd-ba89-baa16e607a28,admu,"Academic Experience",up,17,2026-05-22T16:49:52.162Z
bd3d2c34-c349-49bd-ba89-baa16e607a28,admu,"Academic Experience",ust,37,2026-05-22T16:49:52.162Z
bd3d2c34-c349-49bd-ba89-baa16e607a28,admu,"Social & Cultural Fit",admu,96,2026-05-22T16:49:52.162Z
bd3d2c34-c349-49bd-ba89-baa16e607a28,admu,"Social & Cultural Fit",dlsu,86,2026-05-22T16:49:52.162Z
bd3d2c34-c349-49bd-ba89-baa16e607a28,admu,"Social & Cultural Fit",up,45,2026-05-22T16:49:52.162Z
bd3d2c34-c349-49bd-ba89-baa16e607a28,admu,"Social & Cultural Fit",ust,46,2026-05-22T16:49:52.162Z
bd3d2c34-c349-49bd-ba89-baa16e607a28,admu,"Campus Life",admu,140,2026-05-22T16:49:52.162Z
bd3d2c34-c349-49bd-ba89-baa16e607a28,admu,"Campus Life",dlsu,102,2026-05-22T16:49:52.162Z
bd3d2c34-c349-49bd-ba89-baa16e607a28,admu,"Campus Life",up,73,2026-05-22T16:49:52.162Z
bd3d2c34-c349-49bd-ba89-baa16e607a28,admu,"Campus Life",ust,53,2026-05-22T16:49:52.162Z
bd3d2c34-c349-49bd-ba89-baa16e607a28,admu,"Values & Identity",admu,119,2026-05-22T16:49:52.162Z
bd3d2c34-c349-49bd-ba89-baa16e607a28,admu,"Values & Identity",dlsu,62,2026-05-22T16:49:52.162Z
bd3d2c34-c349-49bd-ba89-baa16e607a28,admu,"Values & Identity",up,66,2026-05-22T16:49:52.162Z
bd3d2c34-c349-49bd-ba89-baa16e607a28,admu,"Values & Identity",ust,32,2026-05-22T16:49:52.162Z
edf6a127-2b6f-4ee7-830e-c12306eb964c,admu,"Academic Experience",admu,113,2026-05-22T17:29:27.606Z
edf6a127-2b6f-4ee7-830e-c12306eb964c,admu,"Academic Experience",dlsu,43,2026-05-22T17:29:27.606Z
edf6a127-2b6f-4ee7-830e-c12306eb964c,admu,"Academic Experience",up,37,2026-05-22T17:29:27.606Z
edf6a127-2b6f-4ee7-830e-c12306eb964c,admu,"Academic Experience",ust,34,2026-05-22T17:29:27.606Z
edf6a127-2b6f-4ee7-830e-c12306eb964c,admu,"Social & Cultural Fit",admu,110,2026-05-22T17:29:27.606Z
edf6a127-2b6f-4ee7-830e-c12306eb964c,admu,"Social & Cultural Fit",dlsu,111,2026-05-22T17:29:27.606Z
edf6a127-2b6f-4ee7-830e-c12306eb964c,admu,"Social & Cultural Fit",up,17,2026-05-22T17:29:27.606Z
edf6a127-2b6f-4ee7-830e-c12306eb964c,admu,"Social & Cultural Fit",ust,50,2026-05-22T17:29:27.606Z
edf6a127-2b6f-4ee7-830e-c12306eb964c,admu,"Campus Life",admu,131,2026-05-22T17:29:27.606Z
edf6a127-2b6f-4ee7-830e-c12306eb964c,admu,"Campus Life",dlsu,87,2026-05-22T17:29:27.606Z
edf6a127-2b6f-4ee7-830e-c12306eb964c,admu,"Campus Life",up,96,2026-05-22T17:29:27.606Z
edf6a127-2b6f-4ee7-830e-c12306eb964c,admu,"Campus Life",ust,63,2026-05-22T17:29:27.606Z
edf6a127-2b6f-4ee7-830e-c12306eb964c,admu,"Values & Identity",admu,111,2026-05-22T17:29:27.606Z
edf6a127-2b6f-4ee7-830e-c12306eb964c,admu,"Values & Identity",dlsu,54,2026-05-22T17:29:27.606Z
edf6a127-2b6f-4ee7-830e-c12306eb964c,admu,"Values & Identity",up,74,2026-05-22T17:29:27.606Z
edf6a127-2b6f-4ee7-830e-c12306eb964c,admu,"Values & Identity",ust,44,2026-05-22T17:29:27.606Z
ba82906a-ae8a-4214-9cad-1c7cc24f3412,ust,"Academic Experience",admu,19,2026-05-23T01:19:44.644Z
ba82906a-ae8a-4214-9cad-1c7cc24f3412,ust,"Academic Experience",dlsu,40,2026-05-23T01:19:44.644Z
ba82906a-ae8a-4214-9cad-1c7cc24f3412,ust,"Academic Experience",up,25,2026-05-23T01:19:44.644Z
ba82906a-ae8a-4214-9cad-1c7cc24f3412,ust,"Academic Experience",ust,95,2026-05-23T01:19:44.644Z
ba82906a-ae8a-4214-9cad-1c7cc24f3412,ust,"Social & Cultural Fit",admu,68,2026-05-23T01:19:44.644Z
ba82906a-ae8a-4214-9cad-1c7cc24f3412,ust,"Social & Cultural Fit",dlsu,63,2026-05-23T01:19:44.644Z
ba82906a-ae8a-4214-9cad-1c7cc24f3412,ust,"Social & Cultural Fit",up,100,2026-05-23T01:19:44.644Z
ba82906a-ae8a-4214-9cad-1c7cc24f3412,ust,"Social & Cultural Fit",ust,87,2026-05-23T01:19:44.644Z
ba82906a-ae8a-4214-9cad-1c7cc24f3412,ust,"Campus Life",admu,78,2026-05-23T01:19:44.644Z
ba82906a-ae8a-4214-9cad-1c7cc24f3412,ust,"Campus Life",dlsu,84,2026-05-23T01:19:44.644Z
ba82906a-ae8a-4214-9cad-1c7cc24f3412,ust,"Campus Life",up,54,2026-05-23T01:19:44.644Z
ba82906a-ae8a-4214-9cad-1c7cc24f3412,ust,"Campus Life",ust,112,2026-05-23T01:19:44.644Z
ba82906a-ae8a-4214-9cad-1c7cc24f3412,ust,"Values & Identity",admu,46,2026-05-23T01:19:44.644Z
ba82906a-ae8a-4214-9cad-1c7cc24f3412,ust,"Values & Identity",dlsu,68,2026-05-23T01:19:44.644Z
ba82906a-ae8a-4214-9cad-1c7cc24f3412,ust,"Values & Identity",up,45,2026-05-23T01:19:44.644Z
ba82906a-ae8a-4214-9cad-1c7cc24f3412,ust,"Values & Identity",ust,113,2026-05-23T01:19:44.644Z
1639234e-b840-446b-b59c-a2477b3a8ae7,dlsu,"Academic Experience",admu,67,2026-05-23T06:27:15.006Z
1639234e-b840-446b-b59c-a2477b3a8ae7,dlsu,"Academic Experience",dlsu,93,2026-05-23T06:27:15.006Z
1639234e-b840-446b-b59c-a2477b3a8ae7,dlsu,"Academic Experience",up,4,2026-05-23T06:27:15.006Z
1639234e-b840-446b-b59c-a2477b3a8ae7,dlsu,"Academic Experience",ust,45,2026-05-23T06:27:15.006Z
1639234e-b840-446b-b59c-a2477b3a8ae7,dlsu,"Social & Cultural Fit",admu,100,2026-05-23T06:27:15.006Z
1639234e-b840-446b-b59c-a2477b3a8ae7,dlsu,"Social & Cultural Fit",dlsu,122,2026-05-23T06:27:15.006Z
1639234e-b840-446b-b59c-a2477b3a8ae7,dlsu,"Social & Cultural Fit",up,38,2026-05-23T06:27:15.006Z
1639234e-b840-446b-b59c-a2477b3a8ae7,dlsu,"Social & Cultural Fit",ust,54,2026-05-23T06:27:15.006Z
1639234e-b840-446b-b59c-a2477b3a8ae7,dlsu,"Campus Life",admu,74,2026-05-23T06:27:15.006Z
1639234e-b840-446b-b59c-a2477b3a8ae7,dlsu,"Campus Life",dlsu,147,2026-05-23T06:27:15.006Z
1639234e-b840-446b-b59c-a2477b3a8ae7,dlsu,"Campus Life",up,68,2026-05-23T06:27:15.006Z
1639234e-b840-446b-b59c-a2477b3a8ae7,dlsu,"Campus Life",ust,82,2026-05-23T06:27:15.006Z
1639234e-b840-446b-b59c-a2477b3a8ae7,dlsu,"Values & Identity",admu,85,2026-05-23T06:27:15.006Z
1639234e-b840-446b-b59c-a2477b3a8ae7,dlsu,"Values & Identity",dlsu,95,2026-05-23T06:27:15.006Z
1639234e-b840-446b-b59c-a2477b3a8ae7,dlsu,"Values & Identity",up,56,2026-05-23T06:27:15.006Z
1639234e-b840-446b-b59c-a2477b3a8ae7,dlsu,"Values & Identity",ust,50,2026-05-23T06:27:15.006Z
e92a8159-18d1-430e-a895-5555cc2272fb,up,"Academic Experience",admu,40,2026-05-23T12:44:58.438Z
e92a8159-18d1-430e-a895-5555cc2272fb,up,"Academic Experience",dlsu,17,2026-05-23T12:44:58.438Z
e92a8159-18d1-430e-a895-5555cc2272fb,up,"Academic Experience",up,122,2026-05-23T12:44:58.438Z
e92a8159-18d1-430e-a895-5555cc2272fb,up,"Academic Experience",ust,35,2026-05-23T12:44:58.438Z
e92a8159-18d1-430e-a895-5555cc2272fb,up,"Social & Cultural Fit",admu,45,2026-05-23T12:44:58.438Z
e92a8159-18d1-430e-a895-5555cc2272fb,up,"Social & Cultural Fit",dlsu,34,2026-05-23T12:44:58.438Z
e92a8159-18d1-430e-a895-5555cc2272fb,up,"Social & Cultural Fit",up,88,2026-05-23T12:44:58.438Z
e92a8159-18d1-430e-a895-5555cc2272fb,up,"Social & Cultural Fit",ust,79,2026-05-23T12:44:58.438Z
e92a8159-18d1-430e-a895-5555cc2272fb,up,"Campus Life",admu,98,2026-05-23T12:44:58.438Z
e92a8159-18d1-430e-a895-5555cc2272fb,up,"Campus Life",dlsu,46,2026-05-23T12:44:58.438Z
e92a8159-18d1-430e-a895-5555cc2272fb,up,"Campus Life",up,154,2026-05-23T12:44:58.438Z
e92a8159-18d1-430e-a895-5555cc2272fb,up,"Campus Life",ust,89,2026-05-23T12:44:58.438Z
e92a8159-18d1-430e-a895-5555cc2272fb,up,"Values & Identity",admu,79,2026-05-23T12:44:58.438Z
e92a8159-18d1-430e-a895-5555cc2272fb,up,"Values & Identity",dlsu,50,2026-05-23T12:44:58.438Z
e92a8159-18d1-430e-a895-5555cc2272fb,up,"Values & Identity",up,97,2026-05-23T12:44:58.438Z
e92a8159-18d1-430e-a895-5555cc2272fb,up,"Values & Identity",ust,43,2026-05-23T12:44:58.438Z
612578ff-1214-4842-ba87-53d096ccfa87,dlsu,"Academic Experience",admu,52,2026-05-23T14:11:58.638Z
612578ff-1214-4842-ba87-53d096ccfa87,dlsu,"Academic Experience",dlsu,108,2026-05-23T14:11:58.638Z
612578ff-1214-4842-ba87-53d096ccfa87,dlsu,"Academic Experience",up,8,2026-05-23T14:11:58.638Z
612578ff-1214-4842-ba87-53d096ccfa87,dlsu,"Academic Experience",ust,45,2026-05-23T14:11:58.638Z
612578ff-1214-4842-ba87-53d096ccfa87,dlsu,"Social & Cultural Fit",admu,88,2026-05-23T14:11:58.638Z
612578ff-1214-4842-ba87-53d096ccfa87,dlsu,"Social & Cultural Fit",dlsu,95,2026-05-23T14:11:58.638Z
612578ff-1214-4842-ba87-53d096ccfa87,dlsu,"Social & Cultural Fit",up,61,2026-05-23T14:11:58.638Z
612578ff-1214-4842-ba87-53d096ccfa87,dlsu,"Social & Cultural Fit",ust,60,2026-05-23T14:11:58.638Z
612578ff-1214-4842-ba87-53d096ccfa87,dlsu,"Campus Life",admu,87,2026-05-23T14:11:58.638Z
612578ff-1214-4842-ba87-53d096ccfa87,dlsu,"Campus Life",dlsu,127,2026-05-23T14:11:58.638Z
612578ff-1214-4842-ba87-53d096ccfa87,dlsu,"Campus Life",up,77,2026-05-23T14:11:58.638Z
612578ff-1214-4842-ba87-53d096ccfa87,dlsu,"Campus Life",ust,73,2026-05-23T14:11:58.638Z
612578ff-1214-4842-ba87-53d096ccfa87,dlsu,"Values & Identity",admu,65,2026-05-23T14:11:58.638Z
612578ff-1214-4842-ba87-53d096ccfa87,dlsu,"Values & Identity",dlsu,106,2026-05-23T14:11:58.638Z
612578ff-1214-4842-ba87-53d096ccfa87,dlsu,"Values & Identity",up,38,2026-05-23T14:11:58.638Z
612578ff-1214-4842-ba87-53d096ccfa87,dlsu,"Values & Identity",ust,54,2026-05-23T14:11:58.638Z
f113798e-6723-4560-a710-9f8475a4285f,dlsu,"Academic Experience",admu,65,2026-05-23T17:10:39.930Z
f113798e-6723-4560-a710-9f8475a4285f,dlsu,"Academic Experience",dlsu,110,2026-05-23T17:10:39.930Z
f113798e-6723-4560-a710-9f8475a4285f,dlsu,"Academic Experience",up,7,2026-05-23T17:10:39.930Z
f113798e-6723-4560-a710-9f8475a4285f,dlsu,"Academic Experience",ust,30,2026-05-23T17:10:39.930Z
f113798e-6723-4560-a710-9f8475a4285f,dlsu,"Social & Cultural Fit",admu,110,2026-05-23T17:10:39.930Z
f113798e-6723-4560-a710-9f8475a4285f,dlsu,"Social & Cultural Fit",dlsu,121,2026-05-23T17:10:39.930Z
f113798e-6723-4560-a710-9f8475a4285f,dlsu,"Social & Cultural Fit",up,18,2026-05-23T17:10:39.930Z
f113798e-6723-4560-a710-9f8475a4285f,dlsu,"Social & Cultural Fit",ust,47,2026-05-23T17:10:39.930Z
f113798e-6723-4560-a710-9f8475a4285f,dlsu,"Campus Life",admu,81,2026-05-23T17:10:39.930Z
f113798e-6723-4560-a710-9f8475a4285f,dlsu,"Campus Life",dlsu,167,2026-05-23T17:10:39.930Z
f113798e-6723-4560-a710-9f8475a4285f,dlsu,"Campus Life",up,47,2026-05-23T17:10:39.930Z
f113798e-6723-4560-a710-9f8475a4285f,dlsu,"Campus Life",ust,64,2026-05-23T17:10:39.930Z
f113798e-6723-4560-a710-9f8475a4285f,dlsu,"Values & Identity",admu,71,2026-05-23T17:10:39.930Z
f113798e-6723-4560-a710-9f8475a4285f,dlsu,"Values & Identity",dlsu,114,2026-05-23T17:10:39.930Z
f113798e-6723-4560-a710-9f8475a4285f,dlsu,"Values & Identity",up,47,2026-05-23T17:10:39.930Z
f113798e-6723-4560-a710-9f8475a4285f,dlsu,"Values & Identity",ust,40,2026-05-23T17:10:39.930Z
1892251a-cb35-4963-9ec9-79987cc6115c,dlsu,"Academic Experience",admu,71,2026-05-23T18:48:02.877Z
1892251a-cb35-4963-9ec9-79987cc6115c,dlsu,"Academic Experience",dlsu,92,2026-05-23T18:48:02.877Z
1892251a-cb35-4963-9ec9-79987cc6115c,dlsu,"Academic Experience",up,26,2026-05-23T18:48:02.877Z
1892251a-cb35-4963-9ec9-79987cc6115c,dlsu,"Academic Experience",ust,25,2026-05-23T18:48:02.877Z
1892251a-cb35-4963-9ec9-79987cc6115c,dlsu,"Social & Cultural Fit",admu,60,2026-05-23T18:48:02.877Z
1892251a-cb35-4963-9ec9-79987cc6115c,dlsu,"Social & Cultural Fit",dlsu,58,2026-05-23T18:48:02.877Z
1892251a-cb35-4963-9ec9-79987cc6115c,dlsu,"Social & Cultural Fit",up,94,2026-05-23T18:48:02.877Z
1892251a-cb35-4963-9ec9-79987cc6115c,dlsu,"Social & Cultural Fit",ust,83,2026-05-23T18:48:02.877Z
1892251a-cb35-4963-9ec9-79987cc6115c,dlsu,"Campus Life",admu,100,2026-05-23T18:48:02.877Z
1892251a-cb35-4963-9ec9-79987cc6115c,dlsu,"Campus Life",dlsu,131,2026-05-23T18:48:02.877Z
1892251a-cb35-4963-9ec9-79987cc6115c,dlsu,"Campus Life",up,63,2026-05-23T18:48:02.877Z
1892251a-cb35-4963-9ec9-79987cc6115c,dlsu,"Campus Life",ust,79,2026-05-23T18:48:02.877Z
1892251a-cb35-4963-9ec9-79987cc6115c,dlsu,"Values & Identity",admu,68,2026-05-23T18:48:02.877Z
1892251a-cb35-4963-9ec9-79987cc6115c,dlsu,"Values & Identity",dlsu,94,2026-05-23T18:48:02.877Z
1892251a-cb35-4963-9ec9-79987cc6115c,dlsu,"Values & Identity",up,53,2026-05-23T18:48:02.877Z
1892251a-cb35-4963-9ec9-79987cc6115c,dlsu,"Values & Identity",ust,63,2026-05-23T18:48:02.877Z
24a7d7b0-b718-4bbe-a285-c50960c40975,admu,"Academic Experience",admu,99,2026-05-24T04:43:08.326Z
24a7d7b0-b718-4bbe-a285-c50960c40975,admu,"Academic Experience",dlsu,61,2026-05-24T04:43:08.326Z
24a7d7b0-b718-4bbe-a285-c50960c40975,admu,"Academic Experience",up,35,2026-05-24T04:43:08.326Z
24a7d7b0-b718-4bbe-a285-c50960c40975,admu,"Academic Experience",ust,37,2026-05-24T04:43:08.326Z
24a7d7b0-b718-4bbe-a285-c50960c40975,admu,"Social & Cultural Fit",admu,120,2026-05-24T04:43:08.326Z
24a7d7b0-b718-4bbe-a285-c50960c40975,admu,"Social & Cultural Fit",dlsu,115,2026-05-24T04:43:08.326Z
24a7d7b0-b718-4bbe-a285-c50960c40975,admu,"Social & Cultural Fit",up,14,2026-05-24T04:43:08.326Z
24a7d7b0-b718-4bbe-a285-c50960c40975,admu,"Social & Cultural Fit",ust,38,2026-05-24T04:43:08.326Z
24a7d7b0-b718-4bbe-a285-c50960c40975,admu,"Campus Life",admu,120,2026-05-24T04:43:08.326Z
24a7d7b0-b718-4bbe-a285-c50960c40975,admu,"Campus Life",dlsu,105,2026-05-24T04:43:08.326Z
24a7d7b0-b718-4bbe-a285-c50960c40975,admu,"Campus Life",up,78,2026-05-24T04:43:08.326Z
24a7d7b0-b718-4bbe-a285-c50960c40975,admu,"Campus Life",ust,72,2026-05-24T04:43:08.326Z
24a7d7b0-b718-4bbe-a285-c50960c40975,admu,"Values & Identity",admu,95,2026-05-24T04:43:08.326Z
24a7d7b0-b718-4bbe-a285-c50960c40975,admu,"Values & Identity",dlsu,55,2026-05-24T04:43:08.326Z
24a7d7b0-b718-4bbe-a285-c50960c40975,admu,"Values & Identity",up,30,2026-05-24T04:43:08.326Z
24a7d7b0-b718-4bbe-a285-c50960c40975,admu,"Values & Identity",ust,74,2026-05-24T04:43:08.326Z
a34842f2-d4c1-4341-a5d3-f83b079ef0a2,up,"Academic Experience",admu,26,2026-05-24T05:41:50.454Z
a34842f2-d4c1-4341-a5d3-f83b079ef0a2,up,"Academic Experience",dlsu,54,2026-05-24T05:41:50.454Z
a34842f2-d4c1-4341-a5d3-f83b079ef0a2,up,"Academic Experience",up,100,2026-05-24T05:41:50.454Z
a34842f2-d4c1-4341-a5d3-f83b079ef0a2,up,"Academic Experience",ust,20,2026-05-24T05:41:50.454Z
a34842f2-d4c1-4341-a5d3-f83b079ef0a2,up,"Social & Cultural Fit",admu,56,2026-05-24T05:41:50.454Z
a34842f2-d4c1-4341-a5d3-f83b079ef0a2,up,"Social & Cultural Fit",dlsu,37,2026-05-24T05:41:50.454Z
a34842f2-d4c1-4341-a5d3-f83b079ef0a2,up,"Social & Cultural Fit",up,124,2026-05-24T05:41:50.454Z
a34842f2-d4c1-4341-a5d3-f83b079ef0a2,up,"Social & Cultural Fit",ust,84,2026-05-24T05:41:50.454Z
a34842f2-d4c1-4341-a5d3-f83b079ef0a2,up,"Campus Life",admu,90,2026-05-24T05:41:50.454Z
a34842f2-d4c1-4341-a5d3-f83b079ef0a2,up,"Campus Life",dlsu,100,2026-05-24T05:41:50.454Z
a34842f2-d4c1-4341-a5d3-f83b079ef0a2,up,"Campus Life",up,107,2026-05-24T05:41:50.454Z
a34842f2-d4c1-4341-a5d3-f83b079ef0a2,up,"Campus Life",ust,82,2026-05-24T05:41:50.454Z
a34842f2-d4c1-4341-a5d3-f83b079ef0a2,up,"Values & Identity",admu,36,2026-05-24T05:41:50.454Z
a34842f2-d4c1-4341-a5d3-f83b079ef0a2,up,"Values & Identity",dlsu,48,2026-05-24T05:41:50.454Z
a34842f2-d4c1-4341-a5d3-f83b079ef0a2,up,"Values & Identity",up,90,2026-05-24T05:41:50.454Z
a34842f2-d4c1-4341-a5d3-f83b079ef0a2,up,"Values & Identity",ust,66,2026-05-24T05:41:50.454Z
7a4e1953-f7c6-4733-8748-95e494660ac6,dlsu,"Academic Experience",admu,45,2026-05-24T05:43:06.866Z
7a4e1953-f7c6-4733-8748-95e494660ac6,dlsu,"Academic Experience",dlsu,111,2026-05-24T05:43:06.866Z
7a4e1953-f7c6-4733-8748-95e494660ac6,dlsu,"Academic Experience",up,26,2026-05-24T05:43:06.866Z
7a4e1953-f7c6-4733-8748-95e494660ac6,dlsu,"Academic Experience",ust,28,2026-05-24T05:43:06.866Z
7a4e1953-f7c6-4733-8748-95e494660ac6,dlsu,"Social & Cultural Fit",admu,84,2026-05-24T05:43:06.866Z
7a4e1953-f7c6-4733-8748-95e494660ac6,dlsu,"Social & Cultural Fit",dlsu,102,2026-05-24T05:43:06.866Z
7a4e1953-f7c6-4733-8748-95e494660ac6,dlsu,"Social & Cultural Fit",up,72,2026-05-24T05:43:06.866Z
7a4e1953-f7c6-4733-8748-95e494660ac6,dlsu,"Social & Cultural Fit",ust,80,2026-05-24T05:43:06.866Z
7a4e1953-f7c6-4733-8748-95e494660ac6,dlsu,"Campus Life",admu,74,2026-05-24T05:43:06.866Z
7a4e1953-f7c6-4733-8748-95e494660ac6,dlsu,"Campus Life",dlsu,157,2026-05-24T05:43:06.866Z
7a4e1953-f7c6-4733-8748-95e494660ac6,dlsu,"Campus Life",up,63,2026-05-24T05:43:06.866Z
7a4e1953-f7c6-4733-8748-95e494660ac6,dlsu,"Campus Life",ust,82,2026-05-24T05:43:06.866Z
7a4e1953-f7c6-4733-8748-95e494660ac6,dlsu,"Values & Identity",admu,66,2026-05-24T05:43:06.866Z
7a4e1953-f7c6-4733-8748-95e494660ac6,dlsu,"Values & Identity",dlsu,116,2026-05-24T05:43:06.866Z
7a4e1953-f7c6-4733-8748-95e494660ac6,dlsu,"Values & Identity",up,39,2026-05-24T05:43:06.866Z
7a4e1953-f7c6-4733-8748-95e494660ac6,dlsu,"Values & Identity",ust,49,2026-05-24T05:43:06.866Z
28383d47-4cfd-4553-9931-51ebe8f19626,admu,"Academic Experience",admu,101,2026-05-24T12:52:20.535Z
28383d47-4cfd-4553-9931-51ebe8f19626,admu,"Academic Experience",dlsu,57,2026-05-24T12:52:20.535Z
28383d47-4cfd-4553-9931-51ebe8f19626,admu,"Academic Experience",up,36,2026-05-24T12:52:20.535Z
28383d47-4cfd-4553-9931-51ebe8f19626,admu,"Academic Experience",ust,35,2026-05-24T12:52:20.535Z
28383d47-4cfd-4553-9931-51ebe8f19626,admu,"Social & Cultural Fit",admu,96,2026-05-24T12:52:20.535Z
28383d47-4cfd-4553-9931-51ebe8f19626,admu,"Social & Cultural Fit",dlsu,93,2026-05-24T12:52:20.535Z
28383d47-4cfd-4553-9931-51ebe8f19626,admu,"Social & Cultural Fit",up,36,2026-05-24T12:52:20.535Z
28383d47-4cfd-4553-9931-51ebe8f19626,admu,"Social & Cultural Fit",ust,41,2026-05-24T12:52:20.535Z
28383d47-4cfd-4553-9931-51ebe8f19626,admu,"Campus Life",admu,99,2026-05-24T12:52:20.535Z
28383d47-4cfd-4553-9931-51ebe8f19626,admu,"Campus Life",dlsu,88,2026-05-24T12:52:20.535Z
28383d47-4cfd-4553-9931-51ebe8f19626,admu,"Campus Life",up,62,2026-05-24T12:52:20.535Z
28383d47-4cfd-4553-9931-51ebe8f19626,admu,"Campus Life",ust,93,2026-05-24T12:52:20.535Z
28383d47-4cfd-4553-9931-51ebe8f19626,admu,"Values & Identity",admu,81,2026-05-24T12:52:20.535Z
28383d47-4cfd-4553-9931-51ebe8f19626,admu,"Values & Identity",dlsu,80,2026-05-24T12:52:20.535Z
28383d47-4cfd-4553-9931-51ebe8f19626,admu,"Values & Identity",up,64,2026-05-24T12:52:20.535Z
28383d47-4cfd-4553-9931-51ebe8f19626,admu,"Values & Identity",ust,52,2026-05-24T12:52:20.535Z
7480e818-349b-400a-9798-45420831d901,ust,"Academic Experience",admu,22,2026-05-24T16:14:36.790Z
7480e818-349b-400a-9798-45420831d901,ust,"Academic Experience",dlsu,20,2026-05-24T16:14:36.790Z
7480e818-349b-400a-9798-45420831d901,ust,"Academic Experience",up,32,2026-05-24T16:14:36.790Z
7480e818-349b-400a-9798-45420831d901,ust,"Academic Experience",ust,102,2026-05-24T16:14:36.790Z
7480e818-349b-400a-9798-45420831d901,ust,"Social & Cultural Fit",admu,47,2026-05-24T16:14:36.790Z
7480e818-349b-400a-9798-45420831d901,ust,"Social & Cultural Fit",dlsu,56,2026-05-24T16:14:36.790Z
7480e818-349b-400a-9798-45420831d901,ust,"Social & Cultural Fit",up,97,2026-05-24T16:14:36.790Z
7480e818-349b-400a-9798-45420831d901,ust,"Social & Cultural Fit",ust,113,2026-05-24T16:14:36.790Z
7480e818-349b-400a-9798-45420831d901,ust,"Campus Life",admu,73,2026-05-24T16:14:36.790Z
7480e818-349b-400a-9798-45420831d901,ust,"Campus Life",dlsu,66,2026-05-24T16:14:36.790Z
7480e818-349b-400a-9798-45420831d901,ust,"Campus Life",up,74,2026-05-24T16:14:36.790Z
7480e818-349b-400a-9798-45420831d901,ust,"Campus Life",ust,112,2026-05-24T16:14:36.790Z
7480e818-349b-400a-9798-45420831d901,ust,"Values & Identity",admu,53,2026-05-24T16:14:36.790Z
7480e818-349b-400a-9798-45420831d901,ust,"Values & Identity",dlsu,62,2026-05-24T16:14:36.790Z
7480e818-349b-400a-9798-45420831d901,ust,"Values & Identity",up,79,2026-05-24T16:14:36.790Z
7480e818-349b-400a-9798-45420831d901,ust,"Values & Identity",ust,105,2026-05-24T16:14:36.790Z
d2b387e5-d359-4ad9-9434-7591ca653f23,admu,"Academic Experience",admu,113,2026-05-24T22:08:51.532Z
d2b387e5-d359-4ad9-9434-7591ca653f23,admu,"Academic Experience",dlsu,43,2026-05-24T22:08:51.532Z
d2b387e5-d359-4ad9-9434-7591ca653f23,admu,"Academic Experience",up,37,2026-05-24T22:08:51.532Z
d2b387e5-d359-4ad9-9434-7591ca653f23,admu,"Academic Experience",ust,34,2026-05-24T22:08:51.532Z
d2b387e5-d359-4ad9-9434-7591ca653f23,admu,"Social & Cultural Fit",admu,111,2026-05-24T22:08:51.532Z
d2b387e5-d359-4ad9-9434-7591ca653f23,admu,"Social & Cultural Fit",dlsu,97,2026-05-24T22:08:51.532Z
d2b387e5-d359-4ad9-9434-7591ca653f23,admu,"Social & Cultural Fit",up,31,2026-05-24T22:08:51.532Z
d2b387e5-d359-4ad9-9434-7591ca653f23,admu,"Social & Cultural Fit",ust,36,2026-05-24T22:08:51.532Z
d2b387e5-d359-4ad9-9434-7591ca653f23,admu,"Campus Life",admu,125,2026-05-24T22:08:51.532Z
d2b387e5-d359-4ad9-9434-7591ca653f23,admu,"Campus Life",dlsu,92,2026-05-24T22:08:51.532Z
d2b387e5-d359-4ad9-9434-7591ca653f23,admu,"Campus Life",up,82,2026-05-24T22:08:51.532Z
d2b387e5-d359-4ad9-9434-7591ca653f23,admu,"Campus Life",ust,77,2026-05-24T22:08:51.532Z
d2b387e5-d359-4ad9-9434-7591ca653f23,admu,"Values & Identity",admu,115,2026-05-24T22:08:51.532Z
d2b387e5-d359-4ad9-9434-7591ca653f23,admu,"Values & Identity",dlsu,70,2026-05-24T22:08:51.532Z
d2b387e5-d359-4ad9-9434-7591ca653f23,admu,"Values & Identity",up,58,2026-05-24T22:08:51.532Z
d2b387e5-d359-4ad9-9434-7591ca653f23,admu,"Values & Identity",ust,30,2026-05-24T22:08:51.532Z
4e61c8a3-b7c7-46cc-b903-e3f8ffa52108,up,"Academic Experience",admu,42,2026-05-25T00:11:44.576Z
4e61c8a3-b7c7-46cc-b903-e3f8ffa52108,up,"Academic Experience",dlsu,18,2026-05-25T00:11:44.576Z
4e61c8a3-b7c7-46cc-b903-e3f8ffa52108,up,"Academic Experience",up,140,2026-05-25T00:11:44.576Z
4e61c8a3-b7c7-46cc-b903-e3f8ffa52108,up,"Academic Experience",ust,16,2026-05-25T00:11:44.576Z
4e61c8a3-b7c7-46cc-b903-e3f8ffa52108,up,"Social & Cultural Fit",admu,46,2026-05-25T00:11:44.576Z
4e61c8a3-b7c7-46cc-b903-e3f8ffa52108,up,"Social & Cultural Fit",dlsu,41,2026-05-25T00:11:44.576Z
4e61c8a3-b7c7-46cc-b903-e3f8ffa52108,up,"Social & Cultural Fit",up,134,2026-05-25T00:11:44.576Z
4e61c8a3-b7c7-46cc-b903-e3f8ffa52108,up,"Social & Cultural Fit",ust,103,2026-05-25T00:11:44.576Z
4e61c8a3-b7c7-46cc-b903-e3f8ffa52108,up,"Campus Life",admu,68,2026-05-25T00:11:44.576Z
4e61c8a3-b7c7-46cc-b903-e3f8ffa52108,up,"Campus Life",dlsu,54,2026-05-25T00:11:44.576Z
4e61c8a3-b7c7-46cc-b903-e3f8ffa52108,up,"Campus Life",up,157,2026-05-25T00:11:44.576Z
4e61c8a3-b7c7-46cc-b903-e3f8ffa52108,up,"Campus Life",ust,107,2026-05-25T00:11:44.576Z
4e61c8a3-b7c7-46cc-b903-e3f8ffa52108,up,"Values & Identity",admu,59,2026-05-25T00:11:44.576Z
4e61c8a3-b7c7-46cc-b903-e3f8ffa52108,up,"Values & Identity",dlsu,38,2026-05-25T00:11:44.576Z
4e61c8a3-b7c7-46cc-b903-e3f8ffa52108,up,"Values & Identity",up,136,2026-05-25T00:11:44.576Z
4e61c8a3-b7c7-46cc-b903-e3f8ffa52108,up,"Values & Identity",ust,32,2026-05-25T00:11:44.576Z
56fd9eca-667b-4cc2-955d-0f2f86c8e1bd,dlsu,"Academic Experience",admu,53,2026-05-26T01:52:58.838Z
56fd9eca-667b-4cc2-955d-0f2f86c8e1bd,dlsu,"Academic Experience",dlsu,124,2026-05-26T01:52:58.838Z
56fd9eca-667b-4cc2-955d-0f2f86c8e1bd,dlsu,"Academic Experience",up,6,2026-05-26T01:52:58.838Z
56fd9eca-667b-4cc2-955d-0f2f86c8e1bd,dlsu,"Academic Experience",ust,31,2026-05-26T01:52:58.838Z
56fd9eca-667b-4cc2-955d-0f2f86c8e1bd,dlsu,"Social & Cultural Fit",admu,90,2026-05-26T01:52:58.838Z
56fd9eca-667b-4cc2-955d-0f2f86c8e1bd,dlsu,"Social & Cultural Fit",dlsu,104,2026-05-26T01:52:58.838Z
56fd9eca-667b-4cc2-955d-0f2f86c8e1bd,dlsu,"Social & Cultural Fit",up,58,2026-05-26T01:52:58.838Z
56fd9eca-667b-4cc2-955d-0f2f86c8e1bd,dlsu,"Social & Cultural Fit",ust,58,2026-05-26T01:52:58.838Z
56fd9eca-667b-4cc2-955d-0f2f86c8e1bd,dlsu,"Campus Life",admu,79,2026-05-26T01:52:58.838Z
56fd9eca-667b-4cc2-955d-0f2f86c8e1bd,dlsu,"Campus Life",dlsu,169,2026-05-26T01:52:58.838Z
56fd9eca-667b-4cc2-955d-0f2f86c8e1bd,dlsu,"Campus Life",up,55,2026-05-26T01:52:58.838Z
56fd9eca-667b-4cc2-955d-0f2f86c8e1bd,dlsu,"Campus Life",ust,72,2026-05-26T01:52:58.838Z
56fd9eca-667b-4cc2-955d-0f2f86c8e1bd,dlsu,"Values & Identity",admu,58,2026-05-26T01:52:58.838Z
56fd9eca-667b-4cc2-955d-0f2f86c8e1bd,dlsu,"Values & Identity",dlsu,108,2026-05-26T01:52:58.838Z
56fd9eca-667b-4cc2-955d-0f2f86c8e1bd,dlsu,"Values & Identity",up,47,2026-05-26T01:52:58.838Z
56fd9eca-667b-4cc2-955d-0f2f86c8e1bd,dlsu,"Values & Identity",ust,61,2026-05-26T01:52:58.838Z
a403802a-14ad-489f-880a-1b6603e0d75b,admu,"Academic Experience",admu,77,2026-05-26T03:06:48.517Z
a403802a-14ad-489f-880a-1b6603e0d75b,admu,"Academic Experience",dlsu,43,2026-05-26T03:06:48.517Z
a403802a-14ad-489f-880a-1b6603e0d75b,admu,"Academic Experience",up,50,2026-05-26T03:06:48.517Z
a403802a-14ad-489f-880a-1b6603e0d75b,admu,"Academic Experience",ust,44,2026-05-26T03:06:48.517Z
a403802a-14ad-489f-880a-1b6603e0d75b,admu,"Social & Cultural Fit",admu,85,2026-05-26T03:06:48.517Z
a403802a-14ad-489f-880a-1b6603e0d75b,admu,"Social & Cultural Fit",dlsu,84,2026-05-26T03:06:48.517Z
a403802a-14ad-489f-880a-1b6603e0d75b,admu,"Social & Cultural Fit",up,54,2026-05-26T03:06:48.517Z
a403802a-14ad-489f-880a-1b6603e0d75b,admu,"Social & Cultural Fit",ust,66,2026-05-26T03:06:48.517Z
a403802a-14ad-489f-880a-1b6603e0d75b,admu,"Campus Life",admu,100,2026-05-26T03:06:48.517Z
a403802a-14ad-489f-880a-1b6603e0d75b,admu,"Campus Life",dlsu,103,2026-05-26T03:06:48.517Z
a403802a-14ad-489f-880a-1b6603e0d75b,admu,"Campus Life",up,67,2026-05-26T03:06:48.517Z
a403802a-14ad-489f-880a-1b6603e0d75b,admu,"Campus Life",ust,79,2026-05-26T03:06:48.517Z
a403802a-14ad-489f-880a-1b6603e0d75b,admu,"Values & Identity",admu,65,2026-05-26T03:06:48.517Z
a403802a-14ad-489f-880a-1b6603e0d75b,admu,"Values & Identity",dlsu,39,2026-05-26T03:06:48.517Z
a403802a-14ad-489f-880a-1b6603e0d75b,admu,"Values & Identity",up,90,2026-05-26T03:06:48.517Z
a403802a-14ad-489f-880a-1b6603e0d75b,admu,"Values & Identity",ust,60,2026-05-26T03:06:48.517Z
704ab951-8b49-45f1-b17e-10c2c3d7f3b1,up,"Academic Experience",admu,45,2026-05-26T04:39:05.316Z
704ab951-8b49-45f1-b17e-10c2c3d7f3b1,up,"Academic Experience",dlsu,34,2026-05-26T04:39:05.316Z
704ab951-8b49-45f1-b17e-10c2c3d7f3b1,up,"Academic Experience",up,124,2026-05-26T04:39:05.316Z
704ab951-8b49-45f1-b17e-10c2c3d7f3b1,up,"Academic Experience",ust,21,2026-05-26T04:39:05.316Z
704ab951-8b49-45f1-b17e-10c2c3d7f3b1,up,"Social & Cultural Fit",admu,41,2026-05-26T04:39:05.316Z
704ab951-8b49-45f1-b17e-10c2c3d7f3b1,up,"Social & Cultural Fit",dlsu,32,2026-05-26T04:39:05.316Z
704ab951-8b49-45f1-b17e-10c2c3d7f3b1,up,"Social & Cultural Fit",up,136,2026-05-26T04:39:05.316Z
704ab951-8b49-45f1-b17e-10c2c3d7f3b1,up,"Social & Cultural Fit",ust,91,2026-05-26T04:39:05.316Z
704ab951-8b49-45f1-b17e-10c2c3d7f3b1,up,"Campus Life",admu,76,2026-05-26T04:39:05.316Z
704ab951-8b49-45f1-b17e-10c2c3d7f3b1,up,"Campus Life",dlsu,59,2026-05-26T04:39:05.316Z
704ab951-8b49-45f1-b17e-10c2c3d7f3b1,up,"Campus Life",up,161,2026-05-26T04:39:05.316Z
704ab951-8b49-45f1-b17e-10c2c3d7f3b1,up,"Campus Life",ust,97,2026-05-26T04:39:05.316Z
704ab951-8b49-45f1-b17e-10c2c3d7f3b1,up,"Values & Identity",admu,43,2026-05-26T04:39:05.316Z
704ab951-8b49-45f1-b17e-10c2c3d7f3b1,up,"Values & Identity",dlsu,42,2026-05-26T04:39:05.316Z
704ab951-8b49-45f1-b17e-10c2c3d7f3b1,up,"Values & Identity",up,124,2026-05-26T04:39:05.316Z
704ab951-8b49-45f1-b17e-10c2c3d7f3b1,up,"Values & Identity",ust,58,2026-05-26T04:39:05.316Z
405206c8-25dc-4429-b574-bf97a48b0f28,ust,"Academic Experience",admu,25,2026-05-26T11:16:49.361Z
405206c8-25dc-4429-b574-bf97a48b0f28,ust,"Academic Experience",dlsu,40,2026-05-26T11:16:49.361Z
405206c8-25dc-4429-b574-bf97a48b0f28,ust,"Academic Experience",up,45,2026-05-26T11:16:49.361Z
405206c8-25dc-4429-b574-bf97a48b0f28,ust,"Academic Experience",ust,75,2026-05-26T11:16:49.361Z
405206c8-25dc-4429-b574-bf97a48b0f28,ust,"Social & Cultural Fit",admu,40,2026-05-26T11:16:49.361Z
405206c8-25dc-4429-b574-bf97a48b0f28,ust,"Social & Cultural Fit",dlsu,40,2026-05-26T11:16:49.361Z
405206c8-25dc-4429-b574-bf97a48b0f28,ust,"Social & Cultural Fit",up,112,2026-05-26T11:16:49.361Z
405206c8-25dc-4429-b574-bf97a48b0f28,ust,"Social & Cultural Fit",ust,121,2026-05-26T11:16:49.361Z
405206c8-25dc-4429-b574-bf97a48b0f28,ust,"Campus Life",admu,111,2026-05-26T11:16:49.361Z
405206c8-25dc-4429-b574-bf97a48b0f28,ust,"Campus Life",dlsu,66,2026-05-26T11:16:49.361Z
405206c8-25dc-4429-b574-bf97a48b0f28,ust,"Campus Life",up,97,2026-05-26T11:16:49.361Z
405206c8-25dc-4429-b574-bf97a48b0f28,ust,"Campus Life",ust,88,2026-05-26T11:16:49.361Z
405206c8-25dc-4429-b574-bf97a48b0f28,ust,"Values & Identity",admu,47,2026-05-26T11:16:49.361Z
405206c8-25dc-4429-b574-bf97a48b0f28,ust,"Values & Identity",dlsu,63,2026-05-26T11:16:49.361Z
405206c8-25dc-4429-b574-bf97a48b0f28,ust,"Values & Identity",up,51,2026-05-26T11:16:49.361Z
405206c8-25dc-4429-b574-bf97a48b0f28,ust,"Values & Identity",ust,113,2026-05-26T11:16:49.361Z
a53375ff-d5ab-4657-a43c-8c89e47522fa,up,"Academic Experience",admu,48,2026-05-26T17:36:05.695Z
a53375ff-d5ab-4657-a43c-8c89e47522fa,up,"Academic Experience",dlsu,36,2026-05-26T17:36:05.695Z
a53375ff-d5ab-4657-a43c-8c89e47522fa,up,"Academic Experience",up,120,2026-05-26T17:36:05.695Z
a53375ff-d5ab-4657-a43c-8c89e47522fa,up,"Academic Experience",ust,14,2026-05-26T17:36:05.695Z
a53375ff-d5ab-4657-a43c-8c89e47522fa,up,"Social & Cultural Fit",admu,77,2026-05-26T17:36:05.695Z
a53375ff-d5ab-4657-a43c-8c89e47522fa,up,"Social & Cultural Fit",dlsu,72,2026-05-26T17:36:05.695Z
a53375ff-d5ab-4657-a43c-8c89e47522fa,up,"Social & Cultural Fit",up,72,2026-05-26T17:36:05.695Z
a53375ff-d5ab-4657-a43c-8c89e47522fa,up,"Social & Cultural Fit",ust,63,2026-05-26T17:36:05.695Z
a53375ff-d5ab-4657-a43c-8c89e47522fa,up,"Campus Life",admu,73,2026-05-26T17:36:05.695Z
a53375ff-d5ab-4657-a43c-8c89e47522fa,up,"Campus Life",dlsu,64,2026-05-26T17:36:05.695Z
a53375ff-d5ab-4657-a43c-8c89e47522fa,up,"Campus Life",up,118,2026-05-26T17:36:05.695Z
a53375ff-d5ab-4657-a43c-8c89e47522fa,up,"Campus Life",ust,79,2026-05-26T17:36:05.695Z
a53375ff-d5ab-4657-a43c-8c89e47522fa,up,"Values & Identity",admu,71,2026-05-26T17:36:05.695Z
a53375ff-d5ab-4657-a43c-8c89e47522fa,up,"Values & Identity",dlsu,61,2026-05-26T17:36:05.695Z
a53375ff-d5ab-4657-a43c-8c89e47522fa,up,"Values & Identity",up,88,2026-05-26T17:36:05.695Z
a53375ff-d5ab-4657-a43c-8c89e47522fa,up,"Values & Identity",ust,43,2026-05-26T17:36:05.695Z
06f67516-fd90-4aed-9da2-22146aa4e98c,up,"Academic Experience",admu,46,2026-05-27T14:12:07.031Z
06f67516-fd90-4aed-9da2-22146aa4e98c,up,"Academic Experience",dlsu,16,2026-05-27T14:12:07.031Z
06f67516-fd90-4aed-9da2-22146aa4e98c,up,"Academic Experience",up,127,2026-05-27T14:12:07.031Z
06f67516-fd90-4aed-9da2-22146aa4e98c,up,"Academic Experience",ust,24,2026-05-27T14:12:07.031Z
06f67516-fd90-4aed-9da2-22146aa4e98c,up,"Social & Cultural Fit",admu,67,2026-05-27T14:12:07.031Z
06f67516-fd90-4aed-9da2-22146aa4e98c,up,"Social & Cultural Fit",dlsu,62,2026-05-27T14:12:07.031Z
06f67516-fd90-4aed-9da2-22146aa4e98c,up,"Social & Cultural Fit",up,91,2026-05-27T14:12:07.031Z
06f67516-fd90-4aed-9da2-22146aa4e98c,up,"Social & Cultural Fit",ust,82,2026-05-27T14:12:07.031Z
06f67516-fd90-4aed-9da2-22146aa4e98c,up,"Campus Life",admu,78,2026-05-27T14:12:07.031Z
06f67516-fd90-4aed-9da2-22146aa4e98c,up,"Campus Life",dlsu,55,2026-05-27T14:12:07.031Z
06f67516-fd90-4aed-9da2-22146aa4e98c,up,"Campus Life",up,164,2026-05-27T14:12:07.031Z
06f67516-fd90-4aed-9da2-22146aa4e98c,up,"Campus Life",ust,87,2026-05-27T14:12:07.031Z
06f67516-fd90-4aed-9da2-22146aa4e98c,up,"Values & Identity",admu,69,2026-05-27T14:12:07.031Z
06f67516-fd90-4aed-9da2-22146aa4e98c,up,"Values & Identity",dlsu,56,2026-05-27T14:12:07.031Z
06f67516-fd90-4aed-9da2-22146aa4e98c,up,"Values & Identity",up,124,2026-05-27T14:12:07.031Z
06f67516-fd90-4aed-9da2-22146aa4e98c,up,"Values & Identity",ust,38,2026-05-27T14:12:07.031Z
e687b216-f8a4-47a0-b2b8-39894e36f33e,admu,"Academic Experience",admu,112,2026-05-27T21:09:02.430Z
e687b216-f8a4-47a0-b2b8-39894e36f33e,admu,"Academic Experience",dlsu,47,2026-05-27T21:09:02.430Z
e687b216-f8a4-47a0-b2b8-39894e36f33e,admu,"Academic Experience",up,17,2026-05-27T21:09:02.430Z
e687b216-f8a4-47a0-b2b8-39894e36f33e,admu,"Academic Experience",ust,34,2026-05-27T21:09:02.430Z
e687b216-f8a4-47a0-b2b8-39894e36f33e,admu,"Social & Cultural Fit",admu,96,2026-05-27T21:09:02.430Z
e687b216-f8a4-47a0-b2b8-39894e36f33e,admu,"Social & Cultural Fit",dlsu,109,2026-05-27T21:09:02.430Z
e687b216-f8a4-47a0-b2b8-39894e36f33e,admu,"Social & Cultural Fit",up,19,2026-05-27T21:09:02.430Z
e687b216-f8a4-47a0-b2b8-39894e36f33e,admu,"Social & Cultural Fit",ust,45,2026-05-27T21:09:02.430Z
e687b216-f8a4-47a0-b2b8-39894e36f33e,admu,"Campus Life",admu,125,2026-05-27T21:09:02.430Z
e687b216-f8a4-47a0-b2b8-39894e36f33e,admu,"Campus Life",dlsu,102,2026-05-27T21:09:02.430Z
e687b216-f8a4-47a0-b2b8-39894e36f33e,admu,"Campus Life",up,63,2026-05-27T21:09:02.430Z
e687b216-f8a4-47a0-b2b8-39894e36f33e,admu,"Campus Life",ust,65,2026-05-27T21:09:02.430Z
e687b216-f8a4-47a0-b2b8-39894e36f33e,admu,"Values & Identity",admu,102,2026-05-27T21:09:02.430Z
e687b216-f8a4-47a0-b2b8-39894e36f33e,admu,"Values & Identity",dlsu,50,2026-05-27T21:09:02.430Z
e687b216-f8a4-47a0-b2b8-39894e36f33e,admu,"Values & Identity",up,53,2026-05-27T21:09:02.430Z
e687b216-f8a4-47a0-b2b8-39894e36f33e,admu,"Values & Identity",ust,65,2026-05-27T21:09:02.430Z
158d7ee4-5365-41db-8309-31306b111cd0,up,"Academic Experience",admu,24,2026-05-27T23:47:08.322Z
158d7ee4-5365-41db-8309-31306b111cd0,up,"Academic Experience",dlsu,20,2026-05-27T23:47:08.322Z
158d7ee4-5365-41db-8309-31306b111cd0,up,"Academic Experience",up,122,2026-05-27T23:47:08.322Z
158d7ee4-5365-41db-8309-31306b111cd0,up,"Academic Experience",ust,33,2026-05-27T23:47:08.322Z
158d7ee4-5365-41db-8309-31306b111cd0,up,"Social & Cultural Fit",admu,39,2026-05-27T23:47:08.322Z
158d7ee4-5365-41db-8309-31306b111cd0,up,"Social & Cultural Fit",dlsu,29,2026-05-27T23:47:08.322Z
158d7ee4-5365-41db-8309-31306b111cd0,up,"Social & Cultural Fit",up,130,2026-05-27T23:47:08.322Z
158d7ee4-5365-41db-8309-31306b111cd0,up,"Social & Cultural Fit",ust,97,2026-05-27T23:47:08.322Z
158d7ee4-5365-41db-8309-31306b111cd0,up,"Campus Life",admu,80,2026-05-27T23:47:08.322Z
158d7ee4-5365-41db-8309-31306b111cd0,up,"Campus Life",dlsu,65,2026-05-27T23:47:08.322Z
158d7ee4-5365-41db-8309-31306b111cd0,up,"Campus Life",up,154,2026-05-27T23:47:08.322Z
158d7ee4-5365-41db-8309-31306b111cd0,up,"Campus Life",ust,91,2026-05-27T23:47:08.322Z
158d7ee4-5365-41db-8309-31306b111cd0,up,"Values & Identity",admu,55,2026-05-27T23:47:08.322Z
158d7ee4-5365-41db-8309-31306b111cd0,up,"Values & Identity",dlsu,40,2026-05-27T23:47:08.322Z
158d7ee4-5365-41db-8309-31306b111cd0,up,"Values & Identity",up,124,2026-05-27T23:47:08.322Z
158d7ee4-5365-41db-8309-31306b111cd0,up,"Values & Identity",ust,34,2026-05-27T23:47:08.322Z
1b6a1478-1225-44fc-a6df-e275a62d0d74,admu,"Academic Experience",admu,88,2026-05-28T01:22:14.866Z
1b6a1478-1225-44fc-a6df-e275a62d0d74,admu,"Academic Experience",dlsu,48,2026-05-28T01:22:14.866Z
1b6a1478-1225-44fc-a6df-e275a62d0d74,admu,"Academic Experience",up,37,2026-05-28T01:22:14.866Z
1b6a1478-1225-44fc-a6df-e275a62d0d74,admu,"Academic Experience",ust,34,2026-05-28T01:22:14.866Z
1b6a1478-1225-44fc-a6df-e275a62d0d74,admu,"Social & Cultural Fit",admu,120,2026-05-28T01:22:14.866Z
1b6a1478-1225-44fc-a6df-e275a62d0d74,admu,"Social & Cultural Fit",dlsu,115,2026-05-28T01:22:14.866Z
1b6a1478-1225-44fc-a6df-e275a62d0d74,admu,"Social & Cultural Fit",up,14,2026-05-28T01:22:14.866Z
1b6a1478-1225-44fc-a6df-e275a62d0d74,admu,"Social & Cultural Fit",ust,38,2026-05-28T01:22:14.866Z
1b6a1478-1225-44fc-a6df-e275a62d0d74,admu,"Campus Life",admu,140,2026-05-28T01:22:14.866Z
1b6a1478-1225-44fc-a6df-e275a62d0d74,admu,"Campus Life",dlsu,102,2026-05-28T01:22:14.866Z
1b6a1478-1225-44fc-a6df-e275a62d0d74,admu,"Campus Life",up,73,2026-05-28T01:22:14.866Z
1b6a1478-1225-44fc-a6df-e275a62d0d74,admu,"Campus Life",ust,53,2026-05-28T01:22:14.866Z
1b6a1478-1225-44fc-a6df-e275a62d0d74,admu,"Values & Identity",admu,120,2026-05-28T01:22:14.866Z
1b6a1478-1225-44fc-a6df-e275a62d0d74,admu,"Values & Identity",dlsu,55,2026-05-28T01:22:14.866Z
1b6a1478-1225-44fc-a6df-e275a62d0d74,admu,"Values & Identity",up,72,2026-05-28T01:22:14.866Z
1b6a1478-1225-44fc-a6df-e275a62d0d74,admu,"Values & Identity",ust,22,2026-05-28T01:22:14.866Z
ad5e0d61-cf59-42a5-a73d-37b5b1885781,up,"Academic Experience",admu,60,2026-05-28T05:52:40.414Z
ad5e0d61-cf59-42a5-a73d-37b5b1885781,up,"Academic Experience",dlsu,36,2026-05-28T05:52:40.414Z
ad5e0d61-cf59-42a5-a73d-37b5b1885781,up,"Academic Experience",up,72,2026-05-28T05:52:40.414Z
ad5e0d61-cf59-42a5-a73d-37b5b1885781,up,"Academic Experience",ust,47,2026-05-28T05:52:40.414Z
ad5e0d61-cf59-42a5-a73d-37b5b1885781,up,"Social & Cultural Fit",admu,41,2026-05-28T05:52:40.414Z
ad5e0d61-cf59-42a5-a73d-37b5b1885781,up,"Social & Cultural Fit",dlsu,32,2026-05-28T05:52:40.414Z
ad5e0d61-cf59-42a5-a73d-37b5b1885781,up,"Social & Cultural Fit",up,136,2026-05-28T05:52:40.414Z
ad5e0d61-cf59-42a5-a73d-37b5b1885781,up,"Social & Cultural Fit",ust,91,2026-05-28T05:52:40.414Z
ad5e0d61-cf59-42a5-a73d-37b5b1885781,up,"Campus Life",admu,66,2026-05-28T05:52:40.414Z
ad5e0d61-cf59-42a5-a73d-37b5b1885781,up,"Campus Life",dlsu,79,2026-05-28T05:52:40.414Z
ad5e0d61-cf59-42a5-a73d-37b5b1885781,up,"Campus Life",up,141,2026-05-28T05:52:40.414Z
ad5e0d61-cf59-42a5-a73d-37b5b1885781,up,"Campus Life",ust,98,2026-05-28T05:52:40.414Z
ad5e0d61-cf59-42a5-a73d-37b5b1885781,up,"Values & Identity",admu,55,2026-05-28T05:52:40.414Z
ad5e0d61-cf59-42a5-a73d-37b5b1885781,up,"Values & Identity",dlsu,67,2026-05-28T05:52:40.414Z
ad5e0d61-cf59-42a5-a73d-37b5b1885781,up,"Values & Identity",up,97,2026-05-28T05:52:40.414Z
ad5e0d61-cf59-42a5-a73d-37b5b1885781,up,"Values & Identity",ust,51,2026-05-28T05:52:40.414Z
89c88bcb-516c-49d0-9d4f-9fd53d5384d5,ust,"Academic Experience",admu,24,2026-05-28T07:18:14.341Z
89c88bcb-516c-49d0-9d4f-9fd53d5384d5,ust,"Academic Experience",dlsu,40,2026-05-28T07:18:14.341Z
89c88bcb-516c-49d0-9d4f-9fd53d5384d5,ust,"Academic Experience",up,25,2026-05-28T07:18:14.341Z
89c88bcb-516c-49d0-9d4f-9fd53d5384d5,ust,"Academic Experience",ust,92,2026-05-28T07:18:14.341Z
89c88bcb-516c-49d0-9d4f-9fd53d5384d5,ust,"Social & Cultural Fit",admu,43,2026-05-28T07:18:14.341Z
89c88bcb-516c-49d0-9d4f-9fd53d5384d5,ust,"Social & Cultural Fit",dlsu,33,2026-05-28T07:18:14.341Z
89c88bcb-516c-49d0-9d4f-9fd53d5384d5,ust,"Social & Cultural Fit",up,92,2026-05-28T07:18:14.341Z
89c88bcb-516c-49d0-9d4f-9fd53d5384d5,ust,"Social & Cultural Fit",ust,98,2026-05-28T07:18:14.341Z
89c88bcb-516c-49d0-9d4f-9fd53d5384d5,ust,"Campus Life",admu,77,2026-05-28T07:18:14.341Z
89c88bcb-516c-49d0-9d4f-9fd53d5384d5,ust,"Campus Life",dlsu,70,2026-05-28T07:18:14.341Z
89c88bcb-516c-49d0-9d4f-9fd53d5384d5,ust,"Campus Life",up,113,2026-05-28T07:18:14.341Z
89c88bcb-516c-49d0-9d4f-9fd53d5384d5,ust,"Campus Life",ust,135,2026-05-28T07:18:14.341Z
89c88bcb-516c-49d0-9d4f-9fd53d5384d5,ust,"Values & Identity",admu,61,2026-05-28T07:18:14.341Z
89c88bcb-516c-49d0-9d4f-9fd53d5384d5,ust,"Values & Identity",dlsu,60,2026-05-28T07:18:14.341Z
89c88bcb-516c-49d0-9d4f-9fd53d5384d5,ust,"Values & Identity",up,87,2026-05-28T07:18:14.341Z
89c88bcb-516c-49d0-9d4f-9fd53d5384d5,ust,"Values & Identity",ust,95,2026-05-28T07:18:14.341Z
4e37933c-b272-4b54-80d8-b8fc10ff8717,ust,"Academic Experience",admu,22,2026-05-28T08:13:27.110Z
4e37933c-b272-4b54-80d8-b8fc10ff8717,ust,"Academic Experience",dlsu,20,2026-05-28T08:13:27.110Z
4e37933c-b272-4b54-80d8-b8fc10ff8717,ust,"Academic Experience",up,32,2026-05-28T08:13:27.110Z
4e37933c-b272-4b54-80d8-b8fc10ff8717,ust,"Academic Experience",ust,102,2026-05-28T08:13:27.110Z
4e37933c-b272-4b54-80d8-b8fc10ff8717,ust,"Social & Cultural Fit",admu,40,2026-05-28T08:13:27.110Z
4e37933c-b272-4b54-80d8-b8fc10ff8717,ust,"Social & Cultural Fit",dlsu,40,2026-05-28T08:13:27.110Z
4e37933c-b272-4b54-80d8-b8fc10ff8717,ust,"Social & Cultural Fit",up,112,2026-05-28T08:13:27.110Z
4e37933c-b272-4b54-80d8-b8fc10ff8717,ust,"Social & Cultural Fit",ust,121,2026-05-28T08:13:27.110Z
4e37933c-b272-4b54-80d8-b8fc10ff8717,ust,"Campus Life",admu,67,2026-05-28T08:13:27.110Z
4e37933c-b272-4b54-80d8-b8fc10ff8717,ust,"Campus Life",dlsu,70,2026-05-28T08:13:27.110Z
4e37933c-b272-4b54-80d8-b8fc10ff8717,ust,"Campus Life",up,83,2026-05-28T08:13:27.110Z
4e37933c-b272-4b54-80d8-b8fc10ff8717,ust,"Campus Life",ust,131,2026-05-28T08:13:27.110Z
4e37933c-b272-4b54-80d8-b8fc10ff8717,ust,"Values & Identity",admu,38,2026-05-28T08:13:27.110Z
4e37933c-b272-4b54-80d8-b8fc10ff8717,ust,"Values & Identity",dlsu,74,2026-05-28T08:13:27.110Z
4e37933c-b272-4b54-80d8-b8fc10ff8717,ust,"Values & Identity",up,50,2026-05-28T08:13:27.110Z
4e37933c-b272-4b54-80d8-b8fc10ff8717,ust,"Values & Identity",ust,94,2026-05-28T08:13:27.110Z
759681f5-9ee6-44b7-9e7a-a0900dbefafd,admu,"Academic Experience",admu,86,2026-05-28T10:39:11.525Z
759681f5-9ee6-44b7-9e7a-a0900dbefafd,admu,"Academic Experience",dlsu,58,2026-05-28T10:39:11.525Z
759681f5-9ee6-44b7-9e7a-a0900dbefafd,admu,"Academic Experience",up,34,2026-05-28T10:39:11.525Z
759681f5-9ee6-44b7-9e7a-a0900dbefafd,admu,"Academic Experience",ust,31,2026-05-28T10:39:11.525Z
759681f5-9ee6-44b7-9e7a-a0900dbefafd,admu,"Social & Cultural Fit",admu,120,2026-05-28T10:39:11.525Z
759681f5-9ee6-44b7-9e7a-a0900dbefafd,admu,"Social & Cultural Fit",dlsu,115,2026-05-28T10:39:11.525Z
759681f5-9ee6-44b7-9e7a-a0900dbefafd,admu,"Social & Cultural Fit",up,14,2026-05-28T10:39:11.525Z
759681f5-9ee6-44b7-9e7a-a0900dbefafd,admu,"Social & Cultural Fit",ust,38,2026-05-28T10:39:11.525Z
759681f5-9ee6-44b7-9e7a-a0900dbefafd,admu,"Campus Life",admu,117,2026-05-28T10:39:11.525Z
759681f5-9ee6-44b7-9e7a-a0900dbefafd,admu,"Campus Life",dlsu,100,2026-05-28T10:39:11.525Z
759681f5-9ee6-44b7-9e7a-a0900dbefafd,admu,"Campus Life",up,55,2026-05-28T10:39:11.525Z
759681f5-9ee6-44b7-9e7a-a0900dbefafd,admu,"Campus Life",ust,73,2026-05-28T10:39:11.525Z
759681f5-9ee6-44b7-9e7a-a0900dbefafd,admu,"Values & Identity",admu,98,2026-05-28T10:39:11.525Z
759681f5-9ee6-44b7-9e7a-a0900dbefafd,admu,"Values & Identity",dlsu,67,2026-05-28T10:39:11.525Z
759681f5-9ee6-44b7-9e7a-a0900dbefafd,admu,"Values & Identity",up,86,2026-05-28T10:39:11.525Z
759681f5-9ee6-44b7-9e7a-a0900dbefafd,admu,"Values & Identity",ust,32,2026-05-28T10:39:11.525Z
dabd6d42-88c4-4a3e-a2d8-b62d215b38f1,dlsu,"Academic Experience",admu,53,2026-05-28T16:32:00.225Z
dabd6d42-88c4-4a3e-a2d8-b62d215b38f1,dlsu,"Academic Experience",dlsu,124,2026-05-28T16:32:00.225Z
dabd6d42-88c4-4a3e-a2d8-b62d215b38f1,dlsu,"Academic Experience",up,6,2026-05-28T16:32:00.225Z
dabd6d42-88c4-4a3e-a2d8-b62d215b38f1,dlsu,"Academic Experience",ust,31,2026-05-28T16:32:00.225Z
dabd6d42-88c4-4a3e-a2d8-b62d215b38f1,dlsu,"Social & Cultural Fit",admu,77,2026-05-28T16:32:00.225Z
dabd6d42-88c4-4a3e-a2d8-b62d215b38f1,dlsu,"Social & Cultural Fit",dlsu,85,2026-05-28T16:32:00.225Z
dabd6d42-88c4-4a3e-a2d8-b62d215b38f1,dlsu,"Social & Cultural Fit",up,62,2026-05-28T16:32:00.225Z
dabd6d42-88c4-4a3e-a2d8-b62d215b38f1,dlsu,"Social & Cultural Fit",ust,50,2026-05-28T16:32:00.225Z
dabd6d42-88c4-4a3e-a2d8-b62d215b38f1,dlsu,"Campus Life",admu,79,2026-05-28T16:32:00.225Z
dabd6d42-88c4-4a3e-a2d8-b62d215b38f1,dlsu,"Campus Life",dlsu,115,2026-05-28T16:32:00.225Z
dabd6d42-88c4-4a3e-a2d8-b62d215b38f1,dlsu,"Campus Life",up,112,2026-05-28T16:32:00.225Z
dabd6d42-88c4-4a3e-a2d8-b62d215b38f1,dlsu,"Campus Life",ust,94,2026-05-28T16:32:00.225Z
dabd6d42-88c4-4a3e-a2d8-b62d215b38f1,dlsu,"Values & Identity",admu,64,2026-05-28T16:32:00.225Z
dabd6d42-88c4-4a3e-a2d8-b62d215b38f1,dlsu,"Values & Identity",dlsu,91,2026-05-28T16:32:00.225Z
dabd6d42-88c4-4a3e-a2d8-b62d215b38f1,dlsu,"Values & Identity",up,35,2026-05-28T16:32:00.225Z
dabd6d42-88c4-4a3e-a2d8-b62d215b38f1,dlsu,"Values & Identity",ust,67,2026-05-28T16:32:00.225Z
8d8f55ce-6ceb-489f-b392-8086dfde6aa3,dlsu,"Academic Experience",admu,52,2026-05-28T16:36:29.846Z
8d8f55ce-6ceb-489f-b392-8086dfde6aa3,dlsu,"Academic Experience",dlsu,103,2026-05-28T16:36:29.846Z
8d8f55ce-6ceb-489f-b392-8086dfde6aa3,dlsu,"Academic Experience",up,25,2026-05-28T16:36:29.846Z
8d8f55ce-6ceb-489f-b392-8086dfde6aa3,dlsu,"Academic Experience",ust,30,2026-05-28T16:36:29.846Z
8d8f55ce-6ceb-489f-b392-8086dfde6aa3,dlsu,"Social & Cultural Fit",admu,71,2026-05-28T16:36:29.846Z
8d8f55ce-6ceb-489f-b392-8086dfde6aa3,dlsu,"Social & Cultural Fit",dlsu,93,2026-05-28T16:36:29.846Z
8d8f55ce-6ceb-489f-b392-8086dfde6aa3,dlsu,"Social & Cultural Fit",up,53,2026-05-28T16:36:29.846Z
8d8f55ce-6ceb-489f-b392-8086dfde6aa3,dlsu,"Social & Cultural Fit",ust,76,2026-05-28T16:36:29.846Z
8d8f55ce-6ceb-489f-b392-8086dfde6aa3,dlsu,"Campus Life",admu,70,2026-05-28T16:36:29.846Z
8d8f55ce-6ceb-489f-b392-8086dfde6aa3,dlsu,"Campus Life",dlsu,141,2026-05-28T16:36:29.846Z
8d8f55ce-6ceb-489f-b392-8086dfde6aa3,dlsu,"Campus Life",up,74,2026-05-28T16:36:29.846Z
8d8f55ce-6ceb-489f-b392-8086dfde6aa3,dlsu,"Campus Life",ust,101,2026-05-28T16:36:29.846Z
8d8f55ce-6ceb-489f-b392-8086dfde6aa3,dlsu,"Values & Identity",admu,74,2026-05-28T16:36:29.846Z
8d8f55ce-6ceb-489f-b392-8086dfde6aa3,dlsu,"Values & Identity",dlsu,114,2026-05-28T16:36:29.846Z
8d8f55ce-6ceb-489f-b392-8086dfde6aa3,dlsu,"Values & Identity",up,47,2026-05-28T16:36:29.846Z
8d8f55ce-6ceb-489f-b392-8086dfde6aa3,dlsu,"Values & Identity",ust,39,2026-05-28T16:36:29.846Z
11e2b17d-8453-48c3-988d-c5bf899a6633,ust,"Academic Experience",admu,42,2026-05-28T17:00:19.919Z
11e2b17d-8453-48c3-988d-c5bf899a6633,ust,"Academic Experience",dlsu,38,2026-05-28T17:00:19.919Z
11e2b17d-8453-48c3-988d-c5bf899a6633,ust,"Academic Experience",up,43,2026-05-28T17:00:19.919Z
11e2b17d-8453-48c3-988d-c5bf899a6633,ust,"Academic Experience",ust,75,2026-05-28T17:00:19.919Z
11e2b17d-8453-48c3-988d-c5bf899a6633,ust,"Social & Cultural Fit",admu,63,2026-05-28T17:00:19.919Z
11e2b17d-8453-48c3-988d-c5bf899a6633,ust,"Social & Cultural Fit",dlsu,72,2026-05-28T17:00:19.919Z
11e2b17d-8453-48c3-988d-c5bf899a6633,ust,"Social & Cultural Fit",up,78,2026-05-28T17:00:19.919Z
11e2b17d-8453-48c3-988d-c5bf899a6633,ust,"Social & Cultural Fit",ust,100,2026-05-28T17:00:19.919Z
11e2b17d-8453-48c3-988d-c5bf899a6633,ust,"Campus Life",admu,58,2026-05-28T17:00:19.919Z
11e2b17d-8453-48c3-988d-c5bf899a6633,ust,"Campus Life",dlsu,58,2026-05-28T17:00:19.919Z
11e2b17d-8453-48c3-988d-c5bf899a6633,ust,"Campus Life",up,94,2026-05-28T17:00:19.919Z
11e2b17d-8453-48c3-988d-c5bf899a6633,ust,"Campus Life",ust,131,2026-05-28T17:00:19.919Z
11e2b17d-8453-48c3-988d-c5bf899a6633,ust,"Values & Identity",admu,39,2026-05-28T17:00:19.919Z
11e2b17d-8453-48c3-988d-c5bf899a6633,ust,"Values & Identity",dlsu,55,2026-05-28T17:00:19.919Z
11e2b17d-8453-48c3-988d-c5bf899a6633,ust,"Values & Identity",up,59,2026-05-28T17:00:19.919Z
11e2b17d-8453-48c3-988d-c5bf899a6633,ust,"Values & Identity",ust,125,2026-05-28T17:00:19.919Z
08b3e1ca-b1ae-463c-acd0-46c132a28caf,ust,"Academic Experience",admu,43,2026-05-28T18:19:51.323Z
08b3e1ca-b1ae-463c-acd0-46c132a28caf,ust,"Academic Experience",dlsu,41,2026-05-28T18:19:51.323Z
08b3e1ca-b1ae-463c-acd0-46c132a28caf,ust,"Academic Experience",up,29,2026-05-28T18:19:51.323Z
08b3e1ca-b1ae-463c-acd0-46c132a28caf,ust,"Academic Experience",ust,66,2026-05-28T18:19:51.323Z
08b3e1ca-b1ae-463c-acd0-46c132a28caf,ust,"Social & Cultural Fit",admu,49,2026-05-28T18:19:51.323Z
08b3e1ca-b1ae-463c-acd0-46c132a28caf,ust,"Social & Cultural Fit",dlsu,47,2026-05-28T18:19:51.323Z
08b3e1ca-b1ae-463c-acd0-46c132a28caf,ust,"Social & Cultural Fit",up,110,2026-05-28T18:19:51.323Z
08b3e1ca-b1ae-463c-acd0-46c132a28caf,ust,"Social & Cultural Fit",ust,93,2026-05-28T18:19:51.323Z
08b3e1ca-b1ae-463c-acd0-46c132a28caf,ust,"Campus Life",admu,70,2026-05-28T18:19:51.323Z
08b3e1ca-b1ae-463c-acd0-46c132a28caf,ust,"Campus Life",dlsu,82,2026-05-28T18:19:51.323Z
08b3e1ca-b1ae-463c-acd0-46c132a28caf,ust,"Campus Life",up,100,2026-05-28T18:19:51.323Z
08b3e1ca-b1ae-463c-acd0-46c132a28caf,ust,"Campus Life",ust,135,2026-05-28T18:19:51.323Z
08b3e1ca-b1ae-463c-acd0-46c132a28caf,ust,"Values & Identity",admu,47,2026-05-28T18:19:51.323Z
08b3e1ca-b1ae-463c-acd0-46c132a28caf,ust,"Values & Identity",dlsu,62,2026-05-28T18:19:51.323Z
08b3e1ca-b1ae-463c-acd0-46c132a28caf,ust,"Values & Identity",up,65,2026-05-28T18:19:51.323Z
08b3e1ca-b1ae-463c-acd0-46c132a28caf,ust,"Values & Identity",ust,105,2026-05-28T18:19:51.323Z
c6238266-fc6f-438c-81aa-54e71a78c2b5,admu,"Academic Experience",admu,113,2026-05-28T21:39:59.424Z
c6238266-fc6f-438c-81aa-54e71a78c2b5,admu,"Academic Experience",dlsu,43,2026-05-28T21:39:59.424Z
c6238266-fc6f-438c-81aa-54e71a78c2b5,admu,"Academic Experience",up,37,2026-05-28T21:39:59.424Z
c6238266-fc6f-438c-81aa-54e71a78c2b5,admu,"Academic Experience",ust,34,2026-05-28T21:39:59.424Z
c6238266-fc6f-438c-81aa-54e71a78c2b5,admu,"Social & Cultural Fit",admu,99,2026-05-28T21:39:59.424Z
c6238266-fc6f-438c-81aa-54e71a78c2b5,admu,"Social & Cultural Fit",dlsu,85,2026-05-28T21:39:59.424Z
c6238266-fc6f-438c-81aa-54e71a78c2b5,admu,"Social & Cultural Fit",up,28,2026-05-28T21:39:59.424Z
c6238266-fc6f-438c-81aa-54e71a78c2b5,admu,"Social & Cultural Fit",ust,39,2026-05-28T21:39:59.424Z
c6238266-fc6f-438c-81aa-54e71a78c2b5,admu,"Campus Life",admu,124,2026-05-28T21:39:59.424Z
c6238266-fc6f-438c-81aa-54e71a78c2b5,admu,"Campus Life",dlsu,118,2026-05-28T21:39:59.424Z
c6238266-fc6f-438c-81aa-54e71a78c2b5,admu,"Campus Life",up,75,2026-05-28T21:39:59.424Z
c6238266-fc6f-438c-81aa-54e71a78c2b5,admu,"Campus Life",ust,53,2026-05-28T21:39:59.424Z
c6238266-fc6f-438c-81aa-54e71a78c2b5,admu,"Values & Identity",admu,121,2026-05-28T21:39:59.424Z
c6238266-fc6f-438c-81aa-54e71a78c2b5,admu,"Values & Identity",dlsu,58,2026-05-28T21:39:59.424Z
c6238266-fc6f-438c-81aa-54e71a78c2b5,admu,"Values & Identity",up,52,2026-05-28T21:39:59.424Z
c6238266-fc6f-438c-81aa-54e71a78c2b5,admu,"Values & Identity",ust,38,2026-05-28T21:39:59.424Z
4b2893fd-9b6c-453c-8cea-b01a98481e21,ust,"Academic Experience",admu,22,2026-05-29T00:49:26.275Z
4b2893fd-9b6c-453c-8cea-b01a98481e21,ust,"Academic Experience",dlsu,20,2026-05-29T00:49:26.275Z
4b2893fd-9b6c-453c-8cea-b01a98481e21,ust,"Academic Experience",up,32,2026-05-29T00:49:26.275Z
4b2893fd-9b6c-453c-8cea-b01a98481e21,ust,"Academic Experience",ust,102,2026-05-29T00:49:26.275Z
4b2893fd-9b6c-453c-8cea-b01a98481e21,ust,"Social & Cultural Fit",admu,47,2026-05-29T00:49:26.275Z
4b2893fd-9b6c-453c-8cea-b01a98481e21,ust,"Social & Cultural Fit",dlsu,54,2026-05-29T00:49:26.275Z
4b2893fd-9b6c-453c-8cea-b01a98481e21,ust,"Social & Cultural Fit",up,110,2026-05-29T00:49:26.275Z
4b2893fd-9b6c-453c-8cea-b01a98481e21,ust,"Social & Cultural Fit",ust,117,2026-05-29T00:49:26.275Z
4b2893fd-9b6c-453c-8cea-b01a98481e21,ust,"Campus Life",admu,60,2026-05-29T00:49:26.275Z
4b2893fd-9b6c-453c-8cea-b01a98481e21,ust,"Campus Life",dlsu,60,2026-05-29T00:49:26.275Z
4b2893fd-9b6c-453c-8cea-b01a98481e21,ust,"Campus Life",up,99,2026-05-29T00:49:26.275Z
4b2893fd-9b6c-453c-8cea-b01a98481e21,ust,"Campus Life",ust,149,2026-05-29T00:49:26.275Z
4b2893fd-9b6c-453c-8cea-b01a98481e21,ust,"Values & Identity",admu,66,2026-05-29T00:49:26.275Z
4b2893fd-9b6c-453c-8cea-b01a98481e21,ust,"Values & Identity",dlsu,63,2026-05-29T00:49:26.275Z
4b2893fd-9b6c-453c-8cea-b01a98481e21,ust,"Values & Identity",up,59,2026-05-29T00:49:26.275Z
4b2893fd-9b6c-453c-8cea-b01a98481e21,ust,"Values & Identity",ust,97,2026-05-29T00:49:26.275Z
ce2eb3c8-a082-47f3-b7f0-77bf7aaeb198,admu,"Academic Experience",admu,72,2026-05-29T01:44:37.051Z
ce2eb3c8-a082-47f3-b7f0-77bf7aaeb198,admu,"Academic Experience",dlsu,83,2026-05-29T01:44:37.051Z
ce2eb3c8-a082-47f3-b7f0-77bf7aaeb198,admu,"Academic Experience",up,32,2026-05-29T01:44:37.051Z
ce2eb3c8-a082-47f3-b7f0-77bf7aaeb198,admu,"Academic Experience",ust,23,2026-05-29T01:44:37.051Z
ce2eb3c8-a082-47f3-b7f0-77bf7aaeb198,admu,"Social & Cultural Fit",admu,78,2026-05-29T01:44:37.051Z
ce2eb3c8-a082-47f3-b7f0-77bf7aaeb198,admu,"Social & Cultural Fit",dlsu,66,2026-05-29T01:44:37.051Z
ce2eb3c8-a082-47f3-b7f0-77bf7aaeb198,admu,"Social & Cultural Fit",up,67,2026-05-29T01:44:37.051Z
ce2eb3c8-a082-47f3-b7f0-77bf7aaeb198,admu,"Social & Cultural Fit",ust,59,2026-05-29T01:44:37.051Z
ce2eb3c8-a082-47f3-b7f0-77bf7aaeb198,admu,"Campus Life",admu,107,2026-05-29T01:44:37.051Z
ce2eb3c8-a082-47f3-b7f0-77bf7aaeb198,admu,"Campus Life",dlsu,66,2026-05-29T01:44:37.051Z
ce2eb3c8-a082-47f3-b7f0-77bf7aaeb198,admu,"Campus Life",up,128,2026-05-29T01:44:37.051Z
ce2eb3c8-a082-47f3-b7f0-77bf7aaeb198,admu,"Campus Life",ust,75,2026-05-29T01:44:37.051Z
ce2eb3c8-a082-47f3-b7f0-77bf7aaeb198,admu,"Values & Identity",admu,112,2026-05-29T01:44:37.051Z
ce2eb3c8-a082-47f3-b7f0-77bf7aaeb198,admu,"Values & Identity",dlsu,57,2026-05-29T01:44:37.051Z
ce2eb3c8-a082-47f3-b7f0-77bf7aaeb198,admu,"Values & Identity",up,68,2026-05-29T01:44:37.051Z
ce2eb3c8-a082-47f3-b7f0-77bf7aaeb198,admu,"Values & Identity",ust,38,2026-05-29T01:44:37.051Z
ffcead05-2c03-47e0-8a18-f7856136c1a3,admu,"Academic Experience",admu,113,2026-05-29T08:05:50.650Z
ffcead05-2c03-47e0-8a18-f7856136c1a3,admu,"Academic Experience",dlsu,43,2026-05-29T08:05:50.650Z
ffcead05-2c03-47e0-8a18-f7856136c1a3,admu,"Academic Experience",up,37,2026-05-29T08:05:50.650Z
ffcead05-2c03-47e0-8a18-f7856136c1a3,admu,"Academic Experience",ust,34,2026-05-29T08:05:50.650Z
ffcead05-2c03-47e0-8a18-f7856136c1a3,admu,"Social & Cultural Fit",admu,111,2026-05-29T08:05:50.650Z
ffcead05-2c03-47e0-8a18-f7856136c1a3,admu,"Social & Cultural Fit",dlsu,97,2026-05-29T08:05:50.650Z
ffcead05-2c03-47e0-8a18-f7856136c1a3,admu,"Social & Cultural Fit",up,31,2026-05-29T08:05:50.650Z
ffcead05-2c03-47e0-8a18-f7856136c1a3,admu,"Social & Cultural Fit",ust,36,2026-05-29T08:05:50.650Z
ffcead05-2c03-47e0-8a18-f7856136c1a3,admu,"Campus Life",admu,133,2026-05-29T08:05:50.650Z
ffcead05-2c03-47e0-8a18-f7856136c1a3,admu,"Campus Life",dlsu,113,2026-05-29T08:05:50.650Z
ffcead05-2c03-47e0-8a18-f7856136c1a3,admu,"Campus Life",up,63,2026-05-29T08:05:50.650Z
ffcead05-2c03-47e0-8a18-f7856136c1a3,admu,"Campus Life",ust,59,2026-05-29T08:05:50.650Z
ffcead05-2c03-47e0-8a18-f7856136c1a3,admu,"Values & Identity",admu,116,2026-05-29T08:05:50.650Z
ffcead05-2c03-47e0-8a18-f7856136c1a3,admu,"Values & Identity",dlsu,57,2026-05-29T08:05:50.650Z
ffcead05-2c03-47e0-8a18-f7856136c1a3,admu,"Values & Identity",up,73,2026-05-29T08:05:50.650Z
ffcead05-2c03-47e0-8a18-f7856136c1a3,admu,"Values & Identity",ust,45,2026-05-29T08:05:50.650Z
45db033f-00fa-4520-a0ca-0a60c03c3aa9,admu,"Academic Experience",admu,99,2026-05-29T11:48:52.329Z
45db033f-00fa-4520-a0ca-0a60c03c3aa9,admu,"Academic Experience",dlsu,42,2026-05-29T11:48:52.329Z
45db033f-00fa-4520-a0ca-0a60c03c3aa9,admu,"Academic Experience",up,67,2026-05-29T11:48:52.329Z
45db033f-00fa-4520-a0ca-0a60c03c3aa9,admu,"Academic Experience",ust,20,2026-05-29T11:48:52.329Z
45db033f-00fa-4520-a0ca-0a60c03c3aa9,admu,"Social & Cultural Fit",admu,120,2026-05-29T11:48:52.329Z
45db033f-00fa-4520-a0ca-0a60c03c3aa9,admu,"Social & Cultural Fit",dlsu,115,2026-05-29T11:48:52.329Z
45db033f-00fa-4520-a0ca-0a60c03c3aa9,admu,"Social & Cultural Fit",up,14,2026-05-29T11:48:52.329Z
45db033f-00fa-4520-a0ca-0a60c03c3aa9,admu,"Social & Cultural Fit",ust,38,2026-05-29T11:48:52.329Z
45db033f-00fa-4520-a0ca-0a60c03c3aa9,admu,"Campus Life",admu,131,2026-05-29T11:48:52.329Z
45db033f-00fa-4520-a0ca-0a60c03c3aa9,admu,"Campus Life",dlsu,100,2026-05-29T11:48:52.329Z
45db033f-00fa-4520-a0ca-0a60c03c3aa9,admu,"Campus Life",up,83,2026-05-29T11:48:52.329Z
45db033f-00fa-4520-a0ca-0a60c03c3aa9,admu,"Campus Life",ust,64,2026-05-29T11:48:52.329Z
45db033f-00fa-4520-a0ca-0a60c03c3aa9,admu,"Values & Identity",admu,115,2026-05-29T11:48:52.329Z
45db033f-00fa-4520-a0ca-0a60c03c3aa9,admu,"Values & Identity",dlsu,72,2026-05-29T11:48:52.329Z
45db033f-00fa-4520-a0ca-0a60c03c3aa9,admu,"Values & Identity",up,42,2026-05-29T11:48:52.329Z
45db033f-00fa-4520-a0ca-0a60c03c3aa9,admu,"Values & Identity",ust,28,2026-05-29T11:48:52.329Z
2ec1cbfa-8638-48f7-8b95-9c44ad06b234,admu,"Academic Experience",admu,113,2026-05-29T20:50:18.148Z
2ec1cbfa-8638-48f7-8b95-9c44ad06b234,admu,"Academic Experience",dlsu,43,2026-05-29T20:50:18.148Z
2ec1cbfa-8638-48f7-8b95-9c44ad06b234,admu,"Academic Experience",up,37,2026-05-29T20:50:18.148Z
2ec1cbfa-8638-48f7-8b95-9c44ad06b234,admu,"Academic Experience",ust,34,2026-05-29T20:50:18.148Z
2ec1cbfa-8638-48f7-8b95-9c44ad06b234,admu,"Social & Cultural Fit",admu,106,2026-05-29T20:50:18.148Z
2ec1cbfa-8638-48f7-8b95-9c44ad06b234,admu,"Social & Cultural Fit",dlsu,111,2026-05-29T20:50:18.148Z
2ec1cbfa-8638-48f7-8b95-9c44ad06b234,admu,"Social & Cultural Fit",up,16,2026-05-29T20:50:18.148Z
2ec1cbfa-8638-48f7-8b95-9c44ad06b234,admu,"Social & Cultural Fit",ust,37,2026-05-29T20:50:18.148Z
2ec1cbfa-8638-48f7-8b95-9c44ad06b234,admu,"Campus Life",admu,133,2026-05-29T20:50:18.148Z
2ec1cbfa-8638-48f7-8b95-9c44ad06b234,admu,"Campus Life",dlsu,113,2026-05-29T20:50:18.148Z
2ec1cbfa-8638-48f7-8b95-9c44ad06b234,admu,"Campus Life",up,63,2026-05-29T20:50:18.148Z
2ec1cbfa-8638-48f7-8b95-9c44ad06b234,admu,"Campus Life",ust,59,2026-05-29T20:50:18.148Z
2ec1cbfa-8638-48f7-8b95-9c44ad06b234,admu,"Values & Identity",admu,129,2026-05-29T20:50:18.148Z
2ec1cbfa-8638-48f7-8b95-9c44ad06b234,admu,"Values & Identity",dlsu,56,2026-05-29T20:50:18.148Z
2ec1cbfa-8638-48f7-8b95-9c44ad06b234,admu,"Values & Identity",up,60,2026-05-29T20:50:18.148Z
2ec1cbfa-8638-48f7-8b95-9c44ad06b234,admu,"Values & Identity",ust,28,2026-05-29T20:50:18.148Z
6d18b41d-b36c-4023-ba69-cae2301a9aad,dlsu,"Academic Experience",admu,70,2026-05-29T23:10:49.863Z
6d18b41d-b36c-4023-ba69-cae2301a9aad,dlsu,"Academic Experience",dlsu,106,2026-05-29T23:10:49.863Z
6d18b41d-b36c-4023-ba69-cae2301a9aad,dlsu,"Academic Experience",up,26,2026-05-29T23:10:49.863Z
6d18b41d-b36c-4023-ba69-cae2301a9aad,dlsu,"Academic Experience",ust,28,2026-05-29T23:10:49.863Z
6d18b41d-b36c-4023-ba69-cae2301a9aad,dlsu,"Social & Cultural Fit",admu,81,2026-05-29T23:10:49.863Z
6d18b41d-b36c-4023-ba69-cae2301a9aad,dlsu,"Social & Cultural Fit",dlsu,100,2026-05-29T23:10:49.863Z
6d18b41d-b36c-4023-ba69-cae2301a9aad,dlsu,"Social & Cultural Fit",up,58,2026-05-29T23:10:49.863Z
6d18b41d-b36c-4023-ba69-cae2301a9aad,dlsu,"Social & Cultural Fit",ust,64,2026-05-29T23:10:49.863Z
6d18b41d-b36c-4023-ba69-cae2301a9aad,dlsu,"Campus Life",admu,91,2026-05-29T23:10:49.863Z
6d18b41d-b36c-4023-ba69-cae2301a9aad,dlsu,"Campus Life",dlsu,115,2026-05-29T23:10:49.863Z
6d18b41d-b36c-4023-ba69-cae2301a9aad,dlsu,"Campus Life",up,108,2026-05-29T23:10:49.863Z
6d18b41d-b36c-4023-ba69-cae2301a9aad,dlsu,"Campus Life",ust,90,2026-05-29T23:10:49.863Z
6d18b41d-b36c-4023-ba69-cae2301a9aad,dlsu,"Values & Identity",admu,66,2026-05-29T23:10:49.863Z
6d18b41d-b36c-4023-ba69-cae2301a9aad,dlsu,"Values & Identity",dlsu,116,2026-05-29T23:10:49.863Z
6d18b41d-b36c-4023-ba69-cae2301a9aad,dlsu,"Values & Identity",up,39,2026-05-29T23:10:49.863Z
6d18b41d-b36c-4023-ba69-cae2301a9aad,dlsu,"Values & Identity",ust,49,2026-05-29T23:10:49.863Z
ff3503c1-95b1-42b8-9328-9ca70871390e,up,"Academic Experience",admu,23,2026-05-30T01:57:12.771Z
ff3503c1-95b1-42b8-9328-9ca70871390e,up,"Academic Experience",dlsu,20,2026-05-30T01:57:12.771Z
ff3503c1-95b1-42b8-9328-9ca70871390e,up,"Academic Experience",up,102,2026-05-30T01:57:12.771Z
ff3503c1-95b1-42b8-9328-9ca70871390e,up,"Academic Experience",ust,50,2026-05-30T01:57:12.771Z
ff3503c1-95b1-42b8-9328-9ca70871390e,up,"Social & Cultural Fit",admu,36,2026-05-30T01:57:12.771Z
ff3503c1-95b1-42b8-9328-9ca70871390e,up,"Social & Cultural Fit",dlsu,34,2026-05-30T01:57:12.771Z
ff3503c1-95b1-42b8-9328-9ca70871390e,up,"Social & Cultural Fit",up,117,2026-05-30T01:57:12.771Z
ff3503c1-95b1-42b8-9328-9ca70871390e,up,"Social & Cultural Fit",ust,86,2026-05-30T01:57:12.771Z
ff3503c1-95b1-42b8-9328-9ca70871390e,up,"Campus Life",admu,92,2026-05-30T01:57:12.771Z
ff3503c1-95b1-42b8-9328-9ca70871390e,up,"Campus Life",dlsu,62,2026-05-30T01:57:12.771Z
ff3503c1-95b1-42b8-9328-9ca70871390e,up,"Campus Life",up,108,2026-05-30T01:57:12.771Z
ff3503c1-95b1-42b8-9328-9ca70871390e,up,"Campus Life",ust,50,2026-05-30T01:57:12.771Z
ff3503c1-95b1-42b8-9328-9ca70871390e,up,"Values & Identity",admu,59,2026-05-30T01:57:12.771Z
ff3503c1-95b1-42b8-9328-9ca70871390e,up,"Values & Identity",dlsu,38,2026-05-30T01:57:12.771Z
ff3503c1-95b1-42b8-9328-9ca70871390e,up,"Values & Identity",up,136,2026-05-30T01:57:12.771Z
ff3503c1-95b1-42b8-9328-9ca70871390e,up,"Values & Identity",ust,32,2026-05-30T01:57:12.771Z
c81b6f1d-d914-4984-9846-758ac3859a21,dlsu,"Academic Experience",admu,53,2026-05-30T02:28:12.487Z
c81b6f1d-d914-4984-9846-758ac3859a21,dlsu,"Academic Experience",dlsu,124,2026-05-30T02:28:12.487Z
c81b6f1d-d914-4984-9846-758ac3859a21,dlsu,"Academic Experience",up,6,2026-05-30T02:28:12.487Z
c81b6f1d-d914-4984-9846-758ac3859a21,dlsu,"Academic Experience",ust,31,2026-05-30T02:28:12.487Z
c81b6f1d-d914-4984-9846-758ac3859a21,dlsu,"Social & Cultural Fit",admu,84,2026-05-30T02:28:12.487Z
c81b6f1d-d914-4984-9846-758ac3859a21,dlsu,"Social & Cultural Fit",dlsu,102,2026-05-30T02:28:12.487Z
c81b6f1d-d914-4984-9846-758ac3859a21,dlsu,"Social & Cultural Fit",up,61,2026-05-30T02:28:12.487Z
c81b6f1d-d914-4984-9846-758ac3859a21,dlsu,"Social & Cultural Fit",ust,80,2026-05-30T02:28:12.487Z
c81b6f1d-d914-4984-9846-758ac3859a21,dlsu,"Campus Life",admu,102,2026-05-30T02:28:12.487Z
c81b6f1d-d914-4984-9846-758ac3859a21,dlsu,"Campus Life",dlsu,132,2026-05-30T02:28:12.487Z
c81b6f1d-d914-4984-9846-758ac3859a21,dlsu,"Campus Life",up,91,2026-05-30T02:28:12.487Z
c81b6f1d-d914-4984-9846-758ac3859a21,dlsu,"Campus Life",ust,69,2026-05-30T02:28:12.487Z
c81b6f1d-d914-4984-9846-758ac3859a21,dlsu,"Values & Identity",admu,59,2026-05-30T02:28:12.487Z
c81b6f1d-d914-4984-9846-758ac3859a21,dlsu,"Values & Identity",dlsu,103,2026-05-30T02:28:12.487Z
c81b6f1d-d914-4984-9846-758ac3859a21,dlsu,"Values & Identity",up,53,2026-05-30T02:28:12.487Z
c81b6f1d-d914-4984-9846-758ac3859a21,dlsu,"Values & Identity",ust,61,2026-05-30T02:28:12.487Z
10ec34b7-e50b-4256-967d-050dfefdb2da,admu,"Academic Experience",admu,99,2026-05-30T12:24:36.872Z
10ec34b7-e50b-4256-967d-050dfefdb2da,admu,"Academic Experience",dlsu,61,2026-05-30T12:24:36.872Z
10ec34b7-e50b-4256-967d-050dfefdb2da,admu,"Academic Experience",up,35,2026-05-30T12:24:36.872Z
10ec34b7-e50b-4256-967d-050dfefdb2da,admu,"Academic Experience",ust,37,2026-05-30T12:24:36.872Z
10ec34b7-e50b-4256-967d-050dfefdb2da,admu,"Social & Cultural Fit",admu,120,2026-05-30T12:24:36.872Z
10ec34b7-e50b-4256-967d-050dfefdb2da,admu,"Social & Cultural Fit",dlsu,115,2026-05-30T12:24:36.872Z
10ec34b7-e50b-4256-967d-050dfefdb2da,admu,"Social & Cultural Fit",up,14,2026-05-30T12:24:36.872Z
10ec34b7-e50b-4256-967d-050dfefdb2da,admu,"Social & Cultural Fit",ust,38,2026-05-30T12:24:36.872Z
10ec34b7-e50b-4256-967d-050dfefdb2da,admu,"Campus Life",admu,119,2026-05-30T12:24:36.872Z
10ec34b7-e50b-4256-967d-050dfefdb2da,admu,"Campus Life",dlsu,94,2026-05-30T12:24:36.872Z
10ec34b7-e50b-4256-967d-050dfefdb2da,admu,"Campus Life",up,77,2026-05-30T12:24:36.872Z
10ec34b7-e50b-4256-967d-050dfefdb2da,admu,"Campus Life",ust,76,2026-05-30T12:24:36.872Z
10ec34b7-e50b-4256-967d-050dfefdb2da,admu,"Values & Identity",admu,117,2026-05-30T12:24:36.872Z
10ec34b7-e50b-4256-967d-050dfefdb2da,admu,"Values & Identity",dlsu,60,2026-05-30T12:24:36.872Z
10ec34b7-e50b-4256-967d-050dfefdb2da,admu,"Values & Identity",up,58,2026-05-30T12:24:36.872Z
10ec34b7-e50b-4256-967d-050dfefdb2da,admu,"Values & Identity",ust,44,2026-05-30T12:24:36.872Z
30fda2fc-b604-4dc8-8351-b2e6a34907c3,admu,"Academic Experience",admu,81,2026-05-30T13:33:35.151Z
30fda2fc-b604-4dc8-8351-b2e6a34907c3,admu,"Academic Experience",dlsu,30,2026-05-30T13:33:35.151Z
30fda2fc-b604-4dc8-8351-b2e6a34907c3,admu,"Academic Experience",up,76,2026-05-30T13:33:35.151Z
30fda2fc-b604-4dc8-8351-b2e6a34907c3,admu,"Academic Experience",ust,35,2026-05-30T13:33:35.151Z
30fda2fc-b604-4dc8-8351-b2e6a34907c3,admu,"Social & Cultural Fit",admu,83,2026-05-30T13:33:35.151Z
30fda2fc-b604-4dc8-8351-b2e6a34907c3,admu,"Social & Cultural Fit",dlsu,90,2026-05-30T13:33:35.151Z
30fda2fc-b604-4dc8-8351-b2e6a34907c3,admu,"Social & Cultural Fit",up,47,2026-05-30T13:33:35.151Z
30fda2fc-b604-4dc8-8351-b2e6a34907c3,admu,"Social & Cultural Fit",ust,63,2026-05-30T13:33:35.151Z
30fda2fc-b604-4dc8-8351-b2e6a34907c3,admu,"Campus Life",admu,101,2026-05-30T13:33:35.151Z
30fda2fc-b604-4dc8-8351-b2e6a34907c3,admu,"Campus Life",dlsu,105,2026-05-30T13:33:35.151Z
30fda2fc-b604-4dc8-8351-b2e6a34907c3,admu,"Campus Life",up,58,2026-05-30T13:33:35.151Z
30fda2fc-b604-4dc8-8351-b2e6a34907c3,admu,"Campus Life",ust,85,2026-05-30T13:33:35.151Z
30fda2fc-b604-4dc8-8351-b2e6a34907c3,admu,"Values & Identity",admu,95,2026-05-30T13:33:35.151Z
30fda2fc-b604-4dc8-8351-b2e6a34907c3,admu,"Values & Identity",dlsu,56,2026-05-30T13:33:35.151Z
30fda2fc-b604-4dc8-8351-b2e6a34907c3,admu,"Values & Identity",up,93,2026-05-30T13:33:35.151Z
30fda2fc-b604-4dc8-8351-b2e6a34907c3,admu,"Values & Identity",ust,47,2026-05-30T13:33:35.151Z
43ac7c2c-5478-4300-9eee-d4f1c9e73fed,up,"Academic Experience",admu,59,2026-05-30T14:57:33.659Z
43ac7c2c-5478-4300-9eee-d4f1c9e73fed,up,"Academic Experience",dlsu,22,2026-05-30T14:57:33.659Z
43ac7c2c-5478-4300-9eee-d4f1c9e73fed,up,"Academic Experience",up,101,2026-05-30T14:57:33.659Z
43ac7c2c-5478-4300-9eee-d4f1c9e73fed,up,"Academic Experience",ust,30,2026-05-30T14:57:33.659Z
43ac7c2c-5478-4300-9eee-d4f1c9e73fed,up,"Social & Cultural Fit",admu,66,2026-05-30T14:57:33.659Z
43ac7c2c-5478-4300-9eee-d4f1c9e73fed,up,"Social & Cultural Fit",dlsu,59,2026-05-30T14:57:33.659Z
43ac7c2c-5478-4300-9eee-d4f1c9e73fed,up,"Social & Cultural Fit",up,115,2026-05-30T14:57:33.659Z
43ac7c2c-5478-4300-9eee-d4f1c9e73fed,up,"Social & Cultural Fit",ust,100,2026-05-30T14:57:33.659Z
43ac7c2c-5478-4300-9eee-d4f1c9e73fed,up,"Campus Life",admu,75,2026-05-30T14:57:33.659Z
43ac7c2c-5478-4300-9eee-d4f1c9e73fed,up,"Campus Life",dlsu,77,2026-05-30T14:57:33.659Z
43ac7c2c-5478-4300-9eee-d4f1c9e73fed,up,"Campus Life",up,147,2026-05-30T14:57:33.659Z
43ac7c2c-5478-4300-9eee-d4f1c9e73fed,up,"Campus Life",ust,83,2026-05-30T14:57:33.659Z
43ac7c2c-5478-4300-9eee-d4f1c9e73fed,up,"Values & Identity",admu,61,2026-05-30T14:57:33.659Z
43ac7c2c-5478-4300-9eee-d4f1c9e73fed,up,"Values & Identity",dlsu,73,2026-05-30T14:57:33.659Z
43ac7c2c-5478-4300-9eee-d4f1c9e73fed,up,"Values & Identity",up,94,2026-05-30T14:57:33.659Z
43ac7c2c-5478-4300-9eee-d4f1c9e73fed,up,"Values & Identity",ust,58,2026-05-30T14:57:33.659Z
fd24dd02-c957-4e84-8118-c18af1b62e2e,admu,"Academic Experience",admu,113,2026-05-31T00:37:39.602Z
fd24dd02-c957-4e84-8118-c18af1b62e2e,admu,"Academic Experience",dlsu,43,2026-05-31T00:37:39.602Z
fd24dd02-c957-4e84-8118-c18af1b62e2e,admu,"Academic Experience",up,37,2026-05-31T00:37:39.602Z
fd24dd02-c957-4e84-8118-c18af1b62e2e,admu,"Academic Experience",ust,34,2026-05-31T00:37:39.602Z
fd24dd02-c957-4e84-8118-c18af1b62e2e,admu,"Social & Cultural Fit",admu,110,2026-05-31T00:37:39.602Z
fd24dd02-c957-4e84-8118-c18af1b62e2e,admu,"Social & Cultural Fit",dlsu,113,2026-05-31T00:37:39.602Z
fd24dd02-c957-4e84-8118-c18af1b62e2e,admu,"Social & Cultural Fit",up,17,2026-05-31T00:37:39.602Z
fd24dd02-c957-4e84-8118-c18af1b62e2e,admu,"Social & Cultural Fit",ust,46,2026-05-31T00:37:39.602Z
fd24dd02-c957-4e84-8118-c18af1b62e2e,admu,"Campus Life",admu,140,2026-05-31T00:37:39.602Z
fd24dd02-c957-4e84-8118-c18af1b62e2e,admu,"Campus Life",dlsu,102,2026-05-31T00:37:39.602Z
fd24dd02-c957-4e84-8118-c18af1b62e2e,admu,"Campus Life",up,73,2026-05-31T00:37:39.602Z
fd24dd02-c957-4e84-8118-c18af1b62e2e,admu,"Campus Life",ust,53,2026-05-31T00:37:39.602Z
fd24dd02-c957-4e84-8118-c18af1b62e2e,admu,"Values & Identity",admu,117,2026-05-31T00:37:39.602Z
fd24dd02-c957-4e84-8118-c18af1b62e2e,admu,"Values & Identity",dlsu,54,2026-05-31T00:37:39.602Z
fd24dd02-c957-4e84-8118-c18af1b62e2e,admu,"Values & Identity",up,78,2026-05-31T00:37:39.602Z
fd24dd02-c957-4e84-8118-c18af1b62e2e,admu,"Values & Identity",ust,28,2026-05-31T00:37:39.602Z
8130b22c-ed0a-47f2-b8d8-134d6dce9f96,admu,"Academic Experience",admu,113,2026-05-31T01:29:37.885Z
8130b22c-ed0a-47f2-b8d8-134d6dce9f96,admu,"Academic Experience",dlsu,43,2026-05-31T01:29:37.885Z
8130b22c-ed0a-47f2-b8d8-134d6dce9f96,admu,"Academic Experience",up,37,2026-05-31T01:29:37.885Z
8130b22c-ed0a-47f2-b8d8-134d6dce9f96,admu,"Academic Experience",ust,34,2026-05-31T01:29:37.885Z
8130b22c-ed0a-47f2-b8d8-134d6dce9f96,admu,"Social & Cultural Fit",admu,120,2026-05-31T01:29:37.885Z
8130b22c-ed0a-47f2-b8d8-134d6dce9f96,admu,"Social & Cultural Fit",dlsu,115,2026-05-31T01:29:37.885Z
8130b22c-ed0a-47f2-b8d8-134d6dce9f96,admu,"Social & Cultural Fit",up,14,2026-05-31T01:29:37.885Z
8130b22c-ed0a-47f2-b8d8-134d6dce9f96,admu,"Social & Cultural Fit",ust,38,2026-05-31T01:29:37.885Z
8130b22c-ed0a-47f2-b8d8-134d6dce9f96,admu,"Campus Life",admu,140,2026-05-31T01:29:37.885Z
8130b22c-ed0a-47f2-b8d8-134d6dce9f96,admu,"Campus Life",dlsu,102,2026-05-31T01:29:37.885Z
8130b22c-ed0a-47f2-b8d8-134d6dce9f96,admu,"Campus Life",up,73,2026-05-31T01:29:37.885Z
8130b22c-ed0a-47f2-b8d8-134d6dce9f96,admu,"Campus Life",ust,53,2026-05-31T01:29:37.885Z
8130b22c-ed0a-47f2-b8d8-134d6dce9f96,admu,"Values & Identity",admu,129,2026-05-31T01:29:37.885Z
8130b22c-ed0a-47f2-b8d8-134d6dce9f96,admu,"Values & Identity",dlsu,56,2026-05-31T01:29:37.885Z
8130b22c-ed0a-47f2-b8d8-134d6dce9f96,admu,"Values & Identity",up,60,2026-05-31T01:29:37.885Z
8130b22c-ed0a-47f2-b8d8-134d6dce9f96,admu,"Values & Identity",ust,28,2026-05-31T01:29:37.885Z
762a9c9d-73d0-4ee1-9d38-f21455d553ef,dlsu,"Academic Experience",admu,53,2026-05-31T04:54:58.349Z
762a9c9d-73d0-4ee1-9d38-f21455d553ef,dlsu,"Academic Experience",dlsu,124,2026-05-31T04:54:58.349Z
762a9c9d-73d0-4ee1-9d38-f21455d553ef,dlsu,"Academic Experience",up,6,2026-05-31T04:54:58.349Z
762a9c9d-73d0-4ee1-9d38-f21455d553ef,dlsu,"Academic Experience",ust,31,2026-05-31T04:54:58.349Z
762a9c9d-73d0-4ee1-9d38-f21455d553ef,dlsu,"Social & Cultural Fit",admu,87,2026-05-31T04:54:58.349Z
762a9c9d-73d0-4ee1-9d38-f21455d553ef,dlsu,"Social & Cultural Fit",dlsu,90,2026-05-31T04:54:58.349Z
762a9c9d-73d0-4ee1-9d38-f21455d553ef,dlsu,"Social & Cultural Fit",up,73,2026-05-31T04:54:58.349Z
762a9c9d-73d0-4ee1-9d38-f21455d553ef,dlsu,"Social & Cultural Fit",ust,76,2026-05-31T04:54:58.349Z
762a9c9d-73d0-4ee1-9d38-f21455d553ef,dlsu,"Campus Life",admu,76,2026-05-31T04:54:58.349Z
762a9c9d-73d0-4ee1-9d38-f21455d553ef,dlsu,"Campus Life",dlsu,157,2026-05-31T04:54:58.349Z
762a9c9d-73d0-4ee1-9d38-f21455d553ef,dlsu,"Campus Life",up,58,2026-05-31T04:54:58.349Z
762a9c9d-73d0-4ee1-9d38-f21455d553ef,dlsu,"Campus Life",ust,86,2026-05-31T04:54:58.349Z
762a9c9d-73d0-4ee1-9d38-f21455d553ef,dlsu,"Values & Identity",admu,68,2026-05-31T04:54:58.349Z
762a9c9d-73d0-4ee1-9d38-f21455d553ef,dlsu,"Values & Identity",dlsu,100,2026-05-31T04:54:58.349Z
762a9c9d-73d0-4ee1-9d38-f21455d553ef,dlsu,"Values & Identity",up,59,2026-05-31T04:54:58.349Z
762a9c9d-73d0-4ee1-9d38-f21455d553ef,dlsu,"Values & Identity",ust,47,2026-05-31T04:54:58.349Z
da112ed1-1aeb-4df9-bfde-c0c44cbe57cb,ust,"Academic Experience",admu,22,2026-05-31T09:33:03.867Z
da112ed1-1aeb-4df9-bfde-c0c44cbe57cb,ust,"Academic Experience",dlsu,20,2026-05-31T09:33:03.867Z
da112ed1-1aeb-4df9-bfde-c0c44cbe57cb,ust,"Academic Experience",up,32,2026-05-31T09:33:03.867Z
da112ed1-1aeb-4df9-bfde-c0c44cbe57cb,ust,"Academic Experience",ust,102,2026-05-31T09:33:03.867Z
da112ed1-1aeb-4df9-bfde-c0c44cbe57cb,ust,"Social & Cultural Fit",admu,46,2026-05-31T09:33:03.867Z
da112ed1-1aeb-4df9-bfde-c0c44cbe57cb,ust,"Social & Cultural Fit",dlsu,56,2026-05-31T09:33:03.867Z
da112ed1-1aeb-4df9-bfde-c0c44cbe57cb,ust,"Social & Cultural Fit",up,81,2026-05-31T09:33:03.867Z
da112ed1-1aeb-4df9-bfde-c0c44cbe57cb,ust,"Social & Cultural Fit",ust,107,2026-05-31T09:33:03.867Z
da112ed1-1aeb-4df9-bfde-c0c44cbe57cb,ust,"Campus Life",admu,66,2026-05-31T09:33:03.867Z
da112ed1-1aeb-4df9-bfde-c0c44cbe57cb,ust,"Campus Life",dlsu,66,2026-05-31T09:33:03.867Z
da112ed1-1aeb-4df9-bfde-c0c44cbe57cb,ust,"Campus Life",up,89,2026-05-31T09:33:03.867Z
da112ed1-1aeb-4df9-bfde-c0c44cbe57cb,ust,"Campus Life",ust,141,2026-05-31T09:33:03.867Z
da112ed1-1aeb-4df9-bfde-c0c44cbe57cb,ust,"Values & Identity",admu,39,2026-05-31T09:33:03.867Z
da112ed1-1aeb-4df9-bfde-c0c44cbe57cb,ust,"Values & Identity",dlsu,55,2026-05-31T09:33:03.867Z
da112ed1-1aeb-4df9-bfde-c0c44cbe57cb,ust,"Values & Identity",up,59,2026-05-31T09:33:03.867Z
da112ed1-1aeb-4df9-bfde-c0c44cbe57cb,ust,"Values & Identity",ust,125,2026-05-31T09:33:03.867Z
62b10457-4db9-4e36-b19c-229cbea04d13,up,"Academic Experience",admu,45,2026-05-31T12:29:59.701Z
62b10457-4db9-4e36-b19c-229cbea04d13,up,"Academic Experience",dlsu,24,2026-05-31T12:29:59.701Z
62b10457-4db9-4e36-b19c-229cbea04d13,up,"Academic Experience",up,121,2026-05-31T12:29:59.701Z
62b10457-4db9-4e36-b19c-229cbea04d13,up,"Academic Experience",ust,21,2026-05-31T12:29:59.701Z
62b10457-4db9-4e36-b19c-229cbea04d13,up,"Social & Cultural Fit",admu,53,2026-05-31T12:29:59.701Z
62b10457-4db9-4e36-b19c-229cbea04d13,up,"Social & Cultural Fit",dlsu,63,2026-05-31T12:29:59.701Z
62b10457-4db9-4e36-b19c-229cbea04d13,up,"Social & Cultural Fit",up,90,2026-05-31T12:29:59.701Z
62b10457-4db9-4e36-b19c-229cbea04d13,up,"Social & Cultural Fit",ust,79,2026-05-31T12:29:59.701Z
62b10457-4db9-4e36-b19c-229cbea04d13,up,"Campus Life",admu,76,2026-05-31T12:29:59.701Z
62b10457-4db9-4e36-b19c-229cbea04d13,up,"Campus Life",dlsu,39,2026-05-31T12:29:59.701Z
62b10457-4db9-4e36-b19c-229cbea04d13,up,"Campus Life",up,150,2026-05-31T12:29:59.701Z
62b10457-4db9-4e36-b19c-229cbea04d13,up,"Campus Life",ust,95,2026-05-31T12:29:59.701Z
62b10457-4db9-4e36-b19c-229cbea04d13,up,"Values & Identity",admu,58,2026-05-31T12:29:59.701Z
62b10457-4db9-4e36-b19c-229cbea04d13,up,"Values & Identity",dlsu,63,2026-05-31T12:29:59.701Z
62b10457-4db9-4e36-b19c-229cbea04d13,up,"Values & Identity",up,102,2026-05-31T12:29:59.701Z
62b10457-4db9-4e36-b19c-229cbea04d13,up,"Values & Identity",ust,34,2026-05-31T12:29:59.701Z
7365d568-c38e-46a6-af1e-ea7654474108,ust,"Academic Experience",admu,22,2026-06-01T05:30:42.397Z
7365d568-c38e-46a6-af1e-ea7654474108,ust,"Academic Experience",dlsu,20,2026-06-01T05:30:42.397Z
7365d568-c38e-46a6-af1e-ea7654474108,ust,"Academic Experience",up,32,2026-06-01T05:30:42.397Z
7365d568-c38e-46a6-af1e-ea7654474108,ust,"Academic Experience",ust,102,2026-06-01T05:30:42.397Z
7365d568-c38e-46a6-af1e-ea7654474108,ust,"Social & Cultural Fit",admu,42,2026-06-01T05:30:42.397Z
7365d568-c38e-46a6-af1e-ea7654474108,ust,"Social & Cultural Fit",dlsu,43,2026-06-01T05:30:42.397Z
7365d568-c38e-46a6-af1e-ea7654474108,ust,"Social & Cultural Fit",up,118,2026-06-01T05:30:42.397Z
7365d568-c38e-46a6-af1e-ea7654474108,ust,"Social & Cultural Fit",ust,115,2026-06-01T05:30:42.397Z
7365d568-c38e-46a6-af1e-ea7654474108,ust,"Campus Life",admu,73,2026-06-01T05:30:42.397Z
7365d568-c38e-46a6-af1e-ea7654474108,ust,"Campus Life",dlsu,107,2026-06-01T05:30:42.397Z
7365d568-c38e-46a6-af1e-ea7654474108,ust,"Campus Life",up,92,2026-06-01T05:30:42.397Z
7365d568-c38e-46a6-af1e-ea7654474108,ust,"Campus Life",ust,100,2026-06-01T05:30:42.397Z
7365d568-c38e-46a6-af1e-ea7654474108,ust,"Values & Identity",admu,31,2026-06-01T05:30:42.397Z
7365d568-c38e-46a6-af1e-ea7654474108,ust,"Values & Identity",dlsu,45,2026-06-01T05:30:42.397Z
7365d568-c38e-46a6-af1e-ea7654474108,ust,"Values & Identity",up,79,2026-06-01T05:30:42.397Z
7365d568-c38e-46a6-af1e-ea7654474108,ust,"Values & Identity",ust,105,2026-06-01T05:30:42.397Z
3e27fcc9-0934-4b93-956e-742e4aa5ef0d,dlsu,"Academic Experience",admu,53,2026-06-01T05:43:31.158Z
3e27fcc9-0934-4b93-956e-742e4aa5ef0d,dlsu,"Academic Experience",dlsu,84,2026-06-01T05:43:31.158Z
3e27fcc9-0934-4b93-956e-742e4aa5ef0d,dlsu,"Academic Experience",up,10,2026-06-01T05:43:31.158Z
3e27fcc9-0934-4b93-956e-742e4aa5ef0d,dlsu,"Academic Experience",ust,43,2026-06-01T05:43:31.158Z
3e27fcc9-0934-4b93-956e-742e4aa5ef0d,dlsu,"Social & Cultural Fit",admu,80,2026-06-01T05:43:31.158Z
3e27fcc9-0934-4b93-956e-742e4aa5ef0d,dlsu,"Social & Cultural Fit",dlsu,86,2026-06-01T05:43:31.158Z
3e27fcc9-0934-4b93-956e-742e4aa5ef0d,dlsu,"Social & Cultural Fit",up,44,2026-06-01T05:43:31.158Z
3e27fcc9-0934-4b93-956e-742e4aa5ef0d,dlsu,"Social & Cultural Fit",ust,58,2026-06-01T05:43:31.158Z
3e27fcc9-0934-4b93-956e-742e4aa5ef0d,dlsu,"Campus Life",admu,98,2026-06-01T05:43:31.158Z
3e27fcc9-0934-4b93-956e-742e4aa5ef0d,dlsu,"Campus Life",dlsu,146,2026-06-01T05:43:31.158Z
3e27fcc9-0934-4b93-956e-742e4aa5ef0d,dlsu,"Campus Life",up,49,2026-06-01T05:43:31.158Z
3e27fcc9-0934-4b93-956e-742e4aa5ef0d,dlsu,"Campus Life",ust,54,2026-06-01T05:43:31.158Z
3e27fcc9-0934-4b93-956e-742e4aa5ef0d,dlsu,"Values & Identity",admu,71,2026-06-01T05:43:31.158Z
3e27fcc9-0934-4b93-956e-742e4aa5ef0d,dlsu,"Values & Identity",dlsu,88,2026-06-01T05:43:31.158Z
3e27fcc9-0934-4b93-956e-742e4aa5ef0d,dlsu,"Values & Identity",up,70,2026-06-01T05:43:31.158Z
3e27fcc9-0934-4b93-956e-742e4aa5ef0d,dlsu,"Values & Identity",ust,50,2026-06-01T05:43:31.158Z
4b86849f-6e30-4685-a5da-e90382147af0,admu,"Academic Experience",admu,81,2026-06-01T10:25:30.463Z
4b86849f-6e30-4685-a5da-e90382147af0,admu,"Academic Experience",dlsu,45,2026-06-01T10:25:30.463Z
4b86849f-6e30-4685-a5da-e90382147af0,admu,"Academic Experience",up,37,2026-06-01T10:25:30.463Z
4b86849f-6e30-4685-a5da-e90382147af0,admu,"Academic Experience",ust,35,2026-06-01T10:25:30.463Z
4b86849f-6e30-4685-a5da-e90382147af0,admu,"Social & Cultural Fit",admu,85,2026-06-01T10:25:30.463Z
4b86849f-6e30-4685-a5da-e90382147af0,admu,"Social & Cultural Fit",dlsu,60,2026-06-01T10:25:30.463Z
4b86849f-6e30-4685-a5da-e90382147af0,admu,"Social & Cultural Fit",up,78,2026-06-01T10:25:30.463Z
4b86849f-6e30-4685-a5da-e90382147af0,admu,"Social & Cultural Fit",ust,65,2026-06-01T10:25:30.463Z
4b86849f-6e30-4685-a5da-e90382147af0,admu,"Campus Life",admu,109,2026-06-01T10:25:30.463Z
4b86849f-6e30-4685-a5da-e90382147af0,admu,"Campus Life",dlsu,69,2026-06-01T10:25:30.463Z
4b86849f-6e30-4685-a5da-e90382147af0,admu,"Campus Life",up,113,2026-06-01T10:25:30.463Z
4b86849f-6e30-4685-a5da-e90382147af0,admu,"Campus Life",ust,82,2026-06-01T10:25:30.463Z
4b86849f-6e30-4685-a5da-e90382147af0,admu,"Values & Identity",admu,114,2026-06-01T10:25:30.463Z
4b86849f-6e30-4685-a5da-e90382147af0,admu,"Values & Identity",dlsu,68,2026-06-01T10:25:30.463Z
4b86849f-6e30-4685-a5da-e90382147af0,admu,"Values & Identity",up,47,2026-06-01T10:25:30.463Z
4b86849f-6e30-4685-a5da-e90382147af0,admu,"Values & Identity",ust,41,2026-06-01T10:25:30.463Z
a6b5d206-21ba-49f8-8057-c1aea6c6e50e,admu,"Academic Experience",admu,113,2026-06-01T10:56:46.412Z
a6b5d206-21ba-49f8-8057-c1aea6c6e50e,admu,"Academic Experience",dlsu,43,2026-06-01T10:56:46.412Z
a6b5d206-21ba-49f8-8057-c1aea6c6e50e,admu,"Academic Experience",up,37,2026-06-01T10:56:46.412Z
a6b5d206-21ba-49f8-8057-c1aea6c6e50e,admu,"Academic Experience",ust,34,2026-06-01T10:56:46.412Z
a6b5d206-21ba-49f8-8057-c1aea6c6e50e,admu,"Social & Cultural Fit",admu,110,2026-06-01T10:56:46.412Z
a6b5d206-21ba-49f8-8057-c1aea6c6e50e,admu,"Social & Cultural Fit",dlsu,116,2026-06-01T10:56:46.412Z
a6b5d206-21ba-49f8-8057-c1aea6c6e50e,admu,"Social & Cultural Fit",up,34,2026-06-01T10:56:46.412Z
a6b5d206-21ba-49f8-8057-c1aea6c6e50e,admu,"Social & Cultural Fit",ust,45,2026-06-01T10:56:46.412Z
a6b5d206-21ba-49f8-8057-c1aea6c6e50e,admu,"Campus Life",admu,140,2026-06-01T10:56:46.412Z
a6b5d206-21ba-49f8-8057-c1aea6c6e50e,admu,"Campus Life",dlsu,102,2026-06-01T10:56:46.412Z
a6b5d206-21ba-49f8-8057-c1aea6c6e50e,admu,"Campus Life",up,73,2026-06-01T10:56:46.412Z
a6b5d206-21ba-49f8-8057-c1aea6c6e50e,admu,"Campus Life",ust,53,2026-06-01T10:56:46.412Z
a6b5d206-21ba-49f8-8057-c1aea6c6e50e,admu,"Values & Identity",admu,97,2026-06-01T10:56:46.412Z
a6b5d206-21ba-49f8-8057-c1aea6c6e50e,admu,"Values & Identity",dlsu,49,2026-06-01T10:56:46.412Z
a6b5d206-21ba-49f8-8057-c1aea6c6e50e,admu,"Values & Identity",up,90,2026-06-01T10:56:46.412Z
a6b5d206-21ba-49f8-8057-c1aea6c6e50e,admu,"Values & Identity",ust,19,2026-06-01T10:56:46.412Z
399586f5-7ecc-4a15-8138-ac98536e8476,dlsu,"Academic Experience",admu,53,2026-06-01T11:43:57.079Z
399586f5-7ecc-4a15-8138-ac98536e8476,dlsu,"Academic Experience",dlsu,124,2026-06-01T11:43:57.079Z
399586f5-7ecc-4a15-8138-ac98536e8476,dlsu,"Academic Experience",up,6,2026-06-01T11:43:57.079Z
399586f5-7ecc-4a15-8138-ac98536e8476,dlsu,"Academic Experience",ust,31,2026-06-01T11:43:57.079Z
399586f5-7ecc-4a15-8138-ac98536e8476,dlsu,"Social & Cultural Fit",admu,86,2026-06-01T11:43:57.079Z
399586f5-7ecc-4a15-8138-ac98536e8476,dlsu,"Social & Cultural Fit",dlsu,106,2026-06-01T11:43:57.079Z
399586f5-7ecc-4a15-8138-ac98536e8476,dlsu,"Social & Cultural Fit",up,42,2026-06-01T11:43:57.079Z
399586f5-7ecc-4a15-8138-ac98536e8476,dlsu,"Social & Cultural Fit",ust,70,2026-06-01T11:43:57.079Z
399586f5-7ecc-4a15-8138-ac98536e8476,dlsu,"Campus Life",admu,83,2026-06-01T11:43:57.079Z
399586f5-7ecc-4a15-8138-ac98536e8476,dlsu,"Campus Life",dlsu,130,2026-06-01T11:43:57.079Z
399586f5-7ecc-4a15-8138-ac98536e8476,dlsu,"Campus Life",up,87,2026-06-01T11:43:57.079Z
399586f5-7ecc-4a15-8138-ac98536e8476,dlsu,"Campus Life",ust,75,2026-06-01T11:43:57.079Z
399586f5-7ecc-4a15-8138-ac98536e8476,dlsu,"Values & Identity",admu,77,2026-06-01T11:43:57.079Z
399586f5-7ecc-4a15-8138-ac98536e8476,dlsu,"Values & Identity",dlsu,91,2026-06-01T11:43:57.079Z
399586f5-7ecc-4a15-8138-ac98536e8476,dlsu,"Values & Identity",up,48,2026-06-01T11:43:57.079Z
399586f5-7ecc-4a15-8138-ac98536e8476,dlsu,"Values & Identity",ust,62,2026-06-01T11:43:57.079Z
84869e39-617c-4772-83f0-9d83c33ed748,admu,"Academic Experience",admu,96,2026-06-02T06:16:27.966Z
84869e39-617c-4772-83f0-9d83c33ed748,admu,"Academic Experience",dlsu,61,2026-06-02T06:16:27.966Z
84869e39-617c-4772-83f0-9d83c33ed748,admu,"Academic Experience",up,17,2026-06-02T06:16:27.966Z
84869e39-617c-4772-83f0-9d83c33ed748,admu,"Academic Experience",ust,37,2026-06-02T06:16:27.966Z
84869e39-617c-4772-83f0-9d83c33ed748,admu,"Social & Cultural Fit",admu,110,2026-06-02T06:16:27.966Z
84869e39-617c-4772-83f0-9d83c33ed748,admu,"Social & Cultural Fit",dlsu,111,2026-06-02T06:16:27.966Z
84869e39-617c-4772-83f0-9d83c33ed748,admu,"Social & Cultural Fit",up,17,2026-06-02T06:16:27.966Z
84869e39-617c-4772-83f0-9d83c33ed748,admu,"Social & Cultural Fit",ust,50,2026-06-02T06:16:27.966Z
84869e39-617c-4772-83f0-9d83c33ed748,admu,"Campus Life",admu,111,2026-06-02T06:16:27.966Z
84869e39-617c-4772-83f0-9d83c33ed748,admu,"Campus Life",dlsu,94,2026-06-02T06:16:27.966Z
84869e39-617c-4772-83f0-9d83c33ed748,admu,"Campus Life",up,65,2026-06-02T06:16:27.966Z
84869e39-617c-4772-83f0-9d83c33ed748,admu,"Campus Life",ust,77,2026-06-02T06:16:27.966Z
84869e39-617c-4772-83f0-9d83c33ed748,admu,"Values & Identity",admu,105,2026-06-02T06:16:27.966Z
84869e39-617c-4772-83f0-9d83c33ed748,admu,"Values & Identity",dlsu,84,2026-06-02T06:16:27.966Z
84869e39-617c-4772-83f0-9d83c33ed748,admu,"Values & Identity",up,48,2026-06-02T06:16:27.966Z
84869e39-617c-4772-83f0-9d83c33ed748,admu,"Values & Identity",ust,30,2026-06-02T06:16:27.966Z
45f0fae0-e812-46f6-b7ab-309e9309862a,admu,"Academic Experience",admu,112,2026-06-02T13:03:53.442Z
45f0fae0-e812-46f6-b7ab-309e9309862a,admu,"Academic Experience",dlsu,47,2026-06-02T13:03:53.442Z
45f0fae0-e812-46f6-b7ab-309e9309862a,admu,"Academic Experience",up,17,2026-06-02T13:03:53.442Z
45f0fae0-e812-46f6-b7ab-309e9309862a,admu,"Academic Experience",ust,34,2026-06-02T13:03:53.442Z
45f0fae0-e812-46f6-b7ab-309e9309862a,admu,"Social & Cultural Fit",admu,120,2026-06-02T13:03:53.442Z
45f0fae0-e812-46f6-b7ab-309e9309862a,admu,"Social & Cultural Fit",dlsu,115,2026-06-02T13:03:53.442Z
45f0fae0-e812-46f6-b7ab-309e9309862a,admu,"Social & Cultural Fit",up,14,2026-06-02T13:03:53.442Z
45f0fae0-e812-46f6-b7ab-309e9309862a,admu,"Social & Cultural Fit",ust,38,2026-06-02T13:03:53.442Z
45f0fae0-e812-46f6-b7ab-309e9309862a,admu,"Campus Life",admu,128,2026-06-02T13:03:53.442Z
45f0fae0-e812-46f6-b7ab-309e9309862a,admu,"Campus Life",dlsu,96,2026-06-02T13:03:53.442Z
45f0fae0-e812-46f6-b7ab-309e9309862a,admu,"Campus Life",up,67,2026-06-02T13:03:53.442Z
45f0fae0-e812-46f6-b7ab-309e9309862a,admu,"Campus Life",ust,65,2026-06-02T13:03:53.442Z
45f0fae0-e812-46f6-b7ab-309e9309862a,admu,"Values & Identity",admu,129,2026-06-02T13:03:53.442Z
45f0fae0-e812-46f6-b7ab-309e9309862a,admu,"Values & Identity",dlsu,56,2026-06-02T13:03:53.442Z
45f0fae0-e812-46f6-b7ab-309e9309862a,admu,"Values & Identity",up,60,2026-06-02T13:03:53.442Z
45f0fae0-e812-46f6-b7ab-309e9309862a,admu,"Values & Identity",ust,28,2026-06-02T13:03:53.442Z
d371d796-8bf3-418e-b82c-a77d97175218,dlsu,"Academic Experience",admu,47,2026-06-02T13:45:13.049Z
d371d796-8bf3-418e-b82c-a77d97175218,dlsu,"Academic Experience",dlsu,106,2026-06-02T13:45:13.049Z
d371d796-8bf3-418e-b82c-a77d97175218,dlsu,"Academic Experience",up,26,2026-06-02T13:45:13.049Z
d371d796-8bf3-418e-b82c-a77d97175218,dlsu,"Academic Experience",ust,33,2026-06-02T13:45:13.049Z
d371d796-8bf3-418e-b82c-a77d97175218,dlsu,"Social & Cultural Fit",admu,87,2026-06-02T13:45:13.049Z
d371d796-8bf3-418e-b82c-a77d97175218,dlsu,"Social & Cultural Fit",dlsu,92,2026-06-02T13:45:13.049Z
d371d796-8bf3-418e-b82c-a77d97175218,dlsu,"Social & Cultural Fit",up,60,2026-06-02T13:45:13.049Z
d371d796-8bf3-418e-b82c-a77d97175218,dlsu,"Social & Cultural Fit",ust,72,2026-06-02T13:45:13.049Z
d371d796-8bf3-418e-b82c-a77d97175218,dlsu,"Campus Life",admu,79,2026-06-02T13:45:13.049Z
d371d796-8bf3-418e-b82c-a77d97175218,dlsu,"Campus Life",dlsu,169,2026-06-02T13:45:13.049Z
d371d796-8bf3-418e-b82c-a77d97175218,dlsu,"Campus Life",up,55,2026-06-02T13:45:13.049Z
d371d796-8bf3-418e-b82c-a77d97175218,dlsu,"Campus Life",ust,72,2026-06-02T13:45:13.049Z
d371d796-8bf3-418e-b82c-a77d97175218,dlsu,"Values & Identity",admu,76,2026-06-02T13:45:13.049Z
d371d796-8bf3-418e-b82c-a77d97175218,dlsu,"Values & Identity",dlsu,104,2026-06-02T13:45:13.049Z
d371d796-8bf3-418e-b82c-a77d97175218,dlsu,"Values & Identity",up,33,2026-06-02T13:45:13.049Z
d371d796-8bf3-418e-b82c-a77d97175218,dlsu,"Values & Identity",ust,47,2026-06-02T13:45:13.049Z
95fde5d6-bdb1-4991-9b9b-a63304798ba8,dlsu,"Academic Experience",admu,53,2026-06-02T14:40:30.582Z
95fde5d6-bdb1-4991-9b9b-a63304798ba8,dlsu,"Academic Experience",dlsu,124,2026-06-02T14:40:30.582Z
95fde5d6-bdb1-4991-9b9b-a63304798ba8,dlsu,"Academic Experience",up,6,2026-06-02T14:40:30.582Z
95fde5d6-bdb1-4991-9b9b-a63304798ba8,dlsu,"Academic Experience",ust,31,2026-06-02T14:40:30.582Z
95fde5d6-bdb1-4991-9b9b-a63304798ba8,dlsu,"Social & Cultural Fit",admu,76,2026-06-02T14:40:30.582Z
95fde5d6-bdb1-4991-9b9b-a63304798ba8,dlsu,"Social & Cultural Fit",dlsu,79,2026-06-02T14:40:30.582Z
95fde5d6-bdb1-4991-9b9b-a63304798ba8,dlsu,"Social & Cultural Fit",up,67,2026-06-02T14:40:30.582Z
95fde5d6-bdb1-4991-9b9b-a63304798ba8,dlsu,"Social & Cultural Fit",ust,65,2026-06-02T14:40:30.582Z
95fde5d6-bdb1-4991-9b9b-a63304798ba8,dlsu,"Campus Life",admu,75,2026-06-02T14:40:30.582Z
95fde5d6-bdb1-4991-9b9b-a63304798ba8,dlsu,"Campus Life",dlsu,159,2026-06-02T14:40:30.582Z
95fde5d6-bdb1-4991-9b9b-a63304798ba8,dlsu,"Campus Life",up,49,2026-06-02T14:40:30.582Z
95fde5d6-bdb1-4991-9b9b-a63304798ba8,dlsu,"Campus Life",ust,52,2026-06-02T14:40:30.582Z
95fde5d6-bdb1-4991-9b9b-a63304798ba8,dlsu,"Values & Identity",admu,66,2026-06-02T14:40:30.582Z
95fde5d6-bdb1-4991-9b9b-a63304798ba8,dlsu,"Values & Identity",dlsu,116,2026-06-02T14:40:30.582Z
95fde5d6-bdb1-4991-9b9b-a63304798ba8,dlsu,"Values & Identity",up,39,2026-06-02T14:40:30.582Z
95fde5d6-bdb1-4991-9b9b-a63304798ba8,dlsu,"Values & Identity",ust,49,2026-06-02T14:40:30.582Z
19931cfd-4bc7-41a6-8665-ba7140ca2e7c,admu,"Academic Experience",admu,77,2026-06-02T18:12:40.729Z
19931cfd-4bc7-41a6-8665-ba7140ca2e7c,admu,"Academic Experience",dlsu,53,2026-06-02T18:12:40.729Z
19931cfd-4bc7-41a6-8665-ba7140ca2e7c,admu,"Academic Experience",up,48,2026-06-02T18:12:40.729Z
19931cfd-4bc7-41a6-8665-ba7140ca2e7c,admu,"Academic Experience",ust,25,2026-06-02T18:12:40.729Z
19931cfd-4bc7-41a6-8665-ba7140ca2e7c,admu,"Social & Cultural Fit",admu,110,2026-06-02T18:12:40.729Z
19931cfd-4bc7-41a6-8665-ba7140ca2e7c,admu,"Social & Cultural Fit",dlsu,113,2026-06-02T18:12:40.729Z
19931cfd-4bc7-41a6-8665-ba7140ca2e7c,admu,"Social & Cultural Fit",up,17,2026-06-02T18:12:40.729Z
19931cfd-4bc7-41a6-8665-ba7140ca2e7c,admu,"Social & Cultural Fit",ust,46,2026-06-02T18:12:40.729Z
19931cfd-4bc7-41a6-8665-ba7140ca2e7c,admu,"Campus Life",admu,140,2026-06-02T18:12:40.729Z
19931cfd-4bc7-41a6-8665-ba7140ca2e7c,admu,"Campus Life",dlsu,102,2026-06-02T18:12:40.729Z
19931cfd-4bc7-41a6-8665-ba7140ca2e7c,admu,"Campus Life",up,73,2026-06-02T18:12:40.729Z
19931cfd-4bc7-41a6-8665-ba7140ca2e7c,admu,"Campus Life",ust,53,2026-06-02T18:12:40.729Z
19931cfd-4bc7-41a6-8665-ba7140ca2e7c,admu,"Values & Identity",admu,121,2026-06-02T18:12:40.729Z
19931cfd-4bc7-41a6-8665-ba7140ca2e7c,admu,"Values & Identity",dlsu,58,2026-06-02T18:12:40.729Z
19931cfd-4bc7-41a6-8665-ba7140ca2e7c,admu,"Values & Identity",up,52,2026-06-02T18:12:40.729Z
19931cfd-4bc7-41a6-8665-ba7140ca2e7c,admu,"Values & Identity",ust,38,2026-06-02T18:12:40.729Z
036eac14-8622-4981-9191-f0fb2e16f77f,ust,"Academic Experience",admu,22,2026-06-02T19:56:48.070Z
036eac14-8622-4981-9191-f0fb2e16f77f,ust,"Academic Experience",dlsu,20,2026-06-02T19:56:48.070Z
036eac14-8622-4981-9191-f0fb2e16f77f,ust,"Academic Experience",up,32,2026-06-02T19:56:48.070Z
036eac14-8622-4981-9191-f0fb2e16f77f,ust,"Academic Experience",ust,102,2026-06-02T19:56:48.070Z
036eac14-8622-4981-9191-f0fb2e16f77f,ust,"Social & Cultural Fit",admu,54,2026-06-02T19:56:48.070Z
036eac14-8622-4981-9191-f0fb2e16f77f,ust,"Social & Cultural Fit",dlsu,54,2026-06-02T19:56:48.070Z
036eac14-8622-4981-9191-f0fb2e16f77f,ust,"Social & Cultural Fit",up,95,2026-06-02T19:56:48.070Z
036eac14-8622-4981-9191-f0fb2e16f77f,ust,"Social & Cultural Fit",ust,98,2026-06-02T19:56:48.070Z
036eac14-8622-4981-9191-f0fb2e16f77f,ust,"Campus Life",admu,68,2026-06-02T19:56:48.070Z
036eac14-8622-4981-9191-f0fb2e16f77f,ust,"Campus Life",dlsu,72,2026-06-02T19:56:48.070Z
036eac14-8622-4981-9191-f0fb2e16f77f,ust,"Campus Life",up,86,2026-06-02T19:56:48.070Z
036eac14-8622-4981-9191-f0fb2e16f77f,ust,"Campus Life",ust,124,2026-06-02T19:56:48.070Z
036eac14-8622-4981-9191-f0fb2e16f77f,ust,"Values & Identity",admu,81,2026-06-02T19:56:48.070Z
036eac14-8622-4981-9191-f0fb2e16f77f,ust,"Values & Identity",dlsu,69,2026-06-02T19:56:48.070Z
036eac14-8622-4981-9191-f0fb2e16f77f,ust,"Values & Identity",up,28,2026-06-02T19:56:48.070Z
036eac14-8622-4981-9191-f0fb2e16f77f,ust,"Values & Identity",ust,76,2026-06-02T19:56:48.070Z
aff553e5-cdef-4b95-a304-4960a499337f,admu,"Academic Experience",admu,74,2026-06-02T22:29:21.234Z
aff553e5-cdef-4b95-a304-4960a499337f,admu,"Academic Experience",dlsu,26,2026-06-02T22:29:21.234Z
aff553e5-cdef-4b95-a304-4960a499337f,admu,"Academic Experience",up,57,2026-06-02T22:29:21.234Z
aff553e5-cdef-4b95-a304-4960a499337f,admu,"Academic Experience",ust,46,2026-06-02T22:29:21.234Z
aff553e5-cdef-4b95-a304-4960a499337f,admu,"Social & Cultural Fit",admu,88,2026-06-02T22:29:21.234Z
aff553e5-cdef-4b95-a304-4960a499337f,admu,"Social & Cultural Fit",dlsu,95,2026-06-02T22:29:21.234Z
aff553e5-cdef-4b95-a304-4960a499337f,admu,"Social & Cultural Fit",up,61,2026-06-02T22:29:21.234Z
aff553e5-cdef-4b95-a304-4960a499337f,admu,"Social & Cultural Fit",ust,60,2026-06-02T22:29:21.234Z
aff553e5-cdef-4b95-a304-4960a499337f,admu,"Campus Life",admu,125,2026-06-02T22:29:21.234Z
aff553e5-cdef-4b95-a304-4960a499337f,admu,"Campus Life",dlsu,73,2026-06-02T22:29:21.234Z
aff553e5-cdef-4b95-a304-4960a499337f,admu,"Campus Life",up,102,2026-06-02T22:29:21.234Z
aff553e5-cdef-4b95-a304-4960a499337f,admu,"Campus Life",ust,48,2026-06-02T22:29:21.234Z
aff553e5-cdef-4b95-a304-4960a499337f,admu,"Values & Identity",admu,129,2026-06-02T22:29:21.234Z
aff553e5-cdef-4b95-a304-4960a499337f,admu,"Values & Identity",dlsu,56,2026-06-02T22:29:21.234Z
aff553e5-cdef-4b95-a304-4960a499337f,admu,"Values & Identity",up,60,2026-06-02T22:29:21.234Z
aff553e5-cdef-4b95-a304-4960a499337f,admu,"Values & Identity",ust,28,2026-06-02T22:29:21.234Z
19fec94e-dde8-467b-b325-0ae4227973bf,dlsu,"Academic Experience",admu,66,2026-06-03T01:07:28.017Z
19fec94e-dde8-467b-b325-0ae4227973bf,dlsu,"Academic Experience",dlsu,88,2026-06-03T01:07:28.017Z
19fec94e-dde8-467b-b325-0ae4227973bf,dlsu,"Academic Experience",up,28,2026-06-03T01:07:28.017Z
19fec94e-dde8-467b-b325-0ae4227973bf,dlsu,"Academic Experience",ust,27,2026-06-03T01:07:28.017Z
19fec94e-dde8-467b-b325-0ae4227973bf,dlsu,"Social & Cultural Fit",admu,100,2026-06-03T01:07:28.017Z
19fec94e-dde8-467b-b325-0ae4227973bf,dlsu,"Social & Cultural Fit",dlsu,122,2026-06-03T01:07:28.017Z
19fec94e-dde8-467b-b325-0ae4227973bf,dlsu,"Social & Cultural Fit",up,38,2026-06-03T01:07:28.017Z
19fec94e-dde8-467b-b325-0ae4227973bf,dlsu,"Social & Cultural Fit",ust,54,2026-06-03T01:07:28.017Z
19fec94e-dde8-467b-b325-0ae4227973bf,dlsu,"Campus Life",admu,79,2026-06-03T01:07:28.017Z
19fec94e-dde8-467b-b325-0ae4227973bf,dlsu,"Campus Life",dlsu,169,2026-06-03T01:07:28.017Z
19fec94e-dde8-467b-b325-0ae4227973bf,dlsu,"Campus Life",up,55,2026-06-03T01:07:28.017Z
19fec94e-dde8-467b-b325-0ae4227973bf,dlsu,"Campus Life",ust,72,2026-06-03T01:07:28.017Z
19fec94e-dde8-467b-b325-0ae4227973bf,dlsu,"Values & Identity",admu,49,2026-06-03T01:07:28.017Z
19fec94e-dde8-467b-b325-0ae4227973bf,dlsu,"Values & Identity",dlsu,94,2026-06-03T01:07:28.017Z
19fec94e-dde8-467b-b325-0ae4227973bf,dlsu,"Values & Identity",up,45,2026-06-03T01:07:28.017Z
19fec94e-dde8-467b-b325-0ae4227973bf,dlsu,"Values & Identity",ust,79,2026-06-03T01:07:28.017Z
5437b98c-02b3-4858-990c-6ad4775e222c,admu,"Academic Experience",admu,82,2026-06-03T05:08:15.570Z
5437b98c-02b3-4858-990c-6ad4775e222c,admu,"Academic Experience",dlsu,72,2026-06-03T05:08:15.570Z
5437b98c-02b3-4858-990c-6ad4775e222c,admu,"Academic Experience",up,16,2026-06-03T05:08:15.570Z
5437b98c-02b3-4858-990c-6ad4775e222c,admu,"Academic Experience",ust,34,2026-06-03T05:08:15.570Z
5437b98c-02b3-4858-990c-6ad4775e222c,admu,"Social & Cultural Fit",admu,116,2026-06-03T05:08:15.570Z
5437b98c-02b3-4858-990c-6ad4775e222c,admu,"Social & Cultural Fit",dlsu,99,2026-06-03T05:08:15.570Z
5437b98c-02b3-4858-990c-6ad4775e222c,admu,"Social & Cultural Fit",up,34,2026-06-03T05:08:15.570Z
5437b98c-02b3-4858-990c-6ad4775e222c,admu,"Social & Cultural Fit",ust,52,2026-06-03T05:08:15.570Z
5437b98c-02b3-4858-990c-6ad4775e222c,admu,"Campus Life",admu,138,2026-06-03T05:08:15.570Z
5437b98c-02b3-4858-990c-6ad4775e222c,admu,"Campus Life",dlsu,92,2026-06-03T05:08:15.570Z
5437b98c-02b3-4858-990c-6ad4775e222c,admu,"Campus Life",up,83,2026-06-03T05:08:15.570Z
5437b98c-02b3-4858-990c-6ad4775e222c,admu,"Campus Life",ust,49,2026-06-03T05:08:15.570Z
5437b98c-02b3-4858-990c-6ad4775e222c,admu,"Values & Identity",admu,103,2026-06-03T05:08:15.570Z
5437b98c-02b3-4858-990c-6ad4775e222c,admu,"Values & Identity",dlsu,53,2026-06-03T05:08:15.570Z
5437b98c-02b3-4858-990c-6ad4775e222c,admu,"Values & Identity",up,38,2026-06-03T05:08:15.570Z
5437b98c-02b3-4858-990c-6ad4775e222c,admu,"Values & Identity",ust,64,2026-06-03T05:08:15.570Z
79dac7e3-d5e5-4945-869f-cf7adc0bf48c,up,"Academic Experience",admu,50,2026-06-03T05:36:47.676Z
79dac7e3-d5e5-4945-869f-cf7adc0bf48c,up,"Academic Experience",dlsu,31,2026-06-03T05:36:47.676Z
79dac7e3-d5e5-4945-869f-cf7adc0bf48c,up,"Academic Experience",up,120,2026-06-03T05:36:47.676Z
79dac7e3-d5e5-4945-869f-cf7adc0bf48c,up,"Academic Experience",ust,19,2026-06-03T05:36:47.676Z
79dac7e3-d5e5-4945-869f-cf7adc0bf48c,up,"Social & Cultural Fit",admu,45,2026-06-03T05:36:47.676Z
79dac7e3-d5e5-4945-869f-cf7adc0bf48c,up,"Social & Cultural Fit",dlsu,53,2026-06-03T05:36:47.676Z
79dac7e3-d5e5-4945-869f-cf7adc0bf48c,up,"Social & Cultural Fit",up,108,2026-06-03T05:36:47.676Z
79dac7e3-d5e5-4945-869f-cf7adc0bf48c,up,"Social & Cultural Fit",ust,72,2026-06-03T05:36:47.676Z
79dac7e3-d5e5-4945-869f-cf7adc0bf48c,up,"Campus Life",admu,78,2026-06-03T05:36:47.676Z
79dac7e3-d5e5-4945-869f-cf7adc0bf48c,up,"Campus Life",dlsu,55,2026-06-03T05:36:47.676Z
79dac7e3-d5e5-4945-869f-cf7adc0bf48c,up,"Campus Life",up,164,2026-06-03T05:36:47.676Z
79dac7e3-d5e5-4945-869f-cf7adc0bf48c,up,"Campus Life",ust,87,2026-06-03T05:36:47.676Z
79dac7e3-d5e5-4945-869f-cf7adc0bf48c,up,"Values & Identity",admu,59,2026-06-03T05:36:47.676Z
79dac7e3-d5e5-4945-869f-cf7adc0bf48c,up,"Values & Identity",dlsu,38,2026-06-03T05:36:47.676Z
79dac7e3-d5e5-4945-869f-cf7adc0bf48c,up,"Values & Identity",up,136,2026-06-03T05:36:47.676Z
79dac7e3-d5e5-4945-869f-cf7adc0bf48c,up,"Values & Identity",ust,32,2026-06-03T05:36:47.676Z
59f68df6-b1cd-43f3-a973-56c485072ef5,ust,"Academic Experience",admu,52,2026-06-03T06:45:32.490Z
59f68df6-b1cd-43f3-a973-56c485072ef5,ust,"Academic Experience",dlsu,30,2026-06-03T06:45:32.490Z
59f68df6-b1cd-43f3-a973-56c485072ef5,ust,"Academic Experience",up,49,2026-06-03T06:45:32.490Z
59f68df6-b1cd-43f3-a973-56c485072ef5,ust,"Academic Experience",ust,62,2026-06-03T06:45:32.490Z
59f68df6-b1cd-43f3-a973-56c485072ef5,ust,"Social & Cultural Fit",admu,47,2026-06-03T06:45:32.490Z
59f68df6-b1cd-43f3-a973-56c485072ef5,ust,"Social & Cultural Fit",dlsu,56,2026-06-03T06:45:32.490Z
59f68df6-b1cd-43f3-a973-56c485072ef5,ust,"Social & Cultural Fit",up,97,2026-06-03T06:45:32.490Z
59f68df6-b1cd-43f3-a973-56c485072ef5,ust,"Social & Cultural Fit",ust,113,2026-06-03T06:45:32.490Z
59f68df6-b1cd-43f3-a973-56c485072ef5,ust,"Campus Life",admu,43,2026-06-03T06:45:32.490Z
59f68df6-b1cd-43f3-a973-56c485072ef5,ust,"Campus Life",dlsu,69,2026-06-03T06:45:32.490Z
59f68df6-b1cd-43f3-a973-56c485072ef5,ust,"Campus Life",up,102,2026-06-03T06:45:32.490Z
59f68df6-b1cd-43f3-a973-56c485072ef5,ust,"Campus Life",ust,140,2026-06-03T06:45:32.490Z
59f68df6-b1cd-43f3-a973-56c485072ef5,ust,"Values & Identity",admu,47,2026-06-03T06:45:32.490Z
59f68df6-b1cd-43f3-a973-56c485072ef5,ust,"Values & Identity",dlsu,62,2026-06-03T06:45:32.490Z
59f68df6-b1cd-43f3-a973-56c485072ef5,ust,"Values & Identity",up,65,2026-06-03T06:45:32.490Z
59f68df6-b1cd-43f3-a973-56c485072ef5,ust,"Values & Identity",ust,105,2026-06-03T06:45:32.490Z
9022ea5f-45a5-4045-88df-0600073c7be7,admu,"Academic Experience",admu,76,2026-06-03T07:30:23.126Z
9022ea5f-45a5-4045-88df-0600073c7be7,admu,"Academic Experience",dlsu,45,2026-06-03T07:30:23.126Z
9022ea5f-45a5-4045-88df-0600073c7be7,admu,"Academic Experience",up,18,2026-06-03T07:30:23.126Z
9022ea5f-45a5-4045-88df-0600073c7be7,admu,"Academic Experience",ust,54,2026-06-03T07:30:23.126Z
9022ea5f-45a5-4045-88df-0600073c7be7,admu,"Social & Cultural Fit",admu,68,2026-06-03T07:30:23.126Z
9022ea5f-45a5-4045-88df-0600073c7be7,admu,"Social & Cultural Fit",dlsu,85,2026-06-03T07:30:23.126Z
9022ea5f-45a5-4045-88df-0600073c7be7,admu,"Social & Cultural Fit",up,55,2026-06-03T07:30:23.126Z
9022ea5f-45a5-4045-88df-0600073c7be7,admu,"Social & Cultural Fit",ust,88,2026-06-03T07:30:23.126Z
9022ea5f-45a5-4045-88df-0600073c7be7,admu,"Campus Life",admu,112,2026-06-03T07:30:23.126Z
9022ea5f-45a5-4045-88df-0600073c7be7,admu,"Campus Life",dlsu,91,2026-06-03T07:30:23.126Z
9022ea5f-45a5-4045-88df-0600073c7be7,admu,"Campus Life",up,71,2026-06-03T07:30:23.126Z
9022ea5f-45a5-4045-88df-0600073c7be7,admu,"Campus Life",ust,77,2026-06-03T07:30:23.126Z
9022ea5f-45a5-4045-88df-0600073c7be7,admu,"Values & Identity",admu,126,2026-06-03T07:30:23.126Z
9022ea5f-45a5-4045-88df-0600073c7be7,admu,"Values & Identity",dlsu,56,2026-06-03T07:30:23.126Z
9022ea5f-45a5-4045-88df-0600073c7be7,admu,"Values & Identity",up,60,2026-06-03T07:30:23.126Z
9022ea5f-45a5-4045-88df-0600073c7be7,admu,"Values & Identity",ust,29,2026-06-03T07:30:23.126Z
c895f71e-9bd3-4426-bf62-c6d62612f9bd,dlsu,"Academic Experience",admu,40,2026-06-03T10:37:06.966Z
c895f71e-9bd3-4426-bf62-c6d62612f9bd,dlsu,"Academic Experience",dlsu,94,2026-06-03T10:37:06.966Z
c895f71e-9bd3-4426-bf62-c6d62612f9bd,dlsu,"Academic Experience",up,24,2026-06-03T10:37:06.966Z
c895f71e-9bd3-4426-bf62-c6d62612f9bd,dlsu,"Academic Experience",ust,42,2026-06-03T10:37:06.966Z
c895f71e-9bd3-4426-bf62-c6d62612f9bd,dlsu,"Social & Cultural Fit",admu,87,2026-06-03T10:37:06.966Z
c895f71e-9bd3-4426-bf62-c6d62612f9bd,dlsu,"Social & Cultural Fit",dlsu,91,2026-06-03T10:37:06.966Z
c895f71e-9bd3-4426-bf62-c6d62612f9bd,dlsu,"Social & Cultural Fit",up,39,2026-06-03T10:37:06.966Z
c895f71e-9bd3-4426-bf62-c6d62612f9bd,dlsu,"Social & Cultural Fit",ust,64,2026-06-03T10:37:06.966Z
c895f71e-9bd3-4426-bf62-c6d62612f9bd,dlsu,"Campus Life",admu,76,2026-06-03T10:37:06.966Z
c895f71e-9bd3-4426-bf62-c6d62612f9bd,dlsu,"Campus Life",dlsu,157,2026-06-03T10:37:06.966Z
c895f71e-9bd3-4426-bf62-c6d62612f9bd,dlsu,"Campus Life",up,58,2026-06-03T10:37:06.966Z
c895f71e-9bd3-4426-bf62-c6d62612f9bd,dlsu,"Campus Life",ust,86,2026-06-03T10:37:06.966Z
c895f71e-9bd3-4426-bf62-c6d62612f9bd,dlsu,"Values & Identity",admu,73,2026-06-03T10:37:06.966Z
c895f71e-9bd3-4426-bf62-c6d62612f9bd,dlsu,"Values & Identity",dlsu,106,2026-06-03T10:37:06.966Z
c895f71e-9bd3-4426-bf62-c6d62612f9bd,dlsu,"Values & Identity",up,44,2026-06-03T10:37:06.966Z
c895f71e-9bd3-4426-bf62-c6d62612f9bd,dlsu,"Values & Identity",ust,46,2026-06-03T10:37:06.966Z
6eb22c5a-35c0-42bd-ba89-c980734a340e,admu,"Academic Experience",admu,112,2026-06-03T20:12:17.379Z
6eb22c5a-35c0-42bd-ba89-c980734a340e,admu,"Academic Experience",dlsu,47,2026-06-03T20:12:17.379Z
6eb22c5a-35c0-42bd-ba89-c980734a340e,admu,"Academic Experience",up,17,2026-06-03T20:12:17.379Z
6eb22c5a-35c0-42bd-ba89-c980734a340e,admu,"Academic Experience",ust,34,2026-06-03T20:12:17.379Z
6eb22c5a-35c0-42bd-ba89-c980734a340e,admu,"Social & Cultural Fit",admu,99,2026-06-03T20:12:17.379Z
6eb22c5a-35c0-42bd-ba89-c980734a340e,admu,"Social & Cultural Fit",dlsu,88,2026-06-03T20:12:17.379Z
6eb22c5a-35c0-42bd-ba89-c980734a340e,admu,"Social & Cultural Fit",up,25,2026-06-03T20:12:17.379Z
6eb22c5a-35c0-42bd-ba89-c980734a340e,admu,"Social & Cultural Fit",ust,57,2026-06-03T20:12:17.379Z
6eb22c5a-35c0-42bd-ba89-c980734a340e,admu,"Campus Life",admu,117,2026-06-03T20:12:17.379Z
6eb22c5a-35c0-42bd-ba89-c980734a340e,admu,"Campus Life",dlsu,102,2026-06-03T20:12:17.379Z
6eb22c5a-35c0-42bd-ba89-c980734a340e,admu,"Campus Life",up,95,2026-06-03T20:12:17.379Z
6eb22c5a-35c0-42bd-ba89-c980734a340e,admu,"Campus Life",ust,76,2026-06-03T20:12:17.379Z
6eb22c5a-35c0-42bd-ba89-c980734a340e,admu,"Values & Identity",admu,107,2026-06-03T20:12:17.379Z
6eb22c5a-35c0-42bd-ba89-c980734a340e,admu,"Values & Identity",dlsu,49,2026-06-03T20:12:17.379Z
6eb22c5a-35c0-42bd-ba89-c980734a340e,admu,"Values & Identity",up,34,2026-06-03T20:12:17.379Z
6eb22c5a-35c0-42bd-ba89-c980734a340e,admu,"Values & Identity",ust,56,2026-06-03T20:12:17.379Z
349253ff-f56e-478e-bc3a-868568b63f45,admu,"Academic Experience",admu,113,2026-06-03T22:39:55.002Z
349253ff-f56e-478e-bc3a-868568b63f45,admu,"Academic Experience",dlsu,43,2026-06-03T22:39:55.002Z
349253ff-f56e-478e-bc3a-868568b63f45,admu,"Academic Experience",up,37,2026-06-03T22:39:55.002Z
349253ff-f56e-478e-bc3a-868568b63f45,admu,"Academic Experience",ust,34,2026-06-03T22:39:55.002Z
349253ff-f56e-478e-bc3a-868568b63f45,admu,"Social & Cultural Fit",admu,113,2026-06-03T22:39:55.002Z
349253ff-f56e-478e-bc3a-868568b63f45,admu,"Social & Cultural Fit",dlsu,99,2026-06-03T22:39:55.002Z
349253ff-f56e-478e-bc3a-868568b63f45,admu,"Social & Cultural Fit",up,29,2026-06-03T22:39:55.002Z
349253ff-f56e-478e-bc3a-868568b63f45,admu,"Social & Cultural Fit",ust,46,2026-06-03T22:39:55.002Z
349253ff-f56e-478e-bc3a-868568b63f45,admu,"Campus Life",admu,133,2026-06-03T22:39:55.002Z
349253ff-f56e-478e-bc3a-868568b63f45,admu,"Campus Life",dlsu,92,2026-06-03T22:39:55.002Z
349253ff-f56e-478e-bc3a-868568b63f45,admu,"Campus Life",up,89,2026-06-03T22:39:55.002Z
349253ff-f56e-478e-bc3a-868568b63f45,admu,"Campus Life",ust,71,2026-06-03T22:39:55.002Z
349253ff-f56e-478e-bc3a-868568b63f45,admu,"Values & Identity",admu,117,2026-06-03T22:39:55.002Z
349253ff-f56e-478e-bc3a-868568b63f45,admu,"Values & Identity",dlsu,54,2026-06-03T22:39:55.002Z
349253ff-f56e-478e-bc3a-868568b63f45,admu,"Values & Identity",up,78,2026-06-03T22:39:55.002Z
349253ff-f56e-478e-bc3a-868568b63f45,admu,"Values & Identity",ust,28,2026-06-03T22:39:55.002Z
1af828be-1774-4709-8d29-41cf607c3eaa,dlsu,"Academic Experience",admu,53,2026-06-03T22:56:42.007Z
1af828be-1774-4709-8d29-41cf607c3eaa,dlsu,"Academic Experience",dlsu,124,2026-06-03T22:56:42.007Z
1af828be-1774-4709-8d29-41cf607c3eaa,dlsu,"Academic Experience",up,6,2026-06-03T22:56:42.007Z
1af828be-1774-4709-8d29-41cf607c3eaa,dlsu,"Academic Experience",ust,31,2026-06-03T22:56:42.007Z
1af828be-1774-4709-8d29-41cf607c3eaa,dlsu,"Social & Cultural Fit",admu,110,2026-06-03T22:56:42.007Z
1af828be-1774-4709-8d29-41cf607c3eaa,dlsu,"Social & Cultural Fit",dlsu,121,2026-06-03T22:56:42.007Z
1af828be-1774-4709-8d29-41cf607c3eaa,dlsu,"Social & Cultural Fit",up,18,2026-06-03T22:56:42.007Z
1af828be-1774-4709-8d29-41cf607c3eaa,dlsu,"Social & Cultural Fit",ust,47,2026-06-03T22:56:42.007Z
1af828be-1774-4709-8d29-41cf607c3eaa,dlsu,"Campus Life",admu,86,2026-06-03T22:56:42.007Z
1af828be-1774-4709-8d29-41cf607c3eaa,dlsu,"Campus Life",dlsu,158,2026-06-03T22:56:42.007Z
1af828be-1774-4709-8d29-41cf607c3eaa,dlsu,"Campus Life",up,65,2026-06-03T22:56:42.007Z
1af828be-1774-4709-8d29-41cf607c3eaa,dlsu,"Campus Life",ust,66,2026-06-03T22:56:42.007Z
1af828be-1774-4709-8d29-41cf607c3eaa,dlsu,"Values & Identity",admu,64,2026-06-03T22:56:42.007Z
1af828be-1774-4709-8d29-41cf607c3eaa,dlsu,"Values & Identity",dlsu,105,2026-06-03T22:56:42.007Z
1af828be-1774-4709-8d29-41cf607c3eaa,dlsu,"Values & Identity",up,39,2026-06-03T22:56:42.007Z
1af828be-1774-4709-8d29-41cf607c3eaa,dlsu,"Values & Identity",ust,57,2026-06-03T22:56:42.007Z
0ae13edf-ade6-4aa2-9de0-059a956a0153,admu,"Academic Experience",admu,102,2026-06-04T04:05:32.818Z
0ae13edf-ade6-4aa2-9de0-059a956a0153,admu,"Academic Experience",dlsu,44,2026-06-04T04:05:32.818Z
0ae13edf-ade6-4aa2-9de0-059a956a0153,admu,"Academic Experience",up,34,2026-06-04T04:05:32.818Z
0ae13edf-ade6-4aa2-9de0-059a956a0153,admu,"Academic Experience",ust,28,2026-06-04T04:05:32.818Z
0ae13edf-ade6-4aa2-9de0-059a956a0153,admu,"Social & Cultural Fit",admu,89,2026-06-04T04:05:32.818Z
0ae13edf-ade6-4aa2-9de0-059a956a0153,admu,"Social & Cultural Fit",dlsu,88,2026-06-04T04:05:32.818Z
0ae13edf-ade6-4aa2-9de0-059a956a0153,admu,"Social & Cultural Fit",up,27,2026-06-04T04:05:32.818Z
0ae13edf-ade6-4aa2-9de0-059a956a0153,admu,"Social & Cultural Fit",ust,49,2026-06-04T04:05:32.818Z
0ae13edf-ade6-4aa2-9de0-059a956a0153,admu,"Campus Life",admu,128,2026-06-04T04:05:32.818Z
0ae13edf-ade6-4aa2-9de0-059a956a0153,admu,"Campus Life",dlsu,96,2026-06-04T04:05:32.818Z
0ae13edf-ade6-4aa2-9de0-059a956a0153,admu,"Campus Life",up,67,2026-06-04T04:05:32.818Z
0ae13edf-ade6-4aa2-9de0-059a956a0153,admu,"Campus Life",ust,65,2026-06-04T04:05:32.818Z
0ae13edf-ade6-4aa2-9de0-059a956a0153,admu,"Values & Identity",admu,116,2026-06-04T04:05:32.818Z
0ae13edf-ade6-4aa2-9de0-059a956a0153,admu,"Values & Identity",dlsu,57,2026-06-04T04:05:32.818Z
0ae13edf-ade6-4aa2-9de0-059a956a0153,admu,"Values & Identity",up,60,2026-06-04T04:05:32.818Z
0ae13edf-ade6-4aa2-9de0-059a956a0153,admu,"Values & Identity",ust,24,2026-06-04T04:05:32.818Z
c266114c-675f-4050-be3b-d8b66a7fc74c,admu,"Academic Experience",admu,109,2026-06-04T10:42:04.303Z
c266114c-675f-4050-be3b-d8b66a7fc74c,admu,"Academic Experience",dlsu,45,2026-06-04T10:42:04.303Z
c266114c-675f-4050-be3b-d8b66a7fc74c,admu,"Academic Experience",up,50,2026-06-04T10:42:04.303Z
c266114c-675f-4050-be3b-d8b66a7fc74c,admu,"Academic Experience",ust,26,2026-06-04T10:42:04.303Z
c266114c-675f-4050-be3b-d8b66a7fc74c,admu,"Social & Cultural Fit",admu,120,2026-06-04T10:42:04.303Z
c266114c-675f-4050-be3b-d8b66a7fc74c,admu,"Social & Cultural Fit",dlsu,115,2026-06-04T10:42:04.303Z
c266114c-675f-4050-be3b-d8b66a7fc74c,admu,"Social & Cultural Fit",up,14,2026-06-04T10:42:04.303Z
c266114c-675f-4050-be3b-d8b66a7fc74c,admu,"Social & Cultural Fit",ust,38,2026-06-04T10:42:04.303Z
c266114c-675f-4050-be3b-d8b66a7fc74c,admu,"Campus Life",admu,120,2026-06-04T10:42:04.303Z
c266114c-675f-4050-be3b-d8b66a7fc74c,admu,"Campus Life",dlsu,105,2026-06-04T10:42:04.303Z
c266114c-675f-4050-be3b-d8b66a7fc74c,admu,"Campus Life",up,63,2026-06-04T10:42:04.303Z
c266114c-675f-4050-be3b-d8b66a7fc74c,admu,"Campus Life",ust,61,2026-06-04T10:42:04.303Z
c266114c-675f-4050-be3b-d8b66a7fc74c,admu,"Values & Identity",admu,105,2026-06-04T10:42:04.303Z
c266114c-675f-4050-be3b-d8b66a7fc74c,admu,"Values & Identity",dlsu,67,2026-06-04T10:42:04.303Z
c266114c-675f-4050-be3b-d8b66a7fc74c,admu,"Values & Identity",up,63,2026-06-04T10:42:04.303Z
c266114c-675f-4050-be3b-d8b66a7fc74c,admu,"Values & Identity",ust,41,2026-06-04T10:42:04.303Z
6e53d599-afc1-43b1-9397-405764d4fb43,dlsu,"Academic Experience",admu,47,2026-06-04T20:45:41.696Z
6e53d599-afc1-43b1-9397-405764d4fb43,dlsu,"Academic Experience",dlsu,106,2026-06-04T20:45:41.696Z
6e53d599-afc1-43b1-9397-405764d4fb43,dlsu,"Academic Experience",up,26,2026-06-04T20:45:41.696Z
6e53d599-afc1-43b1-9397-405764d4fb43,dlsu,"Academic Experience",ust,33,2026-06-04T20:45:41.696Z
6e53d599-afc1-43b1-9397-405764d4fb43,dlsu,"Social & Cultural Fit",admu,67,2026-06-04T20:45:41.696Z
6e53d599-afc1-43b1-9397-405764d4fb43,dlsu,"Social & Cultural Fit",dlsu,74,2026-06-04T20:45:41.696Z
6e53d599-afc1-43b1-9397-405764d4fb43,dlsu,"Social & Cultural Fit",up,79,2026-06-04T20:45:41.696Z
6e53d599-afc1-43b1-9397-405764d4fb43,dlsu,"Social & Cultural Fit",ust,75,2026-06-04T20:45:41.696Z
6e53d599-afc1-43b1-9397-405764d4fb43,dlsu,"Campus Life",admu,98,2026-06-04T20:45:41.696Z
6e53d599-afc1-43b1-9397-405764d4fb43,dlsu,"Campus Life",dlsu,129,2026-06-04T20:45:41.696Z
6e53d599-afc1-43b1-9397-405764d4fb43,dlsu,"Campus Life",up,89,2026-06-04T20:45:41.696Z
6e53d599-afc1-43b1-9397-405764d4fb43,dlsu,"Campus Life",ust,77,2026-06-04T20:45:41.696Z
6e53d599-afc1-43b1-9397-405764d4fb43,dlsu,"Values & Identity",admu,94,2026-06-04T20:45:41.696Z
6e53d599-afc1-43b1-9397-405764d4fb43,dlsu,"Values & Identity",dlsu,96,2026-06-04T20:45:41.696Z
6e53d599-afc1-43b1-9397-405764d4fb43,dlsu,"Values & Identity",up,35,2026-06-04T20:45:41.696Z
6e53d599-afc1-43b1-9397-405764d4fb43,dlsu,"Values & Identity",ust,33,2026-06-04T20:45:41.696Z
73be3d33-87cb-48c8-a77a-566e186e9a4d,admu,"Academic Experience",admu,112,2026-06-05T01:56:08.876Z
73be3d33-87cb-48c8-a77a-566e186e9a4d,admu,"Academic Experience",dlsu,47,2026-06-05T01:56:08.876Z
73be3d33-87cb-48c8-a77a-566e186e9a4d,admu,"Academic Experience",up,17,2026-06-05T01:56:08.876Z
73be3d33-87cb-48c8-a77a-566e186e9a4d,admu,"Academic Experience",ust,34,2026-06-05T01:56:08.876Z
73be3d33-87cb-48c8-a77a-566e186e9a4d,admu,"Social & Cultural Fit",admu,116,2026-06-05T01:56:08.876Z
73be3d33-87cb-48c8-a77a-566e186e9a4d,admu,"Social & Cultural Fit",dlsu,99,2026-06-05T01:56:08.876Z
73be3d33-87cb-48c8-a77a-566e186e9a4d,admu,"Social & Cultural Fit",up,34,2026-06-05T01:56:08.876Z
73be3d33-87cb-48c8-a77a-566e186e9a4d,admu,"Social & Cultural Fit",ust,52,2026-06-05T01:56:08.876Z
73be3d33-87cb-48c8-a77a-566e186e9a4d,admu,"Campus Life",admu,125,2026-06-05T01:56:08.876Z
73be3d33-87cb-48c8-a77a-566e186e9a4d,admu,"Campus Life",dlsu,94,2026-06-05T01:56:08.876Z
73be3d33-87cb-48c8-a77a-566e186e9a4d,admu,"Campus Life",up,93,2026-06-05T01:56:08.876Z
73be3d33-87cb-48c8-a77a-566e186e9a4d,admu,"Campus Life",ust,72,2026-06-05T01:56:08.876Z
73be3d33-87cb-48c8-a77a-566e186e9a4d,admu,"Values & Identity",admu,129,2026-06-05T01:56:08.876Z
73be3d33-87cb-48c8-a77a-566e186e9a4d,admu,"Values & Identity",dlsu,56,2026-06-05T01:56:08.876Z
73be3d33-87cb-48c8-a77a-566e186e9a4d,admu,"Values & Identity",up,60,2026-06-05T01:56:08.876Z
73be3d33-87cb-48c8-a77a-566e186e9a4d,admu,"Values & Identity",ust,28,2026-06-05T01:56:08.876Z
f0a187ff-ad75-42c6-a9bb-aa967eda97ff,dlsu,"Academic Experience",admu,53,2026-06-05T05:49:07.984Z
f0a187ff-ad75-42c6-a9bb-aa967eda97ff,dlsu,"Academic Experience",dlsu,124,2026-06-05T05:49:07.984Z
f0a187ff-ad75-42c6-a9bb-aa967eda97ff,dlsu,"Academic Experience",up,6,2026-06-05T05:49:07.984Z
f0a187ff-ad75-42c6-a9bb-aa967eda97ff,dlsu,"Academic Experience",ust,31,2026-06-05T05:49:07.984Z
f0a187ff-ad75-42c6-a9bb-aa967eda97ff,dlsu,"Social & Cultural Fit",admu,100,2026-06-05T05:49:07.984Z
f0a187ff-ad75-42c6-a9bb-aa967eda97ff,dlsu,"Social & Cultural Fit",dlsu,122,2026-06-05T05:49:07.984Z
f0a187ff-ad75-42c6-a9bb-aa967eda97ff,dlsu,"Social & Cultural Fit",up,38,2026-06-05T05:49:07.984Z
f0a187ff-ad75-42c6-a9bb-aa967eda97ff,dlsu,"Social & Cultural Fit",ust,54,2026-06-05T05:49:07.984Z
f0a187ff-ad75-42c6-a9bb-aa967eda97ff,dlsu,"Campus Life",admu,79,2026-06-05T05:49:07.984Z
f0a187ff-ad75-42c6-a9bb-aa967eda97ff,dlsu,"Campus Life",dlsu,169,2026-06-05T05:49:07.984Z
f0a187ff-ad75-42c6-a9bb-aa967eda97ff,dlsu,"Campus Life",up,55,2026-06-05T05:49:07.984Z
f0a187ff-ad75-42c6-a9bb-aa967eda97ff,dlsu,"Campus Life",ust,72,2026-06-05T05:49:07.984Z
f0a187ff-ad75-42c6-a9bb-aa967eda97ff,dlsu,"Values & Identity",admu,66,2026-06-05T05:49:07.984Z
f0a187ff-ad75-42c6-a9bb-aa967eda97ff,dlsu,"Values & Identity",dlsu,116,2026-06-05T05:49:07.984Z
f0a187ff-ad75-42c6-a9bb-aa967eda97ff,dlsu,"Values & Identity",up,39,2026-06-05T05:49:07.984Z
f0a187ff-ad75-42c6-a9bb-aa967eda97ff,dlsu,"Values & Identity",ust,49,2026-06-05T05:49:07.984Z
9b6041a9-d82c-489f-852e-2fdfe536d598,up,"Academic Experience",admu,44,2026-06-05T05:53:13.497Z
9b6041a9-d82c-489f-852e-2fdfe536d598,up,"Academic Experience",dlsu,44,2026-06-05T05:53:13.497Z
9b6041a9-d82c-489f-852e-2fdfe536d598,up,"Academic Experience",up,84,2026-06-05T05:53:13.497Z
9b6041a9-d82c-489f-852e-2fdfe536d598,up,"Academic Experience",ust,41,2026-06-05T05:53:13.497Z
9b6041a9-d82c-489f-852e-2fdfe536d598,up,"Social & Cultural Fit",admu,75,2026-06-05T05:53:13.497Z
9b6041a9-d82c-489f-852e-2fdfe536d598,up,"Social & Cultural Fit",dlsu,60,2026-06-05T05:53:13.497Z
9b6041a9-d82c-489f-852e-2fdfe536d598,up,"Social & Cultural Fit",up,85,2026-06-05T05:53:13.497Z
9b6041a9-d82c-489f-852e-2fdfe536d598,up,"Social & Cultural Fit",ust,76,2026-06-05T05:53:13.497Z
9b6041a9-d82c-489f-852e-2fdfe536d598,up,"Campus Life",admu,81,2026-06-05T05:53:13.497Z
9b6041a9-d82c-489f-852e-2fdfe536d598,up,"Campus Life",dlsu,87,2026-06-05T05:53:13.497Z
9b6041a9-d82c-489f-852e-2fdfe536d598,up,"Campus Life",up,121,2026-06-05T05:53:13.497Z
9b6041a9-d82c-489f-852e-2fdfe536d598,up,"Campus Life",ust,79,2026-06-05T05:53:13.497Z
9b6041a9-d82c-489f-852e-2fdfe536d598,up,"Values & Identity",admu,80,2026-06-05T05:53:13.497Z
9b6041a9-d82c-489f-852e-2fdfe536d598,up,"Values & Identity",dlsu,47,2026-06-05T05:53:13.497Z
9b6041a9-d82c-489f-852e-2fdfe536d598,up,"Values & Identity",up,102,2026-06-05T05:53:13.497Z
9b6041a9-d82c-489f-852e-2fdfe536d598,up,"Values & Identity",ust,26,2026-06-05T05:53:13.497Z
e2bdf069-ecd8-4eae-96d2-2dce18241bcd,admu,"Academic Experience",admu,113,2026-06-05T08:29:52.631Z
e2bdf069-ecd8-4eae-96d2-2dce18241bcd,admu,"Academic Experience",dlsu,43,2026-06-05T08:29:52.631Z
e2bdf069-ecd8-4eae-96d2-2dce18241bcd,admu,"Academic Experience",up,37,2026-06-05T08:29:52.631Z
e2bdf069-ecd8-4eae-96d2-2dce18241bcd,admu,"Academic Experience",ust,34,2026-06-05T08:29:52.631Z
e2bdf069-ecd8-4eae-96d2-2dce18241bcd,admu,"Social & Cultural Fit",admu,89,2026-06-05T08:29:52.631Z
e2bdf069-ecd8-4eae-96d2-2dce18241bcd,admu,"Social & Cultural Fit",dlsu,98,2026-06-05T08:29:52.631Z
e2bdf069-ecd8-4eae-96d2-2dce18241bcd,admu,"Social & Cultural Fit",up,32,2026-06-05T08:29:52.631Z
e2bdf069-ecd8-4eae-96d2-2dce18241bcd,admu,"Social & Cultural Fit",ust,37,2026-06-05T08:29:52.631Z
e2bdf069-ecd8-4eae-96d2-2dce18241bcd,admu,"Campus Life",admu,86,2026-06-05T08:29:52.631Z
e2bdf069-ecd8-4eae-96d2-2dce18241bcd,admu,"Campus Life",dlsu,93,2026-06-05T08:29:52.631Z
e2bdf069-ecd8-4eae-96d2-2dce18241bcd,admu,"Campus Life",up,90,2026-06-05T08:29:52.631Z
e2bdf069-ecd8-4eae-96d2-2dce18241bcd,admu,"Campus Life",ust,85,2026-06-05T08:29:52.631Z
e2bdf069-ecd8-4eae-96d2-2dce18241bcd,admu,"Values & Identity",admu,129,2026-06-05T08:29:52.631Z
e2bdf069-ecd8-4eae-96d2-2dce18241bcd,admu,"Values & Identity",dlsu,56,2026-06-05T08:29:52.631Z
e2bdf069-ecd8-4eae-96d2-2dce18241bcd,admu,"Values & Identity",up,60,2026-06-05T08:29:52.631Z
e2bdf069-ecd8-4eae-96d2-2dce18241bcd,admu,"Values & Identity",ust,28,2026-06-05T08:29:52.631Z
b43f16d1-5443-413d-8d6b-89c31994ea03,admu,"Academic Experience",admu,113,2026-06-05T09:58:04.918Z
b43f16d1-5443-413d-8d6b-89c31994ea03,admu,"Academic Experience",dlsu,43,2026-06-05T09:58:04.918Z
b43f16d1-5443-413d-8d6b-89c31994ea03,admu,"Academic Experience",up,37,2026-06-05T09:58:04.918Z
b43f16d1-5443-413d-8d6b-89c31994ea03,admu,"Academic Experience",ust,34,2026-06-05T09:58:04.918Z
b43f16d1-5443-413d-8d6b-89c31994ea03,admu,"Social & Cultural Fit",admu,120,2026-06-05T09:58:04.918Z
b43f16d1-5443-413d-8d6b-89c31994ea03,admu,"Social & Cultural Fit",dlsu,115,2026-06-05T09:58:04.918Z
b43f16d1-5443-413d-8d6b-89c31994ea03,admu,"Social & Cultural Fit",up,14,2026-06-05T09:58:04.918Z
b43f16d1-5443-413d-8d6b-89c31994ea03,admu,"Social & Cultural Fit",ust,38,2026-06-05T09:58:04.918Z
b43f16d1-5443-413d-8d6b-89c31994ea03,admu,"Campus Life",admu,118,2026-06-05T09:58:04.918Z
b43f16d1-5443-413d-8d6b-89c31994ea03,admu,"Campus Life",dlsu,84,2026-06-05T09:58:04.918Z
b43f16d1-5443-413d-8d6b-89c31994ea03,admu,"Campus Life",up,109,2026-06-05T09:58:04.918Z
b43f16d1-5443-413d-8d6b-89c31994ea03,admu,"Campus Life",ust,90,2026-06-05T09:58:04.918Z
b43f16d1-5443-413d-8d6b-89c31994ea03,admu,"Values & Identity",admu,126,2026-06-05T09:58:04.918Z
b43f16d1-5443-413d-8d6b-89c31994ea03,admu,"Values & Identity",dlsu,56,2026-06-05T09:58:04.918Z
b43f16d1-5443-413d-8d6b-89c31994ea03,admu,"Values & Identity",up,60,2026-06-05T09:58:04.918Z
b43f16d1-5443-413d-8d6b-89c31994ea03,admu,"Values & Identity",ust,29,2026-06-05T09:58:04.918Z
c375cdea-377c-4584-889f-bce251d9684c,ust,"Academic Experience",admu,37,2026-06-05T11:42:24.279Z
c375cdea-377c-4584-889f-bce251d9684c,ust,"Academic Experience",dlsu,29,2026-06-05T11:42:24.279Z
c375cdea-377c-4584-889f-bce251d9684c,ust,"Academic Experience",up,32,2026-06-05T11:42:24.279Z
c375cdea-377c-4584-889f-bce251d9684c,ust,"Academic Experience",ust,87,2026-06-05T11:42:24.279Z
c375cdea-377c-4584-889f-bce251d9684c,ust,"Social & Cultural Fit",admu,48,2026-06-05T11:42:24.279Z
c375cdea-377c-4584-889f-bce251d9684c,ust,"Social & Cultural Fit",dlsu,40,2026-06-05T11:42:24.279Z
c375cdea-377c-4584-889f-bce251d9684c,ust,"Social & Cultural Fit",up,128,2026-06-05T11:42:24.279Z
c375cdea-377c-4584-889f-bce251d9684c,ust,"Social & Cultural Fit",ust,119,2026-06-05T11:42:24.279Z
c375cdea-377c-4584-889f-bce251d9684c,ust,"Campus Life",admu,62,2026-06-05T11:42:24.279Z
c375cdea-377c-4584-889f-bce251d9684c,ust,"Campus Life",dlsu,76,2026-06-05T11:42:24.279Z
c375cdea-377c-4584-889f-bce251d9684c,ust,"Campus Life",up,113,2026-06-05T11:42:24.279Z
c375cdea-377c-4584-889f-bce251d9684c,ust,"Campus Life",ust,141,2026-06-05T11:42:24.279Z
c375cdea-377c-4584-889f-bce251d9684c,ust,"Values & Identity",admu,54,2026-06-05T11:42:24.279Z
c375cdea-377c-4584-889f-bce251d9684c,ust,"Values & Identity",dlsu,59,2026-06-05T11:42:24.279Z
c375cdea-377c-4584-889f-bce251d9684c,ust,"Values & Identity",up,84,2026-06-05T11:42:24.279Z
c375cdea-377c-4584-889f-bce251d9684c,ust,"Values & Identity",ust,88,2026-06-05T11:42:24.279Z
f77f4445-d30c-4fb6-9d9f-28fe78fc5f60,ust,"Academic Experience",admu,26,2026-06-05T14:30:47.257Z
f77f4445-d30c-4fb6-9d9f-28fe78fc5f60,ust,"Academic Experience",dlsu,48,2026-06-05T14:30:47.257Z
f77f4445-d30c-4fb6-9d9f-28fe78fc5f60,ust,"Academic Experience",up,29,2026-06-05T14:30:47.257Z
f77f4445-d30c-4fb6-9d9f-28fe78fc5f60,ust,"Academic Experience",ust,81,2026-06-05T14:30:47.257Z
f77f4445-d30c-4fb6-9d9f-28fe78fc5f60,ust,"Social & Cultural Fit",admu,31,2026-06-05T14:30:47.257Z
f77f4445-d30c-4fb6-9d9f-28fe78fc5f60,ust,"Social & Cultural Fit",dlsu,35,2026-06-05T14:30:47.257Z
f77f4445-d30c-4fb6-9d9f-28fe78fc5f60,ust,"Social & Cultural Fit",up,92,2026-06-05T14:30:47.257Z
f77f4445-d30c-4fb6-9d9f-28fe78fc5f60,ust,"Social & Cultural Fit",ust,97,2026-06-05T14:30:47.257Z
f77f4445-d30c-4fb6-9d9f-28fe78fc5f60,ust,"Campus Life",admu,67,2026-06-05T14:30:47.257Z
f77f4445-d30c-4fb6-9d9f-28fe78fc5f60,ust,"Campus Life",dlsu,70,2026-06-05T14:30:47.257Z
f77f4445-d30c-4fb6-9d9f-28fe78fc5f60,ust,"Campus Life",up,83,2026-06-05T14:30:47.257Z
f77f4445-d30c-4fb6-9d9f-28fe78fc5f60,ust,"Campus Life",ust,131,2026-06-05T14:30:47.257Z
f77f4445-d30c-4fb6-9d9f-28fe78fc5f60,ust,"Values & Identity",admu,39,2026-06-05T14:30:47.257Z
f77f4445-d30c-4fb6-9d9f-28fe78fc5f60,ust,"Values & Identity",dlsu,55,2026-06-05T14:30:47.257Z
f77f4445-d30c-4fb6-9d9f-28fe78fc5f60,ust,"Values & Identity",up,59,2026-06-05T14:30:47.257Z
f77f4445-d30c-4fb6-9d9f-28fe78fc5f60,ust,"Values & Identity",ust,125,2026-06-05T14:30:47.257Z
a3496a76-5cb0-498c-ac2f-8ff77b0b0351,admu,"Academic Experience",admu,89,2026-06-05T16:43:51.550Z
a3496a76-5cb0-498c-ac2f-8ff77b0b0351,admu,"Academic Experience",dlsu,58,2026-06-05T16:43:51.550Z
a3496a76-5cb0-498c-ac2f-8ff77b0b0351,admu,"Academic Experience",up,52,2026-06-05T16:43:51.550Z
a3496a76-5cb0-498c-ac2f-8ff77b0b0351,admu,"Academic Experience",ust,31,2026-06-05T16:43:51.550Z
a3496a76-5cb0-498c-ac2f-8ff77b0b0351,admu,"Social & Cultural Fit",admu,92,2026-06-05T16:43:51.550Z
a3496a76-5cb0-498c-ac2f-8ff77b0b0351,admu,"Social & Cultural Fit",dlsu,95,2026-06-05T16:43:51.550Z
a3496a76-5cb0-498c-ac2f-8ff77b0b0351,admu,"Social & Cultural Fit",up,20,2026-06-05T16:43:51.550Z
a3496a76-5cb0-498c-ac2f-8ff77b0b0351,admu,"Social & Cultural Fit",ust,53,2026-06-05T16:43:51.550Z
a3496a76-5cb0-498c-ac2f-8ff77b0b0351,admu,"Campus Life",admu,127,2026-06-05T16:43:51.550Z
a3496a76-5cb0-498c-ac2f-8ff77b0b0351,admu,"Campus Life",dlsu,104,2026-06-05T16:43:51.550Z
a3496a76-5cb0-498c-ac2f-8ff77b0b0351,admu,"Campus Life",up,82,2026-06-05T16:43:51.550Z
a3496a76-5cb0-498c-ac2f-8ff77b0b0351,admu,"Campus Life",ust,59,2026-06-05T16:43:51.550Z
a3496a76-5cb0-498c-ac2f-8ff77b0b0351,admu,"Values & Identity",admu,86,2026-06-05T16:43:51.550Z
a3496a76-5cb0-498c-ac2f-8ff77b0b0351,admu,"Values & Identity",dlsu,65,2026-06-05T16:43:51.550Z
a3496a76-5cb0-498c-ac2f-8ff77b0b0351,admu,"Values & Identity",up,85,2026-06-05T16:43:51.550Z
a3496a76-5cb0-498c-ac2f-8ff77b0b0351,admu,"Values & Identity",ust,39,2026-06-05T16:43:51.550Z
fe220df0-48f7-47df-8417-e8c43ceb88fa,up,"Academic Experience",admu,42,2026-06-06T02:49:38.657Z
fe220df0-48f7-47df-8417-e8c43ceb88fa,up,"Academic Experience",dlsu,18,2026-06-06T02:49:38.657Z
fe220df0-48f7-47df-8417-e8c43ceb88fa,up,"Academic Experience",up,140,2026-06-06T02:49:38.657Z
fe220df0-48f7-47df-8417-e8c43ceb88fa,up,"Academic Experience",ust,16,2026-06-06T02:49:38.657Z
fe220df0-48f7-47df-8417-e8c43ceb88fa,up,"Social & Cultural Fit",admu,41,2026-06-06T02:49:38.657Z
fe220df0-48f7-47df-8417-e8c43ceb88fa,up,"Social & Cultural Fit",dlsu,32,2026-06-06T02:49:38.657Z
fe220df0-48f7-47df-8417-e8c43ceb88fa,up,"Social & Cultural Fit",up,136,2026-06-06T02:49:38.657Z
fe220df0-48f7-47df-8417-e8c43ceb88fa,up,"Social & Cultural Fit",ust,91,2026-06-06T02:49:38.657Z
fe220df0-48f7-47df-8417-e8c43ceb88fa,up,"Campus Life",admu,80,2026-06-06T02:49:38.657Z
fe220df0-48f7-47df-8417-e8c43ceb88fa,up,"Campus Life",dlsu,65,2026-06-06T02:49:38.657Z
fe220df0-48f7-47df-8417-e8c43ceb88fa,up,"Campus Life",up,154,2026-06-06T02:49:38.657Z
fe220df0-48f7-47df-8417-e8c43ceb88fa,up,"Campus Life",ust,91,2026-06-06T02:49:38.657Z
fe220df0-48f7-47df-8417-e8c43ceb88fa,up,"Values & Identity",admu,59,2026-06-06T02:49:38.657Z
fe220df0-48f7-47df-8417-e8c43ceb88fa,up,"Values & Identity",dlsu,38,2026-06-06T02:49:38.657Z
fe220df0-48f7-47df-8417-e8c43ceb88fa,up,"Values & Identity",up,136,2026-06-06T02:49:38.657Z
fe220df0-48f7-47df-8417-e8c43ceb88fa,up,"Values & Identity",ust,32,2026-06-06T02:49:38.657Z
ea4c465c-0aa5-4afa-9784-816b65b581e3,up,"Academic Experience",admu,51,2026-06-06T06:05:46.743Z
ea4c465c-0aa5-4afa-9784-816b65b581e3,up,"Academic Experience",dlsu,37,2026-06-06T06:05:46.743Z
ea4c465c-0aa5-4afa-9784-816b65b581e3,up,"Academic Experience",up,69,2026-06-06T06:05:46.743Z
ea4c465c-0aa5-4afa-9784-816b65b581e3,up,"Academic Experience",ust,44,2026-06-06T06:05:46.743Z
ea4c465c-0aa5-4afa-9784-816b65b581e3,up,"Social & Cultural Fit",admu,68,2026-06-06T06:05:46.743Z
ea4c465c-0aa5-4afa-9784-816b65b581e3,up,"Social & Cultural Fit",dlsu,55,2026-06-06T06:05:46.743Z
ea4c465c-0aa5-4afa-9784-816b65b581e3,up,"Social & Cultural Fit",up,89,2026-06-06T06:05:46.743Z
ea4c465c-0aa5-4afa-9784-816b65b581e3,up,"Social & Cultural Fit",ust,83,2026-06-06T06:05:46.743Z
ea4c465c-0aa5-4afa-9784-816b65b581e3,up,"Campus Life",admu,68,2026-06-06T06:05:46.743Z
ea4c465c-0aa5-4afa-9784-816b65b581e3,up,"Campus Life",dlsu,54,2026-06-06T06:05:46.743Z
ea4c465c-0aa5-4afa-9784-816b65b581e3,up,"Campus Life",up,157,2026-06-06T06:05:46.743Z
ea4c465c-0aa5-4afa-9784-816b65b581e3,up,"Campus Life",ust,107,2026-06-06T06:05:46.743Z
ea4c465c-0aa5-4afa-9784-816b65b581e3,up,"Values & Identity",admu,89,2026-06-06T06:05:46.743Z
ea4c465c-0aa5-4afa-9784-816b65b581e3,up,"Values & Identity",dlsu,66,2026-06-06T06:05:46.743Z
ea4c465c-0aa5-4afa-9784-816b65b581e3,up,"Values & Identity",up,98,2026-06-06T06:05:46.743Z
ea4c465c-0aa5-4afa-9784-816b65b581e3,up,"Values & Identity",ust,26,2026-06-06T06:05:46.743Z
b6fdac18-c534-4844-a892-48eb13b7288d,admu,"Academic Experience",admu,99,2026-06-06T07:06:58.962Z
b6fdac18-c534-4844-a892-48eb13b7288d,admu,"Academic Experience",dlsu,61,2026-06-06T07:06:58.962Z
b6fdac18-c534-4844-a892-48eb13b7288d,admu,"Academic Experience",up,35,2026-06-06T07:06:58.962Z
b6fdac18-c534-4844-a892-48eb13b7288d,admu,"Academic Experience",ust,37,2026-06-06T07:06:58.962Z
b6fdac18-c534-4844-a892-48eb13b7288d,admu,"Social & Cultural Fit",admu,82,2026-06-06T07:06:58.962Z
b6fdac18-c534-4844-a892-48eb13b7288d,admu,"Social & Cultural Fit",dlsu,78,2026-06-06T07:06:58.962Z
b6fdac18-c534-4844-a892-48eb13b7288d,admu,"Social & Cultural Fit",up,28,2026-06-06T07:06:58.962Z
b6fdac18-c534-4844-a892-48eb13b7288d,admu,"Social & Cultural Fit",ust,60,2026-06-06T07:06:58.962Z
b6fdac18-c534-4844-a892-48eb13b7288d,admu,"Campus Life",admu,127,2026-06-06T07:06:58.962Z
b6fdac18-c534-4844-a892-48eb13b7288d,admu,"Campus Life",dlsu,83,2026-06-06T07:06:58.962Z
b6fdac18-c534-4844-a892-48eb13b7288d,admu,"Campus Life",up,92,2026-06-06T07:06:58.962Z
b6fdac18-c534-4844-a892-48eb13b7288d,admu,"Campus Life",ust,52,2026-06-06T07:06:58.962Z
b6fdac18-c534-4844-a892-48eb13b7288d,admu,"Values & Identity",admu,107,2026-06-06T07:06:58.962Z
b6fdac18-c534-4844-a892-48eb13b7288d,admu,"Values & Identity",dlsu,60,2026-06-06T07:06:58.962Z
b6fdac18-c534-4844-a892-48eb13b7288d,admu,"Values & Identity",up,48,2026-06-06T07:06:58.962Z
b6fdac18-c534-4844-a892-48eb13b7288d,admu,"Values & Identity",ust,52,2026-06-06T07:06:58.962Z
f375027a-5814-43ac-be94-2366a38570e3,admu,"Academic Experience",admu,113,2026-06-06T10:53:48.176Z
f375027a-5814-43ac-be94-2366a38570e3,admu,"Academic Experience",dlsu,43,2026-06-06T10:53:48.176Z
f375027a-5814-43ac-be94-2366a38570e3,admu,"Academic Experience",up,37,2026-06-06T10:53:48.176Z
f375027a-5814-43ac-be94-2366a38570e3,admu,"Academic Experience",ust,34,2026-06-06T10:53:48.176Z
f375027a-5814-43ac-be94-2366a38570e3,admu,"Social & Cultural Fit",admu,120,2026-06-06T10:53:48.176Z
f375027a-5814-43ac-be94-2366a38570e3,admu,"Social & Cultural Fit",dlsu,115,2026-06-06T10:53:48.176Z
f375027a-5814-43ac-be94-2366a38570e3,admu,"Social & Cultural Fit",up,14,2026-06-06T10:53:48.176Z
f375027a-5814-43ac-be94-2366a38570e3,admu,"Social & Cultural Fit",ust,38,2026-06-06T10:53:48.176Z
f375027a-5814-43ac-be94-2366a38570e3,admu,"Campus Life",admu,133,2026-06-06T10:53:48.176Z
f375027a-5814-43ac-be94-2366a38570e3,admu,"Campus Life",dlsu,92,2026-06-06T10:53:48.176Z
f375027a-5814-43ac-be94-2366a38570e3,admu,"Campus Life",up,89,2026-06-06T10:53:48.176Z
f375027a-5814-43ac-be94-2366a38570e3,admu,"Campus Life",ust,71,2026-06-06T10:53:48.176Z
f375027a-5814-43ac-be94-2366a38570e3,admu,"Values & Identity",admu,129,2026-06-06T10:53:48.176Z
f375027a-5814-43ac-be94-2366a38570e3,admu,"Values & Identity",dlsu,56,2026-06-06T10:53:48.176Z
f375027a-5814-43ac-be94-2366a38570e3,admu,"Values & Identity",up,60,2026-06-06T10:53:48.176Z
f375027a-5814-43ac-be94-2366a38570e3,admu,"Values & Identity",ust,28,2026-06-06T10:53:48.176Z
7b512dba-8020-484b-bc14-78f17a3129cf,dlsu,"Academic Experience",admu,47,2026-06-06T12:11:32.711Z
7b512dba-8020-484b-bc14-78f17a3129cf,dlsu,"Academic Experience",dlsu,106,2026-06-06T12:11:32.711Z
7b512dba-8020-484b-bc14-78f17a3129cf,dlsu,"Academic Experience",up,26,2026-06-06T12:11:32.711Z
7b512dba-8020-484b-bc14-78f17a3129cf,dlsu,"Academic Experience",ust,33,2026-06-06T12:11:32.711Z
7b512dba-8020-484b-bc14-78f17a3129cf,dlsu,"Social & Cultural Fit",admu,94,2026-06-06T12:11:32.711Z
7b512dba-8020-484b-bc14-78f17a3129cf,dlsu,"Social & Cultural Fit",dlsu,106,2026-06-06T12:11:32.711Z
7b512dba-8020-484b-bc14-78f17a3129cf,dlsu,"Social & Cultural Fit",up,58,2026-06-06T12:11:32.711Z
7b512dba-8020-484b-bc14-78f17a3129cf,dlsu,"Social & Cultural Fit",ust,68,2026-06-06T12:11:32.711Z
7b512dba-8020-484b-bc14-78f17a3129cf,dlsu,"Campus Life",admu,69,2026-06-06T12:11:32.711Z
7b512dba-8020-484b-bc14-78f17a3129cf,dlsu,"Campus Life",dlsu,136,2026-06-06T12:11:32.711Z
7b512dba-8020-484b-bc14-78f17a3129cf,dlsu,"Campus Life",up,81,2026-06-06T12:11:32.711Z
7b512dba-8020-484b-bc14-78f17a3129cf,dlsu,"Campus Life",ust,70,2026-06-06T12:11:32.711Z
7b512dba-8020-484b-bc14-78f17a3129cf,dlsu,"Values & Identity",admu,63,2026-06-06T12:11:32.711Z
7b512dba-8020-484b-bc14-78f17a3129cf,dlsu,"Values & Identity",dlsu,91,2026-06-06T12:11:32.711Z
7b512dba-8020-484b-bc14-78f17a3129cf,dlsu,"Values & Identity",up,77,2026-06-06T12:11:32.711Z
7b512dba-8020-484b-bc14-78f17a3129cf,dlsu,"Values & Identity",ust,55,2026-06-06T12:11:32.711Z
7f70dcde-90b4-456c-91d4-e97d60287e5a,up,"Academic Experience",admu,54,2026-06-06T20:02:44.019Z
7f70dcde-90b4-456c-91d4-e97d60287e5a,up,"Academic Experience",dlsu,29,2026-06-06T20:02:44.019Z
7f70dcde-90b4-456c-91d4-e97d60287e5a,up,"Academic Experience",up,107,2026-06-06T20:02:44.019Z
7f70dcde-90b4-456c-91d4-e97d60287e5a,up,"Academic Experience",ust,27,2026-06-06T20:02:44.019Z
7f70dcde-90b4-456c-91d4-e97d60287e5a,up,"Social & Cultural Fit",admu,46,2026-06-06T20:02:44.019Z
7f70dcde-90b4-456c-91d4-e97d60287e5a,up,"Social & Cultural Fit",dlsu,43,2026-06-06T20:02:44.019Z
7f70dcde-90b4-456c-91d4-e97d60287e5a,up,"Social & Cultural Fit",up,128,2026-06-06T20:02:44.019Z
7f70dcde-90b4-456c-91d4-e97d60287e5a,up,"Social & Cultural Fit",ust,93,2026-06-06T20:02:44.019Z
7f70dcde-90b4-456c-91d4-e97d60287e5a,up,"Campus Life",admu,77,2026-06-06T20:02:44.019Z
7f70dcde-90b4-456c-91d4-e97d60287e5a,up,"Campus Life",dlsu,77,2026-06-06T20:02:44.019Z
7f70dcde-90b4-456c-91d4-e97d60287e5a,up,"Campus Life",up,136,2026-06-06T20:02:44.019Z
7f70dcde-90b4-456c-91d4-e97d60287e5a,up,"Campus Life",ust,110,2026-06-06T20:02:44.019Z
7f70dcde-90b4-456c-91d4-e97d60287e5a,up,"Values & Identity",admu,75,2026-06-06T20:02:44.019Z
7f70dcde-90b4-456c-91d4-e97d60287e5a,up,"Values & Identity",dlsu,44,2026-06-06T20:02:44.019Z
7f70dcde-90b4-456c-91d4-e97d60287e5a,up,"Values & Identity",up,82,2026-06-06T20:02:44.019Z
7f70dcde-90b4-456c-91d4-e97d60287e5a,up,"Values & Identity",ust,26,2026-06-06T20:02:44.019Z
745b0b27-cd00-457e-992c-adca5cc01065,admu,"Academic Experience",admu,113,2026-06-06T21:27:09.213Z
745b0b27-cd00-457e-992c-adca5cc01065,admu,"Academic Experience",dlsu,43,2026-06-06T21:27:09.213Z
745b0b27-cd00-457e-992c-adca5cc01065,admu,"Academic Experience",up,37,2026-06-06T21:27:09.213Z
745b0b27-cd00-457e-992c-adca5cc01065,admu,"Academic Experience",ust,34,2026-06-06T21:27:09.213Z
745b0b27-cd00-457e-992c-adca5cc01065,admu,"Social & Cultural Fit",admu,110,2026-06-06T21:27:09.213Z
745b0b27-cd00-457e-992c-adca5cc01065,admu,"Social & Cultural Fit",dlsu,116,2026-06-06T21:27:09.213Z
745b0b27-cd00-457e-992c-adca5cc01065,admu,"Social & Cultural Fit",up,34,2026-06-06T21:27:09.213Z
745b0b27-cd00-457e-992c-adca5cc01065,admu,"Social & Cultural Fit",ust,45,2026-06-06T21:27:09.213Z
745b0b27-cd00-457e-992c-adca5cc01065,admu,"Campus Life",admu,136,2026-06-06T21:27:09.213Z
745b0b27-cd00-457e-992c-adca5cc01065,admu,"Campus Life",dlsu,96,2026-06-06T21:27:09.213Z
745b0b27-cd00-457e-992c-adca5cc01065,admu,"Campus Life",up,80,2026-06-06T21:27:09.213Z
745b0b27-cd00-457e-992c-adca5cc01065,admu,"Campus Life",ust,59,2026-06-06T21:27:09.213Z
745b0b27-cd00-457e-992c-adca5cc01065,admu,"Values & Identity",admu,115,2026-06-06T21:27:09.213Z
745b0b27-cd00-457e-992c-adca5cc01065,admu,"Values & Identity",dlsu,49,2026-06-06T21:27:09.213Z
745b0b27-cd00-457e-992c-adca5cc01065,admu,"Values & Identity",up,40,2026-06-06T21:27:09.213Z
745b0b27-cd00-457e-992c-adca5cc01065,admu,"Values & Identity",ust,48,2026-06-06T21:27:09.213Z
c76c107e-5b76-4c0f-8937-24d4052d92e7,dlsu,"Academic Experience",admu,60,2026-06-07T01:31:59.735Z
c76c107e-5b76-4c0f-8937-24d4052d92e7,dlsu,"Academic Experience",dlsu,79,2026-06-07T01:31:59.735Z
c76c107e-5b76-4c0f-8937-24d4052d92e7,dlsu,"Academic Experience",up,29,2026-06-07T01:31:59.735Z
c76c107e-5b76-4c0f-8937-24d4052d92e7,dlsu,"Academic Experience",ust,50,2026-06-07T01:31:59.735Z
c76c107e-5b76-4c0f-8937-24d4052d92e7,dlsu,"Social & Cultural Fit",admu,65,2026-06-07T01:31:59.735Z
c76c107e-5b76-4c0f-8937-24d4052d92e7,dlsu,"Social & Cultural Fit",dlsu,74,2026-06-07T01:31:59.735Z
c76c107e-5b76-4c0f-8937-24d4052d92e7,dlsu,"Social & Cultural Fit",up,81,2026-06-07T01:31:59.735Z
c76c107e-5b76-4c0f-8937-24d4052d92e7,dlsu,"Social & Cultural Fit",ust,66,2026-06-07T01:31:59.735Z
c76c107e-5b76-4c0f-8937-24d4052d92e7,dlsu,"Campus Life",admu,103,2026-06-07T01:31:59.735Z
c76c107e-5b76-4c0f-8937-24d4052d92e7,dlsu,"Campus Life",dlsu,125,2026-06-07T01:31:59.735Z
c76c107e-5b76-4c0f-8937-24d4052d92e7,dlsu,"Campus Life",up,86,2026-06-07T01:31:59.735Z
c76c107e-5b76-4c0f-8937-24d4052d92e7,dlsu,"Campus Life",ust,72,2026-06-07T01:31:59.735Z
c76c107e-5b76-4c0f-8937-24d4052d92e7,dlsu,"Values & Identity",admu,56,2026-06-07T01:31:59.735Z
c76c107e-5b76-4c0f-8937-24d4052d92e7,dlsu,"Values & Identity",dlsu,98,2026-06-07T01:31:59.735Z
c76c107e-5b76-4c0f-8937-24d4052d92e7,dlsu,"Values & Identity",up,51,2026-06-07T01:31:59.735Z
c76c107e-5b76-4c0f-8937-24d4052d92e7,dlsu,"Values & Identity",ust,43,2026-06-07T01:31:59.735Z
c3969a1a-a4de-4d4f-8eed-9ce165cef0f7,admu,"Academic Experience",admu,109,2026-06-07T03:13:28.456Z
c3969a1a-a4de-4d4f-8eed-9ce165cef0f7,admu,"Academic Experience",dlsu,45,2026-06-07T03:13:28.456Z
c3969a1a-a4de-4d4f-8eed-9ce165cef0f7,admu,"Academic Experience",up,50,2026-06-07T03:13:28.456Z
c3969a1a-a4de-4d4f-8eed-9ce165cef0f7,admu,"Academic Experience",ust,26,2026-06-07T03:13:28.456Z
c3969a1a-a4de-4d4f-8eed-9ce165cef0f7,admu,"Social & Cultural Fit",admu,92,2026-06-07T03:13:28.456Z
c3969a1a-a4de-4d4f-8eed-9ce165cef0f7,admu,"Social & Cultural Fit",dlsu,101,2026-06-07T03:13:28.456Z
c3969a1a-a4de-4d4f-8eed-9ce165cef0f7,admu,"Social & Cultural Fit",up,52,2026-06-07T03:13:28.456Z
c3969a1a-a4de-4d4f-8eed-9ce165cef0f7,admu,"Social & Cultural Fit",ust,73,2026-06-07T03:13:28.456Z
c3969a1a-a4de-4d4f-8eed-9ce165cef0f7,admu,"Campus Life",admu,140,2026-06-07T03:13:28.456Z
c3969a1a-a4de-4d4f-8eed-9ce165cef0f7,admu,"Campus Life",dlsu,102,2026-06-07T03:13:28.456Z
c3969a1a-a4de-4d4f-8eed-9ce165cef0f7,admu,"Campus Life",up,73,2026-06-07T03:13:28.456Z
c3969a1a-a4de-4d4f-8eed-9ce165cef0f7,admu,"Campus Life",ust,53,2026-06-07T03:13:28.456Z
c3969a1a-a4de-4d4f-8eed-9ce165cef0f7,admu,"Values & Identity",admu,115,2026-06-07T03:13:28.456Z
c3969a1a-a4de-4d4f-8eed-9ce165cef0f7,admu,"Values & Identity",dlsu,64,2026-06-07T03:13:28.456Z
c3969a1a-a4de-4d4f-8eed-9ce165cef0f7,admu,"Values & Identity",up,54,2026-06-07T03:13:28.456Z
c3969a1a-a4de-4d4f-8eed-9ce165cef0f7,admu,"Values & Identity",ust,34,2026-06-07T03:13:28.456Z
5ad548f5-a2a3-4fa7-ba12-ef5ae47f239b,up,"Academic Experience",admu,38,2026-06-07T12:37:50.112Z
5ad548f5-a2a3-4fa7-ba12-ef5ae47f239b,up,"Academic Experience",dlsu,32,2026-06-07T12:37:50.112Z
5ad548f5-a2a3-4fa7-ba12-ef5ae47f239b,up,"Academic Experience",up,122,2026-06-07T12:37:50.112Z
5ad548f5-a2a3-4fa7-ba12-ef5ae47f239b,up,"Academic Experience",ust,19,2026-06-07T12:37:50.112Z
5ad548f5-a2a3-4fa7-ba12-ef5ae47f239b,up,"Social & Cultural Fit",admu,65,2026-06-07T12:37:50.112Z
5ad548f5-a2a3-4fa7-ba12-ef5ae47f239b,up,"Social & Cultural Fit",dlsu,50,2026-06-07T12:37:50.112Z
5ad548f5-a2a3-4fa7-ba12-ef5ae47f239b,up,"Social & Cultural Fit",up,97,2026-06-07T12:37:50.112Z
5ad548f5-a2a3-4fa7-ba12-ef5ae47f239b,up,"Social & Cultural Fit",ust,61,2026-06-07T12:37:50.112Z
5ad548f5-a2a3-4fa7-ba12-ef5ae47f239b,up,"Campus Life",admu,74,2026-06-07T12:37:50.112Z
5ad548f5-a2a3-4fa7-ba12-ef5ae47f239b,up,"Campus Life",dlsu,57,2026-06-07T12:37:50.112Z
5ad548f5-a2a3-4fa7-ba12-ef5ae47f239b,up,"Campus Life",up,156,2026-06-07T12:37:50.112Z
5ad548f5-a2a3-4fa7-ba12-ef5ae47f239b,up,"Campus Life",ust,79,2026-06-07T12:37:50.112Z
5ad548f5-a2a3-4fa7-ba12-ef5ae47f239b,up,"Values & Identity",admu,71,2026-06-07T12:37:50.112Z
5ad548f5-a2a3-4fa7-ba12-ef5ae47f239b,up,"Values & Identity",dlsu,40,2026-06-07T12:37:50.112Z
5ad548f5-a2a3-4fa7-ba12-ef5ae47f239b,up,"Values & Identity",up,118,2026-06-07T12:37:50.112Z
5ad548f5-a2a3-4fa7-ba12-ef5ae47f239b,up,"Values & Identity",ust,32,2026-06-07T12:37:50.112Z
6aaee649-e28d-4e86-ad93-f106b95ce4c1,admu,"Academic Experience",admu,83,2026-06-07T12:41:29.879Z
6aaee649-e28d-4e86-ad93-f106b95ce4c1,admu,"Academic Experience",dlsu,59,2026-06-07T12:41:29.879Z
6aaee649-e28d-4e86-ad93-f106b95ce4c1,admu,"Academic Experience",up,18,2026-06-07T12:41:29.879Z
6aaee649-e28d-4e86-ad93-f106b95ce4c1,admu,"Academic Experience",ust,52,2026-06-07T12:41:29.879Z
6aaee649-e28d-4e86-ad93-f106b95ce4c1,admu,"Social & Cultural Fit",admu,102,2026-06-07T12:41:29.879Z
6aaee649-e28d-4e86-ad93-f106b95ce4c1,admu,"Social & Cultural Fit",dlsu,80,2026-06-07T12:41:29.879Z
6aaee649-e28d-4e86-ad93-f106b95ce4c1,admu,"Social & Cultural Fit",up,41,2026-06-07T12:41:29.879Z
6aaee649-e28d-4e86-ad93-f106b95ce4c1,admu,"Social & Cultural Fit",ust,50,2026-06-07T12:41:29.879Z
6aaee649-e28d-4e86-ad93-f106b95ce4c1,admu,"Campus Life",admu,125,2026-06-07T12:41:29.879Z
6aaee649-e28d-4e86-ad93-f106b95ce4c1,admu,"Campus Life",dlsu,102,2026-06-07T12:41:29.879Z
6aaee649-e28d-4e86-ad93-f106b95ce4c1,admu,"Campus Life",up,63,2026-06-07T12:41:29.879Z
6aaee649-e28d-4e86-ad93-f106b95ce4c1,admu,"Campus Life",ust,65,2026-06-07T12:41:29.879Z
6aaee649-e28d-4e86-ad93-f106b95ce4c1,admu,"Values & Identity",admu,119,2026-06-07T12:41:29.879Z
6aaee649-e28d-4e86-ad93-f106b95ce4c1,admu,"Values & Identity",dlsu,68,2026-06-07T12:41:29.879Z
6aaee649-e28d-4e86-ad93-f106b95ce4c1,admu,"Values & Identity",up,66,2026-06-07T12:41:29.879Z
6aaee649-e28d-4e86-ad93-f106b95ce4c1,admu,"Values & Identity",ust,30,2026-06-07T12:41:29.879Z
2b7863f4-b8c7-4928-83eb-73a5abb38d1a,admu,"Academic Experience",admu,74,2026-06-07T13:10:51.788Z
2b7863f4-b8c7-4928-83eb-73a5abb38d1a,admu,"Academic Experience",dlsu,59,2026-06-07T13:10:51.788Z
2b7863f4-b8c7-4928-83eb-73a5abb38d1a,admu,"Academic Experience",up,68,2026-06-07T13:10:51.788Z
2b7863f4-b8c7-4928-83eb-73a5abb38d1a,admu,"Academic Experience",ust,25,2026-06-07T13:10:51.788Z
2b7863f4-b8c7-4928-83eb-73a5abb38d1a,admu,"Social & Cultural Fit",admu,114,2026-06-07T13:10:51.788Z
2b7863f4-b8c7-4928-83eb-73a5abb38d1a,admu,"Social & Cultural Fit",dlsu,99,2026-06-07T13:10:51.788Z
2b7863f4-b8c7-4928-83eb-73a5abb38d1a,admu,"Social & Cultural Fit",up,34,2026-06-07T13:10:51.788Z
2b7863f4-b8c7-4928-83eb-73a5abb38d1a,admu,"Social & Cultural Fit",ust,52,2026-06-07T13:10:51.788Z
2b7863f4-b8c7-4928-83eb-73a5abb38d1a,admu,"Campus Life",admu,128,2026-06-07T13:10:51.788Z
2b7863f4-b8c7-4928-83eb-73a5abb38d1a,admu,"Campus Life",dlsu,104,2026-06-07T13:10:51.788Z
2b7863f4-b8c7-4928-83eb-73a5abb38d1a,admu,"Campus Life",up,79,2026-06-07T13:10:51.788Z
2b7863f4-b8c7-4928-83eb-73a5abb38d1a,admu,"Campus Life",ust,63,2026-06-07T13:10:51.788Z
2b7863f4-b8c7-4928-83eb-73a5abb38d1a,admu,"Values & Identity",admu,129,2026-06-07T13:10:51.788Z
2b7863f4-b8c7-4928-83eb-73a5abb38d1a,admu,"Values & Identity",dlsu,56,2026-06-07T13:10:51.788Z
2b7863f4-b8c7-4928-83eb-73a5abb38d1a,admu,"Values & Identity",up,60,2026-06-07T13:10:51.788Z
2b7863f4-b8c7-4928-83eb-73a5abb38d1a,admu,"Values & Identity",ust,28,2026-06-07T13:10:51.788Z
a4d200b1-2e98-465a-a71d-ec7fa191d013,admu,"Academic Experience",admu,113,2026-06-07T13:26:19.079Z
a4d200b1-2e98-465a-a71d-ec7fa191d013,admu,"Academic Experience",dlsu,43,2026-06-07T13:26:19.079Z
a4d200b1-2e98-465a-a71d-ec7fa191d013,admu,"Academic Experience",up,37,2026-06-07T13:26:19.079Z
a4d200b1-2e98-465a-a71d-ec7fa191d013,admu,"Academic Experience",ust,34,2026-06-07T13:26:19.079Z
a4d200b1-2e98-465a-a71d-ec7fa191d013,admu,"Social & Cultural Fit",admu,95,2026-06-07T13:26:19.079Z
a4d200b1-2e98-465a-a71d-ec7fa191d013,admu,"Social & Cultural Fit",dlsu,106,2026-06-07T13:26:19.079Z
a4d200b1-2e98-465a-a71d-ec7fa191d013,admu,"Social & Cultural Fit",up,29,2026-06-07T13:26:19.079Z
a4d200b1-2e98-465a-a71d-ec7fa191d013,admu,"Social & Cultural Fit",ust,57,2026-06-07T13:26:19.079Z
a4d200b1-2e98-465a-a71d-ec7fa191d013,admu,"Campus Life",admu,102,2026-06-07T13:26:19.079Z
a4d200b1-2e98-465a-a71d-ec7fa191d013,admu,"Campus Life",dlsu,82,2026-06-07T13:26:19.079Z
a4d200b1-2e98-465a-a71d-ec7fa191d013,admu,"Campus Life",up,75,2026-06-07T13:26:19.079Z
a4d200b1-2e98-465a-a71d-ec7fa191d013,admu,"Campus Life",ust,84,2026-06-07T13:26:19.079Z
a4d200b1-2e98-465a-a71d-ec7fa191d013,admu,"Values & Identity",admu,113,2026-06-07T13:26:19.079Z
a4d200b1-2e98-465a-a71d-ec7fa191d013,admu,"Values & Identity",dlsu,58,2026-06-07T13:26:19.079Z
a4d200b1-2e98-465a-a71d-ec7fa191d013,admu,"Values & Identity",up,46,2026-06-07T13:26:19.079Z
a4d200b1-2e98-465a-a71d-ec7fa191d013,admu,"Values & Identity",ust,46,2026-06-07T13:26:19.079Z
affa74c7-4d1c-4bee-b747-47996d9f72da,up,"Academic Experience",admu,66,2026-06-07T18:04:08.902Z
affa74c7-4d1c-4bee-b747-47996d9f72da,up,"Academic Experience",dlsu,20,2026-06-07T18:04:08.902Z
affa74c7-4d1c-4bee-b747-47996d9f72da,up,"Academic Experience",up,94,2026-06-07T18:04:08.902Z
affa74c7-4d1c-4bee-b747-47996d9f72da,up,"Academic Experience",ust,31,2026-06-07T18:04:08.902Z
affa74c7-4d1c-4bee-b747-47996d9f72da,up,"Social & Cultural Fit",admu,58,2026-06-07T18:04:08.902Z
affa74c7-4d1c-4bee-b747-47996d9f72da,up,"Social & Cultural Fit",dlsu,53,2026-06-07T18:04:08.902Z
affa74c7-4d1c-4bee-b747-47996d9f72da,up,"Social & Cultural Fit",up,92,2026-06-07T18:04:08.902Z
affa74c7-4d1c-4bee-b747-47996d9f72da,up,"Social & Cultural Fit",ust,91,2026-06-07T18:04:08.902Z
affa74c7-4d1c-4bee-b747-47996d9f72da,up,"Campus Life",admu,69,2026-06-07T18:04:08.902Z
affa74c7-4d1c-4bee-b747-47996d9f72da,up,"Campus Life",dlsu,50,2026-06-07T18:04:08.902Z
affa74c7-4d1c-4bee-b747-47996d9f72da,up,"Campus Life",up,129,2026-06-07T18:04:08.902Z
affa74c7-4d1c-4bee-b747-47996d9f72da,up,"Campus Life",ust,111,2026-06-07T18:04:08.902Z
affa74c7-4d1c-4bee-b747-47996d9f72da,up,"Values & Identity",admu,59,2026-06-07T18:04:08.902Z
affa74c7-4d1c-4bee-b747-47996d9f72da,up,"Values & Identity",dlsu,38,2026-06-07T18:04:08.902Z
affa74c7-4d1c-4bee-b747-47996d9f72da,up,"Values & Identity",up,136,2026-06-07T18:04:08.902Z
affa74c7-4d1c-4bee-b747-47996d9f72da,up,"Values & Identity",ust,32,2026-06-07T18:04:08.902Z
afaf16a0-0ffc-4c18-b216-a0fe1412d0ed,admu,"Academic Experience",admu,96,2026-06-08T00:05:52.092Z
afaf16a0-0ffc-4c18-b216-a0fe1412d0ed,admu,"Academic Experience",dlsu,31,2026-06-08T00:05:52.092Z
afaf16a0-0ffc-4c18-b216-a0fe1412d0ed,admu,"Academic Experience",up,42,2026-06-08T00:05:52.092Z
afaf16a0-0ffc-4c18-b216-a0fe1412d0ed,admu,"Academic Experience",ust,34,2026-06-08T00:05:52.092Z
afaf16a0-0ffc-4c18-b216-a0fe1412d0ed,admu,"Social & Cultural Fit",admu,75,2026-06-08T00:05:52.092Z
afaf16a0-0ffc-4c18-b216-a0fe1412d0ed,admu,"Social & Cultural Fit",dlsu,87,2026-06-08T00:05:52.092Z
afaf16a0-0ffc-4c18-b216-a0fe1412d0ed,admu,"Social & Cultural Fit",up,26,2026-06-08T00:05:52.092Z
afaf16a0-0ffc-4c18-b216-a0fe1412d0ed,admu,"Social & Cultural Fit",ust,66,2026-06-08T00:05:52.092Z
afaf16a0-0ffc-4c18-b216-a0fe1412d0ed,admu,"Campus Life",admu,125,2026-06-08T00:05:52.092Z
afaf16a0-0ffc-4c18-b216-a0fe1412d0ed,admu,"Campus Life",dlsu,94,2026-06-08T00:05:52.092Z
afaf16a0-0ffc-4c18-b216-a0fe1412d0ed,admu,"Campus Life",up,93,2026-06-08T00:05:52.092Z
afaf16a0-0ffc-4c18-b216-a0fe1412d0ed,admu,"Campus Life",ust,72,2026-06-08T00:05:52.092Z
afaf16a0-0ffc-4c18-b216-a0fe1412d0ed,admu,"Values & Identity",admu,109,2026-06-08T00:05:52.092Z
afaf16a0-0ffc-4c18-b216-a0fe1412d0ed,admu,"Values & Identity",dlsu,62,2026-06-08T00:05:52.092Z
afaf16a0-0ffc-4c18-b216-a0fe1412d0ed,admu,"Values & Identity",up,56,2026-06-08T00:05:52.092Z
afaf16a0-0ffc-4c18-b216-a0fe1412d0ed,admu,"Values & Identity",ust,40,2026-06-08T00:05:52.092Z
8b1b1f82-3307-48bc-849a-6af2a5f2a429,admu,"Academic Experience",admu,79,2026-06-08T04:29:35.489Z
8b1b1f82-3307-48bc-849a-6af2a5f2a429,admu,"Academic Experience",dlsu,99,2026-06-08T04:29:35.489Z
8b1b1f82-3307-48bc-849a-6af2a5f2a429,admu,"Academic Experience",up,8,2026-06-08T04:29:35.489Z
8b1b1f82-3307-48bc-849a-6af2a5f2a429,admu,"Academic Experience",ust,33,2026-06-08T04:29:35.489Z
8b1b1f82-3307-48bc-849a-6af2a5f2a429,admu,"Social & Cultural Fit",admu,96,2026-06-08T04:29:35.489Z
8b1b1f82-3307-48bc-849a-6af2a5f2a429,admu,"Social & Cultural Fit",dlsu,105,2026-06-08T04:29:35.489Z
8b1b1f82-3307-48bc-849a-6af2a5f2a429,admu,"Social & Cultural Fit",up,22,2026-06-08T04:29:35.489Z
8b1b1f82-3307-48bc-849a-6af2a5f2a429,admu,"Social & Cultural Fit",ust,63,2026-06-08T04:29:35.489Z
8b1b1f82-3307-48bc-849a-6af2a5f2a429,admu,"Campus Life",admu,132,2026-06-08T04:29:35.489Z
8b1b1f82-3307-48bc-849a-6af2a5f2a429,admu,"Campus Life",dlsu,90,2026-06-08T04:29:35.489Z
8b1b1f82-3307-48bc-849a-6af2a5f2a429,admu,"Campus Life",up,85,2026-06-08T04:29:35.489Z
8b1b1f82-3307-48bc-849a-6af2a5f2a429,admu,"Campus Life",ust,61,2026-06-08T04:29:35.489Z
8b1b1f82-3307-48bc-849a-6af2a5f2a429,admu,"Values & Identity",admu,77,2026-06-08T04:29:35.489Z
8b1b1f82-3307-48bc-849a-6af2a5f2a429,admu,"Values & Identity",dlsu,41,2026-06-08T04:29:35.489Z
8b1b1f82-3307-48bc-849a-6af2a5f2a429,admu,"Values & Identity",up,72,2026-06-08T04:29:35.489Z
8b1b1f82-3307-48bc-849a-6af2a5f2a429,admu,"Values & Identity",ust,60,2026-06-08T04:29:35.489Z
5f1c688c-065e-4e32-93c7-fbdf6f4defcd,up,"Academic Experience",admu,53,2026-06-08T05:12:16.875Z
5f1c688c-065e-4e32-93c7-fbdf6f4defcd,up,"Academic Experience",dlsu,26,2026-06-08T05:12:16.875Z
5f1c688c-065e-4e32-93c7-fbdf6f4defcd,up,"Academic Experience",up,67,2026-06-08T05:12:16.875Z
5f1c688c-065e-4e32-93c7-fbdf6f4defcd,up,"Academic Experience",ust,46,2026-06-08T05:12:16.875Z
5f1c688c-065e-4e32-93c7-fbdf6f4defcd,up,"Social & Cultural Fit",admu,48,2026-06-08T05:12:16.875Z
5f1c688c-065e-4e32-93c7-fbdf6f4defcd,up,"Social & Cultural Fit",dlsu,30,2026-06-08T05:12:16.875Z
5f1c688c-065e-4e32-93c7-fbdf6f4defcd,up,"Social & Cultural Fit",up,134,2026-06-08T05:12:16.875Z
5f1c688c-065e-4e32-93c7-fbdf6f4defcd,up,"Social & Cultural Fit",ust,76,2026-06-08T05:12:16.875Z
5f1c688c-065e-4e32-93c7-fbdf6f4defcd,up,"Campus Life",admu,87,2026-06-08T05:12:16.875Z
5f1c688c-065e-4e32-93c7-fbdf6f4defcd,up,"Campus Life",dlsu,64,2026-06-08T05:12:16.875Z
5f1c688c-065e-4e32-93c7-fbdf6f4defcd,up,"Campus Life",up,151,2026-06-08T05:12:16.875Z
5f1c688c-065e-4e32-93c7-fbdf6f4defcd,up,"Campus Life",ust,82,2026-06-08T05:12:16.875Z
5f1c688c-065e-4e32-93c7-fbdf6f4defcd,up,"Values & Identity",admu,49,2026-06-08T05:12:16.875Z
5f1c688c-065e-4e32-93c7-fbdf6f4defcd,up,"Values & Identity",dlsu,56,2026-06-08T05:12:16.875Z
5f1c688c-065e-4e32-93c7-fbdf6f4defcd,up,"Values & Identity",up,108,2026-06-08T05:12:16.875Z
5f1c688c-065e-4e32-93c7-fbdf6f4defcd,up,"Values & Identity",ust,44,2026-06-08T05:12:16.875Z
0a991b3b-5345-498f-906a-72c0e80a7fa1,admu,"Academic Experience",admu,65,2026-06-08T11:16:06.606Z
0a991b3b-5345-498f-906a-72c0e80a7fa1,admu,"Academic Experience",dlsu,46,2026-06-08T11:16:06.606Z
0a991b3b-5345-498f-906a-72c0e80a7fa1,admu,"Academic Experience",up,37,2026-06-08T11:16:06.606Z
0a991b3b-5345-498f-906a-72c0e80a7fa1,admu,"Academic Experience",ust,52,2026-06-08T11:16:06.606Z
0a991b3b-5345-498f-906a-72c0e80a7fa1,admu,"Social & Cultural Fit",admu,103,2026-06-08T11:16:06.606Z
0a991b3b-5345-498f-906a-72c0e80a7fa1,admu,"Social & Cultural Fit",dlsu,102,2026-06-08T11:16:06.606Z
0a991b3b-5345-498f-906a-72c0e80a7fa1,admu,"Social & Cultural Fit",up,30,2026-06-08T11:16:06.606Z
0a991b3b-5345-498f-906a-72c0e80a7fa1,admu,"Social & Cultural Fit",ust,38,2026-06-08T11:16:06.606Z
0a991b3b-5345-498f-906a-72c0e80a7fa1,admu,"Campus Life",admu,114,2026-06-08T11:16:06.606Z
0a991b3b-5345-498f-906a-72c0e80a7fa1,admu,"Campus Life",dlsu,85,2026-06-08T11:16:06.606Z
0a991b3b-5345-498f-906a-72c0e80a7fa1,admu,"Campus Life",up,93,2026-06-08T11:16:06.606Z
0a991b3b-5345-498f-906a-72c0e80a7fa1,admu,"Campus Life",ust,80,2026-06-08T11:16:06.606Z
0a991b3b-5345-498f-906a-72c0e80a7fa1,admu,"Values & Identity",admu,94,2026-06-08T11:16:06.606Z
0a991b3b-5345-498f-906a-72c0e80a7fa1,admu,"Values & Identity",dlsu,55,2026-06-08T11:16:06.606Z
0a991b3b-5345-498f-906a-72c0e80a7fa1,admu,"Values & Identity",up,82,2026-06-08T11:16:06.606Z
0a991b3b-5345-498f-906a-72c0e80a7fa1,admu,"Values & Identity",ust,54,2026-06-08T11:16:06.606Z
dee8bc4d-b7e4-4ee5-b0fa-6ae597a0262a,dlsu,"Academic Experience",admu,47,2026-06-08T16:54:05.790Z
dee8bc4d-b7e4-4ee5-b0fa-6ae597a0262a,dlsu,"Academic Experience",dlsu,69,2026-06-08T16:54:05.790Z
dee8bc4d-b7e4-4ee5-b0fa-6ae597a0262a,dlsu,"Academic Experience",up,37,2026-06-08T16:54:05.790Z
dee8bc4d-b7e4-4ee5-b0fa-6ae597a0262a,dlsu,"Academic Experience",ust,47,2026-06-08T16:54:05.790Z
dee8bc4d-b7e4-4ee5-b0fa-6ae597a0262a,dlsu,"Social & Cultural Fit",admu,94,2026-06-08T16:54:05.790Z
dee8bc4d-b7e4-4ee5-b0fa-6ae597a0262a,dlsu,"Social & Cultural Fit",dlsu,106,2026-06-08T16:54:05.790Z
dee8bc4d-b7e4-4ee5-b0fa-6ae597a0262a,dlsu,"Social & Cultural Fit",up,58,2026-06-08T16:54:05.790Z
dee8bc4d-b7e4-4ee5-b0fa-6ae597a0262a,dlsu,"Social & Cultural Fit",ust,68,2026-06-08T16:54:05.790Z
dee8bc4d-b7e4-4ee5-b0fa-6ae597a0262a,dlsu,"Campus Life",admu,90,2026-06-08T16:54:05.790Z
dee8bc4d-b7e4-4ee5-b0fa-6ae597a0262a,dlsu,"Campus Life",dlsu,132,2026-06-08T16:54:05.790Z
dee8bc4d-b7e4-4ee5-b0fa-6ae597a0262a,dlsu,"Campus Life",up,73,2026-06-08T16:54:05.790Z
dee8bc4d-b7e4-4ee5-b0fa-6ae597a0262a,dlsu,"Campus Life",ust,79,2026-06-08T16:54:05.790Z
dee8bc4d-b7e4-4ee5-b0fa-6ae597a0262a,dlsu,"Values & Identity",admu,78,2026-06-08T16:54:05.790Z
dee8bc4d-b7e4-4ee5-b0fa-6ae597a0262a,dlsu,"Values & Identity",dlsu,85,2026-06-08T16:54:05.790Z
dee8bc4d-b7e4-4ee5-b0fa-6ae597a0262a,dlsu,"Values & Identity",up,25,2026-06-08T16:54:05.790Z
dee8bc4d-b7e4-4ee5-b0fa-6ae597a0262a,dlsu,"Values & Identity",ust,59,2026-06-08T16:54:05.790Z
c76de0a5-865b-461f-86bc-10bc9bffdd99,ust,"Academic Experience",admu,37,2026-06-08T18:31:45.081Z
c76de0a5-865b-461f-86bc-10bc9bffdd99,ust,"Academic Experience",dlsu,44,2026-06-08T18:31:45.081Z
c76de0a5-865b-461f-86bc-10bc9bffdd99,ust,"Academic Experience",up,6,2026-06-08T18:31:45.081Z
c76de0a5-865b-461f-86bc-10bc9bffdd99,ust,"Academic Experience",ust,92,2026-06-08T18:31:45.081Z
c76de0a5-865b-461f-86bc-10bc9bffdd99,ust,"Social & Cultural Fit",admu,46,2026-06-08T18:31:45.081Z
c76de0a5-865b-461f-86bc-10bc9bffdd99,ust,"Social & Cultural Fit",dlsu,54,2026-06-08T18:31:45.081Z
c76de0a5-865b-461f-86bc-10bc9bffdd99,ust,"Social & Cultural Fit",up,96,2026-06-08T18:31:45.081Z
c76de0a5-865b-461f-86bc-10bc9bffdd99,ust,"Social & Cultural Fit",ust,116,2026-06-08T18:31:45.081Z
c76de0a5-865b-461f-86bc-10bc9bffdd99,ust,"Campus Life",admu,56,2026-06-08T18:31:45.081Z
c76de0a5-865b-461f-86bc-10bc9bffdd99,ust,"Campus Life",dlsu,76,2026-06-08T18:31:45.081Z
c76de0a5-865b-461f-86bc-10bc9bffdd99,ust,"Campus Life",up,97,2026-06-08T18:31:45.081Z
c76de0a5-865b-461f-86bc-10bc9bffdd99,ust,"Campus Life",ust,143,2026-06-08T18:31:45.081Z
c76de0a5-865b-461f-86bc-10bc9bffdd99,ust,"Values & Identity",admu,45,2026-06-08T18:31:45.081Z
c76de0a5-865b-461f-86bc-10bc9bffdd99,ust,"Values & Identity",dlsu,63,2026-06-08T18:31:45.081Z
c76de0a5-865b-461f-86bc-10bc9bffdd99,ust,"Values & Identity",up,68,2026-06-08T18:31:45.081Z
c76de0a5-865b-461f-86bc-10bc9bffdd99,ust,"Values & Identity",ust,111,2026-06-08T18:31:45.081Z
db1cd695-6693-4c91-93ba-1917a12a66eb,up,"Academic Experience",admu,27,2026-06-08T23:49:42.113Z
db1cd695-6693-4c91-93ba-1917a12a66eb,up,"Academic Experience",dlsu,42,2026-06-08T23:49:42.113Z
db1cd695-6693-4c91-93ba-1917a12a66eb,up,"Academic Experience",up,86,2026-06-08T23:49:42.113Z
db1cd695-6693-4c91-93ba-1917a12a66eb,up,"Academic Experience",ust,34,2026-06-08T23:49:42.113Z
db1cd695-6693-4c91-93ba-1917a12a66eb,up,"Social & Cultural Fit",admu,34,2026-06-08T23:49:42.113Z
db1cd695-6693-4c91-93ba-1917a12a66eb,up,"Social & Cultural Fit",dlsu,40,2026-06-08T23:49:42.113Z
db1cd695-6693-4c91-93ba-1917a12a66eb,up,"Social & Cultural Fit",up,90,2026-06-08T23:49:42.113Z
db1cd695-6693-4c91-93ba-1917a12a66eb,up,"Social & Cultural Fit",ust,59,2026-06-08T23:49:42.113Z
db1cd695-6693-4c91-93ba-1917a12a66eb,up,"Campus Life",admu,74,2026-06-08T23:49:42.113Z
db1cd695-6693-4c91-93ba-1917a12a66eb,up,"Campus Life",dlsu,72,2026-06-08T23:49:42.113Z
db1cd695-6693-4c91-93ba-1917a12a66eb,up,"Campus Life",up,130,2026-06-08T23:49:42.113Z
db1cd695-6693-4c91-93ba-1917a12a66eb,up,"Campus Life",ust,83,2026-06-08T23:49:42.113Z
db1cd695-6693-4c91-93ba-1917a12a66eb,up,"Values & Identity",admu,59,2026-06-08T23:49:42.113Z
db1cd695-6693-4c91-93ba-1917a12a66eb,up,"Values & Identity",dlsu,38,2026-06-08T23:49:42.113Z
db1cd695-6693-4c91-93ba-1917a12a66eb,up,"Values & Identity",up,136,2026-06-08T23:49:42.113Z
db1cd695-6693-4c91-93ba-1917a12a66eb,up,"Values & Identity",ust,32,2026-06-08T23:49:42.113Z
2050b9db-596d-4d61-bb06-535f534dc6a0,up,"Academic Experience",admu,45,2026-06-09T04:42:48.077Z
2050b9db-596d-4d61-bb06-535f534dc6a0,up,"Academic Experience",dlsu,24,2026-06-09T04:42:48.077Z
2050b9db-596d-4d61-bb06-535f534dc6a0,up,"Academic Experience",up,121,2026-06-09T04:42:48.077Z
2050b9db-596d-4d61-bb06-535f534dc6a0,up,"Academic Experience",ust,21,2026-06-09T04:42:48.077Z
2050b9db-596d-4d61-bb06-535f534dc6a0,up,"Social & Cultural Fit",admu,53,2026-06-09T04:42:48.077Z
2050b9db-596d-4d61-bb06-535f534dc6a0,up,"Social & Cultural Fit",dlsu,57,2026-06-09T04:42:48.077Z
2050b9db-596d-4d61-bb06-535f534dc6a0,up,"Social & Cultural Fit",up,119,2026-06-09T04:42:48.077Z
2050b9db-596d-4d61-bb06-535f534dc6a0,up,"Social & Cultural Fit",ust,95,2026-06-09T04:42:48.077Z
2050b9db-596d-4d61-bb06-535f534dc6a0,up,"Campus Life",admu,93,2026-06-09T04:42:48.077Z
2050b9db-596d-4d61-bb06-535f534dc6a0,up,"Campus Life",dlsu,63,2026-06-09T04:42:48.077Z
2050b9db-596d-4d61-bb06-535f534dc6a0,up,"Campus Life",up,144,2026-06-09T04:42:48.077Z
2050b9db-596d-4d61-bb06-535f534dc6a0,up,"Campus Life",ust,68,2026-06-09T04:42:48.077Z
2050b9db-596d-4d61-bb06-535f534dc6a0,up,"Values & Identity",admu,67,2026-06-09T04:42:48.077Z
2050b9db-596d-4d61-bb06-535f534dc6a0,up,"Values & Identity",dlsu,46,2026-06-09T04:42:48.077Z
2050b9db-596d-4d61-bb06-535f534dc6a0,up,"Values & Identity",up,128,2026-06-09T04:42:48.077Z
2050b9db-596d-4d61-bb06-535f534dc6a0,up,"Values & Identity",ust,20,2026-06-09T04:42:48.077Z
45d85a30-971c-40cf-b222-1c2bc37102c7,admu,"Academic Experience",admu,101,2026-06-09T08:15:55.196Z
45d85a30-971c-40cf-b222-1c2bc37102c7,admu,"Academic Experience",dlsu,57,2026-06-09T08:15:55.196Z
45d85a30-971c-40cf-b222-1c2bc37102c7,admu,"Academic Experience",up,36,2026-06-09T08:15:55.196Z
45d85a30-971c-40cf-b222-1c2bc37102c7,admu,"Academic Experience",ust,35,2026-06-09T08:15:55.196Z
45d85a30-971c-40cf-b222-1c2bc37102c7,admu,"Social & Cultural Fit",admu,113,2026-06-09T08:15:55.196Z
45d85a30-971c-40cf-b222-1c2bc37102c7,admu,"Social & Cultural Fit",dlsu,104,2026-06-09T08:15:55.196Z
45d85a30-971c-40cf-b222-1c2bc37102c7,admu,"Social & Cultural Fit",up,21,2026-06-09T08:15:55.196Z
45d85a30-971c-40cf-b222-1c2bc37102c7,admu,"Social & Cultural Fit",ust,41,2026-06-09T08:15:55.196Z
45d85a30-971c-40cf-b222-1c2bc37102c7,admu,"Campus Life",admu,104,2026-06-09T08:15:55.196Z
45d85a30-971c-40cf-b222-1c2bc37102c7,admu,"Campus Life",dlsu,101,2026-06-09T08:15:55.196Z
45d85a30-971c-40cf-b222-1c2bc37102c7,admu,"Campus Life",up,102,2026-06-09T08:15:55.196Z
45d85a30-971c-40cf-b222-1c2bc37102c7,admu,"Campus Life",ust,87,2026-06-09T08:15:55.196Z
45d85a30-971c-40cf-b222-1c2bc37102c7,admu,"Values & Identity",admu,119,2026-06-09T08:15:55.196Z
45d85a30-971c-40cf-b222-1c2bc37102c7,admu,"Values & Identity",dlsu,70,2026-06-09T08:15:55.196Z
45d85a30-971c-40cf-b222-1c2bc37102c7,admu,"Values & Identity",up,54,2026-06-09T08:15:55.196Z
45d85a30-971c-40cf-b222-1c2bc37102c7,admu,"Values & Identity",ust,26,2026-06-09T08:15:55.196Z
c82d1f8e-c376-4bf9-ae88-408e718c4722,admu,"Academic Experience",admu,80,2026-06-09T18:44:36.589Z
c82d1f8e-c376-4bf9-ae88-408e718c4722,admu,"Academic Experience",dlsu,44,2026-06-09T18:44:36.589Z
c82d1f8e-c376-4bf9-ae88-408e718c4722,admu,"Academic Experience",up,34,2026-06-09T18:44:36.589Z
c82d1f8e-c376-4bf9-ae88-408e718c4722,admu,"Academic Experience",ust,51,2026-06-09T18:44:36.589Z
c82d1f8e-c376-4bf9-ae88-408e718c4722,admu,"Social & Cultural Fit",admu,110,2026-06-09T18:44:36.589Z
c82d1f8e-c376-4bf9-ae88-408e718c4722,admu,"Social & Cultural Fit",dlsu,83,2026-06-09T18:44:36.589Z
c82d1f8e-c376-4bf9-ae88-408e718c4722,admu,"Social & Cultural Fit",up,54,2026-06-09T18:44:36.589Z
c82d1f8e-c376-4bf9-ae88-408e718c4722,admu,"Social & Cultural Fit",ust,66,2026-06-09T18:44:36.589Z
c82d1f8e-c376-4bf9-ae88-408e718c4722,admu,"Campus Life",admu,138,2026-06-09T18:44:36.589Z
c82d1f8e-c376-4bf9-ae88-408e718c4722,admu,"Campus Life",dlsu,104,2026-06-09T18:44:36.589Z
c82d1f8e-c376-4bf9-ae88-408e718c4722,admu,"Campus Life",up,81,2026-06-09T18:44:36.589Z
c82d1f8e-c376-4bf9-ae88-408e718c4722,admu,"Campus Life",ust,61,2026-06-09T18:44:36.589Z
c82d1f8e-c376-4bf9-ae88-408e718c4722,admu,"Values & Identity",admu,122,2026-06-09T18:44:36.589Z
c82d1f8e-c376-4bf9-ae88-408e718c4722,admu,"Values & Identity",dlsu,66,2026-06-09T18:44:36.589Z
c82d1f8e-c376-4bf9-ae88-408e718c4722,admu,"Values & Identity",up,55,2026-06-09T18:44:36.589Z
c82d1f8e-c376-4bf9-ae88-408e718c4722,admu,"Values & Identity",ust,31,2026-06-09T18:44:36.589Z
19cfd818-8deb-41b5-a3de-565e877ab18b,ust,"Academic Experience",admu,28,2026-06-09T19:41:52.514Z
19cfd818-8deb-41b5-a3de-565e877ab18b,ust,"Academic Experience",dlsu,38,2026-06-09T19:41:52.514Z
19cfd818-8deb-41b5-a3de-565e877ab18b,ust,"Academic Experience",up,12,2026-06-09T19:41:52.514Z
19cfd818-8deb-41b5-a3de-565e877ab18b,ust,"Academic Experience",ust,100,2026-06-09T19:41:52.514Z
19cfd818-8deb-41b5-a3de-565e877ab18b,ust,"Social & Cultural Fit",admu,39,2026-06-09T19:41:52.514Z
19cfd818-8deb-41b5-a3de-565e877ab18b,ust,"Social & Cultural Fit",dlsu,56,2026-06-09T19:41:52.514Z
19cfd818-8deb-41b5-a3de-565e877ab18b,ust,"Social & Cultural Fit",up,78,2026-06-09T19:41:52.514Z
19cfd818-8deb-41b5-a3de-565e877ab18b,ust,"Social & Cultural Fit",ust,96,2026-06-09T19:41:52.514Z
19cfd818-8deb-41b5-a3de-565e877ab18b,ust,"Campus Life",admu,70,2026-06-09T19:41:52.514Z
19cfd818-8deb-41b5-a3de-565e877ab18b,ust,"Campus Life",dlsu,40,2026-06-09T19:41:52.514Z
19cfd818-8deb-41b5-a3de-565e877ab18b,ust,"Campus Life",up,119,2026-06-09T19:41:52.514Z
19cfd818-8deb-41b5-a3de-565e877ab18b,ust,"Campus Life",ust,148,2026-06-09T19:41:52.514Z
19cfd818-8deb-41b5-a3de-565e877ab18b,ust,"Values & Identity",admu,39,2026-06-09T19:41:52.514Z
19cfd818-8deb-41b5-a3de-565e877ab18b,ust,"Values & Identity",dlsu,55,2026-06-09T19:41:52.514Z
19cfd818-8deb-41b5-a3de-565e877ab18b,ust,"Values & Identity",up,59,2026-06-09T19:41:52.514Z
19cfd818-8deb-41b5-a3de-565e877ab18b,ust,"Values & Identity",ust,125,2026-06-09T19:41:52.514Z
044bed67-8920-4a08-978b-76882fd07554,up,"Academic Experience",admu,41,2026-06-09T20:07:36.312Z
044bed67-8920-4a08-978b-76882fd07554,up,"Academic Experience",dlsu,18,2026-06-09T20:07:36.312Z
044bed67-8920-4a08-978b-76882fd07554,up,"Academic Experience",up,120,2026-06-09T20:07:36.312Z
044bed67-8920-4a08-978b-76882fd07554,up,"Academic Experience",ust,33,2026-06-09T20:07:36.312Z
044bed67-8920-4a08-978b-76882fd07554,up,"Social & Cultural Fit",admu,38,2026-06-09T20:07:36.312Z
044bed67-8920-4a08-978b-76882fd07554,up,"Social & Cultural Fit",dlsu,31,2026-06-09T20:07:36.312Z
044bed67-8920-4a08-978b-76882fd07554,up,"Social & Cultural Fit",up,128,2026-06-09T20:07:36.312Z
044bed67-8920-4a08-978b-76882fd07554,up,"Social & Cultural Fit",ust,91,2026-06-09T20:07:36.312Z
044bed67-8920-4a08-978b-76882fd07554,up,"Campus Life",admu,78,2026-06-09T20:07:36.312Z
044bed67-8920-4a08-978b-76882fd07554,up,"Campus Life",dlsu,55,2026-06-09T20:07:36.312Z
044bed67-8920-4a08-978b-76882fd07554,up,"Campus Life",up,164,2026-06-09T20:07:36.312Z
044bed67-8920-4a08-978b-76882fd07554,up,"Campus Life",ust,87,2026-06-09T20:07:36.312Z
044bed67-8920-4a08-978b-76882fd07554,up,"Values & Identity",admu,59,2026-06-09T20:07:36.312Z
044bed67-8920-4a08-978b-76882fd07554,up,"Values & Identity",dlsu,38,2026-06-09T20:07:36.312Z
044bed67-8920-4a08-978b-76882fd07554,up,"Values & Identity",up,136,2026-06-09T20:07:36.312Z
044bed67-8920-4a08-978b-76882fd07554,up,"Values & Identity",ust,32,2026-06-09T20:07:36.312Z
749350c4-6591-4f57-bc07-ae0edba64dc5,up,"Academic Experience",admu,46,2026-06-09T20:54:14.254Z
749350c4-6591-4f57-bc07-ae0edba64dc5,up,"Academic Experience",dlsu,16,2026-06-09T20:54:14.254Z
749350c4-6591-4f57-bc07-ae0edba64dc5,up,"Academic Experience",up,127,2026-06-09T20:54:14.254Z
749350c4-6591-4f57-bc07-ae0edba64dc5,up,"Academic Experience",ust,24,2026-06-09T20:54:14.254Z
749350c4-6591-4f57-bc07-ae0edba64dc5,up,"Social & Cultural Fit",admu,38,2026-06-09T20:54:14.254Z
749350c4-6591-4f57-bc07-ae0edba64dc5,up,"Social & Cultural Fit",dlsu,37,2026-06-09T20:54:14.254Z
749350c4-6591-4f57-bc07-ae0edba64dc5,up,"Social & Cultural Fit",up,123,2026-06-09T20:54:14.254Z
749350c4-6591-4f57-bc07-ae0edba64dc5,up,"Social & Cultural Fit",ust,80,2026-06-09T20:54:14.254Z
749350c4-6591-4f57-bc07-ae0edba64dc5,up,"Campus Life",admu,78,2026-06-09T20:54:14.254Z
749350c4-6591-4f57-bc07-ae0edba64dc5,up,"Campus Life",dlsu,55,2026-06-09T20:54:14.254Z
749350c4-6591-4f57-bc07-ae0edba64dc5,up,"Campus Life",up,164,2026-06-09T20:54:14.254Z
749350c4-6591-4f57-bc07-ae0edba64dc5,up,"Campus Life",ust,87,2026-06-09T20:54:14.254Z
749350c4-6591-4f57-bc07-ae0edba64dc5,up,"Values & Identity",admu,59,2026-06-09T20:54:14.254Z
749350c4-6591-4f57-bc07-ae0edba64dc5,up,"Values & Identity",dlsu,38,2026-06-09T20:54:14.254Z
749350c4-6591-4f57-bc07-ae0edba64dc5,up,"Values & Identity",up,136,2026-06-09T20:54:14.254Z
749350c4-6591-4f57-bc07-ae0edba64dc5,up,"Values & Identity",ust,32,2026-06-09T20:54:14.254Z
5a40893f-825c-4f71-962f-b2b722533596,up,"Academic Experience",admu,42,2026-06-10T00:50:11.282Z
5a40893f-825c-4f71-962f-b2b722533596,up,"Academic Experience",dlsu,18,2026-06-10T00:50:11.282Z
5a40893f-825c-4f71-962f-b2b722533596,up,"Academic Experience",up,140,2026-06-10T00:50:11.282Z
5a40893f-825c-4f71-962f-b2b722533596,up,"Academic Experience",ust,16,2026-06-10T00:50:11.282Z
5a40893f-825c-4f71-962f-b2b722533596,up,"Social & Cultural Fit",admu,41,2026-06-10T00:50:11.282Z
5a40893f-825c-4f71-962f-b2b722533596,up,"Social & Cultural Fit",dlsu,32,2026-06-10T00:50:11.282Z
5a40893f-825c-4f71-962f-b2b722533596,up,"Social & Cultural Fit",up,136,2026-06-10T00:50:11.282Z
5a40893f-825c-4f71-962f-b2b722533596,up,"Social & Cultural Fit",ust,91,2026-06-10T00:50:11.282Z
5a40893f-825c-4f71-962f-b2b722533596,up,"Campus Life",admu,80,2026-06-10T00:50:11.282Z
5a40893f-825c-4f71-962f-b2b722533596,up,"Campus Life",dlsu,65,2026-06-10T00:50:11.282Z
5a40893f-825c-4f71-962f-b2b722533596,up,"Campus Life",up,154,2026-06-10T00:50:11.282Z
5a40893f-825c-4f71-962f-b2b722533596,up,"Campus Life",ust,91,2026-06-10T00:50:11.282Z
5a40893f-825c-4f71-962f-b2b722533596,up,"Values & Identity",admu,51,2026-06-10T00:50:11.282Z
5a40893f-825c-4f71-962f-b2b722533596,up,"Values & Identity",dlsu,40,2026-06-10T00:50:11.282Z
5a40893f-825c-4f71-962f-b2b722533596,up,"Values & Identity",up,128,2026-06-10T00:50:11.282Z
5a40893f-825c-4f71-962f-b2b722533596,up,"Values & Identity",ust,42,2026-06-10T00:50:11.282Z
5eb4f73b-5567-463a-9de7-9e012f34706c,dlsu,"Academic Experience",admu,49,2026-06-10T07:31:30.522Z
5eb4f73b-5567-463a-9de7-9e012f34706c,dlsu,"Academic Experience",dlsu,51,2026-06-10T07:31:30.522Z
5eb4f73b-5567-463a-9de7-9e012f34706c,dlsu,"Academic Experience",up,14,2026-06-10T07:31:30.522Z
5eb4f73b-5567-463a-9de7-9e012f34706c,dlsu,"Academic Experience",ust,66,2026-06-10T07:31:30.522Z
5eb4f73b-5567-463a-9de7-9e012f34706c,dlsu,"Social & Cultural Fit",admu,81,2026-06-10T07:31:30.522Z
5eb4f73b-5567-463a-9de7-9e012f34706c,dlsu,"Social & Cultural Fit",dlsu,86,2026-06-10T07:31:30.522Z
5eb4f73b-5567-463a-9de7-9e012f34706c,dlsu,"Social & Cultural Fit",up,75,2026-06-10T07:31:30.522Z
5eb4f73b-5567-463a-9de7-9e012f34706c,dlsu,"Social & Cultural Fit",ust,56,2026-06-10T07:31:30.522Z
5eb4f73b-5567-463a-9de7-9e012f34706c,dlsu,"Campus Life",admu,71,2026-06-10T07:31:30.522Z
5eb4f73b-5567-463a-9de7-9e012f34706c,dlsu,"Campus Life",dlsu,137,2026-06-10T07:31:30.522Z
5eb4f73b-5567-463a-9de7-9e012f34706c,dlsu,"Campus Life",up,57,2026-06-10T07:31:30.522Z
5eb4f73b-5567-463a-9de7-9e012f34706c,dlsu,"Campus Life",ust,95,2026-06-10T07:31:30.522Z
5eb4f73b-5567-463a-9de7-9e012f34706c,dlsu,"Values & Identity",admu,67,2026-06-10T07:31:30.522Z
5eb4f73b-5567-463a-9de7-9e012f34706c,dlsu,"Values & Identity",dlsu,101,2026-06-10T07:31:30.522Z
5eb4f73b-5567-463a-9de7-9e012f34706c,dlsu,"Values & Identity",up,57,2026-06-10T07:31:30.522Z
5eb4f73b-5567-463a-9de7-9e012f34706c,dlsu,"Values & Identity",ust,45,2026-06-10T07:31:30.522Z
6a49980a-5d47-48d3-8e60-61d9e816538f,ust,"Academic Experience",admu,27,2026-06-10T09:23:25.656Z
6a49980a-5d47-48d3-8e60-61d9e816538f,ust,"Academic Experience",dlsu,27,2026-06-10T09:23:25.656Z
6a49980a-5d47-48d3-8e60-61d9e816538f,ust,"Academic Experience",up,31,2026-06-10T09:23:25.656Z
6a49980a-5d47-48d3-8e60-61d9e816538f,ust,"Academic Experience",ust,100,2026-06-10T09:23:25.656Z
6a49980a-5d47-48d3-8e60-61d9e816538f,ust,"Social & Cultural Fit",admu,33,2026-06-10T09:23:25.656Z
6a49980a-5d47-48d3-8e60-61d9e816538f,ust,"Social & Cultural Fit",dlsu,48,2026-06-10T09:23:25.656Z
6a49980a-5d47-48d3-8e60-61d9e816538f,ust,"Social & Cultural Fit",up,66,2026-06-10T09:23:25.656Z
6a49980a-5d47-48d3-8e60-61d9e816538f,ust,"Social & Cultural Fit",ust,89,2026-06-10T09:23:25.656Z
6a49980a-5d47-48d3-8e60-61d9e816538f,ust,"Campus Life",admu,68,2026-06-10T09:23:25.656Z
6a49980a-5d47-48d3-8e60-61d9e816538f,ust,"Campus Life",dlsu,62,2026-06-10T09:23:25.656Z
6a49980a-5d47-48d3-8e60-61d9e816538f,ust,"Campus Life",up,92,2026-06-10T09:23:25.656Z
6a49980a-5d47-48d3-8e60-61d9e816538f,ust,"Campus Life",ust,131,2026-06-10T09:23:25.656Z
6a49980a-5d47-48d3-8e60-61d9e816538f,ust,"Values & Identity",admu,39,2026-06-10T09:23:25.656Z
6a49980a-5d47-48d3-8e60-61d9e816538f,ust,"Values & Identity",dlsu,55,2026-06-10T09:23:25.656Z
6a49980a-5d47-48d3-8e60-61d9e816538f,ust,"Values & Identity",up,59,2026-06-10T09:23:25.656Z
6a49980a-5d47-48d3-8e60-61d9e816538f,ust,"Values & Identity",ust,125,2026-06-10T09:23:25.656Z
292c847b-cf56-42e9-a6f9-53b040bc09bf,ust,"Academic Experience",admu,24,2026-06-10T13:55:34.150Z
292c847b-cf56-42e9-a6f9-53b040bc09bf,ust,"Academic Experience",dlsu,37,2026-06-10T13:55:34.150Z
292c847b-cf56-42e9-a6f9-53b040bc09bf,ust,"Academic Experience",up,34,2026-06-10T13:55:34.150Z
292c847b-cf56-42e9-a6f9-53b040bc09bf,ust,"Academic Experience",ust,85,2026-06-10T13:55:34.150Z
292c847b-cf56-42e9-a6f9-53b040bc09bf,ust,"Social & Cultural Fit",admu,50,2026-06-10T13:55:34.150Z
292c847b-cf56-42e9-a6f9-53b040bc09bf,ust,"Social & Cultural Fit",dlsu,39,2026-06-10T13:55:34.150Z
292c847b-cf56-42e9-a6f9-53b040bc09bf,ust,"Social & Cultural Fit",up,92,2026-06-10T13:55:34.150Z
292c847b-cf56-42e9-a6f9-53b040bc09bf,ust,"Social & Cultural Fit",ust,114,2026-06-10T13:55:34.150Z
292c847b-cf56-42e9-a6f9-53b040bc09bf,ust,"Campus Life",admu,86,2026-06-10T13:55:34.150Z
292c847b-cf56-42e9-a6f9-53b040bc09bf,ust,"Campus Life",dlsu,77,2026-06-10T13:55:34.150Z
292c847b-cf56-42e9-a6f9-53b040bc09bf,ust,"Campus Life",up,79,2026-06-10T13:55:34.150Z
292c847b-cf56-42e9-a6f9-53b040bc09bf,ust,"Campus Life",ust,119,2026-06-10T13:55:34.150Z
292c847b-cf56-42e9-a6f9-53b040bc09bf,ust,"Values & Identity",admu,46,2026-06-10T13:55:34.150Z
292c847b-cf56-42e9-a6f9-53b040bc09bf,ust,"Values & Identity",dlsu,58,2026-06-10T13:55:34.150Z
292c847b-cf56-42e9-a6f9-53b040bc09bf,ust,"Values & Identity",up,54,2026-06-10T13:55:34.150Z
292c847b-cf56-42e9-a6f9-53b040bc09bf,ust,"Values & Identity",ust,94,2026-06-10T13:55:34.150Z
8c808707-b146-49a6-9217-2e0be91b8655,dlsu,"Academic Experience",admu,46,2026-06-10T15:05:46.463Z
8c808707-b146-49a6-9217-2e0be91b8655,dlsu,"Academic Experience",dlsu,90,2026-06-10T15:05:46.463Z
8c808707-b146-49a6-9217-2e0be91b8655,dlsu,"Academic Experience",up,2,2026-06-10T15:05:46.463Z
8c808707-b146-49a6-9217-2e0be91b8655,dlsu,"Academic Experience",ust,62,2026-06-10T15:05:46.463Z
8c808707-b146-49a6-9217-2e0be91b8655,dlsu,"Social & Cultural Fit",admu,86,2026-06-10T15:05:46.463Z
8c808707-b146-49a6-9217-2e0be91b8655,dlsu,"Social & Cultural Fit",dlsu,106,2026-06-10T15:05:46.463Z
8c808707-b146-49a6-9217-2e0be91b8655,dlsu,"Social & Cultural Fit",up,42,2026-06-10T15:05:46.463Z
8c808707-b146-49a6-9217-2e0be91b8655,dlsu,"Social & Cultural Fit",ust,70,2026-06-10T15:05:46.463Z
8c808707-b146-49a6-9217-2e0be91b8655,dlsu,"Campus Life",admu,83,2026-06-10T15:05:46.463Z
8c808707-b146-49a6-9217-2e0be91b8655,dlsu,"Campus Life",dlsu,153,2026-06-10T15:05:46.463Z
8c808707-b146-49a6-9217-2e0be91b8655,dlsu,"Campus Life",up,57,2026-06-10T15:05:46.463Z
8c808707-b146-49a6-9217-2e0be91b8655,dlsu,"Campus Life",ust,78,2026-06-10T15:05:46.463Z
8c808707-b146-49a6-9217-2e0be91b8655,dlsu,"Values & Identity",admu,52,2026-06-10T15:05:46.463Z
8c808707-b146-49a6-9217-2e0be91b8655,dlsu,"Values & Identity",dlsu,90,2026-06-10T15:05:46.463Z
8c808707-b146-49a6-9217-2e0be91b8655,dlsu,"Values & Identity",up,50,2026-06-10T15:05:46.463Z
8c808707-b146-49a6-9217-2e0be91b8655,dlsu,"Values & Identity",ust,62,2026-06-10T15:05:46.463Z
0735bd46-a33c-4f78-9120-67dd5c65dc9b,up,"Academic Experience",admu,52,2026-06-10T17:40:18.890Z
0735bd46-a33c-4f78-9120-67dd5c65dc9b,up,"Academic Experience",dlsu,38,2026-06-10T17:40:18.890Z
0735bd46-a33c-4f78-9120-67dd5c65dc9b,up,"Academic Experience",up,92,2026-06-10T17:40:18.890Z
0735bd46-a33c-4f78-9120-67dd5c65dc9b,up,"Academic Experience",ust,34,2026-06-10T17:40:18.890Z
0735bd46-a33c-4f78-9120-67dd5c65dc9b,up,"Social & Cultural Fit",admu,52,2026-06-10T17:40:18.890Z
0735bd46-a33c-4f78-9120-67dd5c65dc9b,up,"Social & Cultural Fit",dlsu,43,2026-06-10T17:40:18.890Z
0735bd46-a33c-4f78-9120-67dd5c65dc9b,up,"Social & Cultural Fit",up,123,2026-06-10T17:40:18.890Z
0735bd46-a33c-4f78-9120-67dd5c65dc9b,up,"Social & Cultural Fit",ust,113,2026-06-10T17:40:18.890Z
0735bd46-a33c-4f78-9120-67dd5c65dc9b,up,"Campus Life",admu,89,2026-06-10T17:40:18.890Z
0735bd46-a33c-4f78-9120-67dd5c65dc9b,up,"Campus Life",dlsu,65,2026-06-10T17:40:18.890Z
0735bd46-a33c-4f78-9120-67dd5c65dc9b,up,"Campus Life",up,136,2026-06-10T17:40:18.890Z
0735bd46-a33c-4f78-9120-67dd5c65dc9b,up,"Campus Life",ust,60,2026-06-10T17:40:18.890Z
0735bd46-a33c-4f78-9120-67dd5c65dc9b,up,"Values & Identity",admu,59,2026-06-10T17:40:18.890Z
0735bd46-a33c-4f78-9120-67dd5c65dc9b,up,"Values & Identity",dlsu,38,2026-06-10T17:40:18.890Z
0735bd46-a33c-4f78-9120-67dd5c65dc9b,up,"Values & Identity",up,136,2026-06-10T17:40:18.890Z
0735bd46-a33c-4f78-9120-67dd5c65dc9b,up,"Values & Identity",ust,32,2026-06-10T17:40:18.890Z
e794788a-1b6b-4ea6-9151-50ae0af02769,admu,"Academic Experience",admu,113,2026-06-10T23:20:21.217Z
e794788a-1b6b-4ea6-9151-50ae0af02769,admu,"Academic Experience",dlsu,43,2026-06-10T23:20:21.217Z
e794788a-1b6b-4ea6-9151-50ae0af02769,admu,"Academic Experience",up,37,2026-06-10T23:20:21.217Z
e794788a-1b6b-4ea6-9151-50ae0af02769,admu,"Academic Experience",ust,34,2026-06-10T23:20:21.217Z
e794788a-1b6b-4ea6-9151-50ae0af02769,admu,"Social & Cultural Fit",admu,111,2026-06-10T23:20:21.217Z
e794788a-1b6b-4ea6-9151-50ae0af02769,admu,"Social & Cultural Fit",dlsu,97,2026-06-10T23:20:21.217Z
e794788a-1b6b-4ea6-9151-50ae0af02769,admu,"Social & Cultural Fit",up,31,2026-06-10T23:20:21.217Z
e794788a-1b6b-4ea6-9151-50ae0af02769,admu,"Social & Cultural Fit",ust,36,2026-06-10T23:20:21.217Z
e794788a-1b6b-4ea6-9151-50ae0af02769,admu,"Campus Life",admu,118,2026-06-10T23:20:21.217Z
e794788a-1b6b-4ea6-9151-50ae0af02769,admu,"Campus Life",dlsu,99,2026-06-10T23:20:21.217Z
e794788a-1b6b-4ea6-9151-50ae0af02769,admu,"Campus Life",up,62,2026-06-10T23:20:21.217Z
e794788a-1b6b-4ea6-9151-50ae0af02769,admu,"Campus Life",ust,57,2026-06-10T23:20:21.217Z
e794788a-1b6b-4ea6-9151-50ae0af02769,admu,"Values & Identity",admu,119,2026-06-10T23:20:21.217Z
e794788a-1b6b-4ea6-9151-50ae0af02769,admu,"Values & Identity",dlsu,56,2026-06-10T23:20:21.217Z
e794788a-1b6b-4ea6-9151-50ae0af02769,admu,"Values & Identity",up,50,2026-06-10T23:20:21.217Z
e794788a-1b6b-4ea6-9151-50ae0af02769,admu,"Values & Identity",ust,36,2026-06-10T23:20:21.217Z
5eaf471c-8e68-4875-a81e-002d9c0b05be,admu,"Academic Experience",admu,113,2026-06-11T04:28:00.225Z
5eaf471c-8e68-4875-a81e-002d9c0b05be,admu,"Academic Experience",dlsu,43,2026-06-11T04:28:00.225Z
5eaf471c-8e68-4875-a81e-002d9c0b05be,admu,"Academic Experience",up,37,2026-06-11T04:28:00.225Z
5eaf471c-8e68-4875-a81e-002d9c0b05be,admu,"Academic Experience",ust,34,2026-06-11T04:28:00.225Z
5eaf471c-8e68-4875-a81e-002d9c0b05be,admu,"Social & Cultural Fit",admu,114,2026-06-11T04:28:00.225Z
5eaf471c-8e68-4875-a81e-002d9c0b05be,admu,"Social & Cultural Fit",dlsu,99,2026-06-11T04:28:00.225Z
5eaf471c-8e68-4875-a81e-002d9c0b05be,admu,"Social & Cultural Fit",up,34,2026-06-11T04:28:00.225Z
5eaf471c-8e68-4875-a81e-002d9c0b05be,admu,"Social & Cultural Fit",ust,52,2026-06-11T04:28:00.225Z
5eaf471c-8e68-4875-a81e-002d9c0b05be,admu,"Campus Life",admu,135,2026-06-11T04:28:00.225Z
5eaf471c-8e68-4875-a81e-002d9c0b05be,admu,"Campus Life",dlsu,93,2026-06-11T04:28:00.225Z
5eaf471c-8e68-4875-a81e-002d9c0b05be,admu,"Campus Life",up,89,2026-06-11T04:28:00.225Z
5eaf471c-8e68-4875-a81e-002d9c0b05be,admu,"Campus Life",ust,57,2026-06-11T04:28:00.225Z
5eaf471c-8e68-4875-a81e-002d9c0b05be,admu,"Values & Identity",admu,129,2026-06-11T04:28:00.225Z
5eaf471c-8e68-4875-a81e-002d9c0b05be,admu,"Values & Identity",dlsu,56,2026-06-11T04:28:00.225Z
5eaf471c-8e68-4875-a81e-002d9c0b05be,admu,"Values & Identity",up,60,2026-06-11T04:28:00.225Z
5eaf471c-8e68-4875-a81e-002d9c0b05be,admu,"Values & Identity",ust,28,2026-06-11T04:28:00.225Z
3f51293e-401c-42fd-8019-5374d8dacc66,ust,"Academic Experience",admu,58,2026-06-11T04:45:38.143Z
3f51293e-401c-42fd-8019-5374d8dacc66,ust,"Academic Experience",dlsu,45,2026-06-11T04:45:38.143Z
3f51293e-401c-42fd-8019-5374d8dacc66,ust,"Academic Experience",up,26,2026-06-11T04:45:38.143Z
3f51293e-401c-42fd-8019-5374d8dacc66,ust,"Academic Experience",ust,60,2026-06-11T04:45:38.143Z
3f51293e-401c-42fd-8019-5374d8dacc66,ust,"Social & Cultural Fit",admu,45,2026-06-11T04:45:38.143Z
3f51293e-401c-42fd-8019-5374d8dacc66,ust,"Social & Cultural Fit",dlsu,39,2026-06-11T04:45:38.143Z
3f51293e-401c-42fd-8019-5374d8dacc66,ust,"Social & Cultural Fit",up,90,2026-06-11T04:45:38.143Z
3f51293e-401c-42fd-8019-5374d8dacc66,ust,"Social & Cultural Fit",ust,98,2026-06-11T04:45:38.143Z
3f51293e-401c-42fd-8019-5374d8dacc66,ust,"Campus Life",admu,70,2026-06-11T04:45:38.143Z
3f51293e-401c-42fd-8019-5374d8dacc66,ust,"Campus Life",dlsu,40,2026-06-11T04:45:38.143Z
3f51293e-401c-42fd-8019-5374d8dacc66,ust,"Campus Life",up,119,2026-06-11T04:45:38.143Z
3f51293e-401c-42fd-8019-5374d8dacc66,ust,"Campus Life",ust,148,2026-06-11T04:45:38.143Z
3f51293e-401c-42fd-8019-5374d8dacc66,ust,"Values & Identity",admu,49,2026-06-11T04:45:38.143Z
3f51293e-401c-42fd-8019-5374d8dacc66,ust,"Values & Identity",dlsu,70,2026-06-11T04:45:38.143Z
3f51293e-401c-42fd-8019-5374d8dacc66,ust,"Values & Identity",up,73,2026-06-11T04:45:38.143Z
3f51293e-401c-42fd-8019-5374d8dacc66,ust,"Values & Identity",ust,91,2026-06-11T04:45:38.143Z
6133827f-fed8-4989-bf3d-819605fbafdf,dlsu,"Academic Experience",admu,40,2026-06-11T10:01:05.932Z
6133827f-fed8-4989-bf3d-819605fbafdf,dlsu,"Academic Experience",dlsu,72,2026-06-11T10:01:05.932Z
6133827f-fed8-4989-bf3d-819605fbafdf,dlsu,"Academic Experience",up,22,2026-06-11T10:01:05.932Z
6133827f-fed8-4989-bf3d-819605fbafdf,dlsu,"Academic Experience",ust,64,2026-06-11T10:01:05.932Z
6133827f-fed8-4989-bf3d-819605fbafdf,dlsu,"Social & Cultural Fit",admu,100,2026-06-11T10:01:05.932Z
6133827f-fed8-4989-bf3d-819605fbafdf,dlsu,"Social & Cultural Fit",dlsu,122,2026-06-11T10:01:05.932Z
6133827f-fed8-4989-bf3d-819605fbafdf,dlsu,"Social & Cultural Fit",up,38,2026-06-11T10:01:05.932Z
6133827f-fed8-4989-bf3d-819605fbafdf,dlsu,"Social & Cultural Fit",ust,54,2026-06-11T10:01:05.932Z
6133827f-fed8-4989-bf3d-819605fbafdf,dlsu,"Campus Life",admu,91,2026-06-11T10:01:05.932Z
6133827f-fed8-4989-bf3d-819605fbafdf,dlsu,"Campus Life",dlsu,150,2026-06-11T10:01:05.932Z
6133827f-fed8-4989-bf3d-819605fbafdf,dlsu,"Campus Life",up,73,2026-06-11T10:01:05.932Z
6133827f-fed8-4989-bf3d-819605fbafdf,dlsu,"Campus Life",ust,76,2026-06-11T10:01:05.932Z
6133827f-fed8-4989-bf3d-819605fbafdf,dlsu,"Values & Identity",admu,78,2026-06-11T10:01:05.932Z
6133827f-fed8-4989-bf3d-819605fbafdf,dlsu,"Values & Identity",dlsu,112,2026-06-11T10:01:05.932Z
6133827f-fed8-4989-bf3d-819605fbafdf,dlsu,"Values & Identity",up,59,2026-06-11T10:01:05.932Z
6133827f-fed8-4989-bf3d-819605fbafdf,dlsu,"Values & Identity",ust,37,2026-06-11T10:01:05.932Z
e619c344-f013-4056-abc5-e86b75e5bd64,admu,"Academic Experience",admu,98,2026-06-11T12:27:26.935Z
e619c344-f013-4056-abc5-e86b75e5bd64,admu,"Academic Experience",dlsu,34,2026-06-11T12:27:26.935Z
e619c344-f013-4056-abc5-e86b75e5bd64,admu,"Academic Experience",up,37,2026-06-11T12:27:26.935Z
e619c344-f013-4056-abc5-e86b75e5bd64,admu,"Academic Experience",ust,49,2026-06-11T12:27:26.935Z
e619c344-f013-4056-abc5-e86b75e5bd64,admu,"Social & Cultural Fit",admu,94,2026-06-11T12:27:26.935Z
e619c344-f013-4056-abc5-e86b75e5bd64,admu,"Social & Cultural Fit",dlsu,81,2026-06-11T12:27:26.935Z
e619c344-f013-4056-abc5-e86b75e5bd64,admu,"Social & Cultural Fit",up,53,2026-06-11T12:27:26.935Z
e619c344-f013-4056-abc5-e86b75e5bd64,admu,"Social & Cultural Fit",ust,55,2026-06-11T12:27:26.935Z
e619c344-f013-4056-abc5-e86b75e5bd64,admu,"Campus Life",admu,123,2026-06-11T12:27:26.935Z
e619c344-f013-4056-abc5-e86b75e5bd64,admu,"Campus Life",dlsu,112,2026-06-11T12:27:26.935Z
e619c344-f013-4056-abc5-e86b75e5bd64,admu,"Campus Life",up,65,2026-06-11T12:27:26.935Z
e619c344-f013-4056-abc5-e86b75e5bd64,admu,"Campus Life",ust,53,2026-06-11T12:27:26.935Z
e619c344-f013-4056-abc5-e86b75e5bd64,admu,"Values & Identity",admu,117,2026-06-11T12:27:26.935Z
e619c344-f013-4056-abc5-e86b75e5bd64,admu,"Values & Identity",dlsu,60,2026-06-11T12:27:26.935Z
e619c344-f013-4056-abc5-e86b75e5bd64,admu,"Values & Identity",up,58,2026-06-11T12:27:26.935Z
e619c344-f013-4056-abc5-e86b75e5bd64,admu,"Values & Identity",ust,44,2026-06-11T12:27:26.935Z
54dc113c-1564-4cda-94cb-31d3a8edf0b6,dlsu,"Academic Experience",admu,38,2026-06-11T15:02:44.000Z
54dc113c-1564-4cda-94cb-31d3a8edf0b6,dlsu,"Academic Experience",dlsu,103,2026-06-11T15:02:44.000Z
54dc113c-1564-4cda-94cb-31d3a8edf0b6,dlsu,"Academic Experience",up,26,2026-06-11T15:02:44.000Z
54dc113c-1564-4cda-94cb-31d3a8edf0b6,dlsu,"Academic Experience",ust,24,2026-06-11T15:02:44.000Z
54dc113c-1564-4cda-94cb-31d3a8edf0b6,dlsu,"Social & Cultural Fit",admu,100,2026-06-11T15:02:44.000Z
54dc113c-1564-4cda-94cb-31d3a8edf0b6,dlsu,"Social & Cultural Fit",dlsu,122,2026-06-11T15:02:44.000Z
54dc113c-1564-4cda-94cb-31d3a8edf0b6,dlsu,"Social & Cultural Fit",up,38,2026-06-11T15:02:44.000Z
54dc113c-1564-4cda-94cb-31d3a8edf0b6,dlsu,"Social & Cultural Fit",ust,54,2026-06-11T15:02:44.000Z
54dc113c-1564-4cda-94cb-31d3a8edf0b6,dlsu,"Campus Life",admu,73,2026-06-11T15:02:44.000Z
54dc113c-1564-4cda-94cb-31d3a8edf0b6,dlsu,"Campus Life",dlsu,161,2026-06-11T15:02:44.000Z
54dc113c-1564-4cda-94cb-31d3a8edf0b6,dlsu,"Campus Life",up,57,2026-06-11T15:02:44.000Z
54dc113c-1564-4cda-94cb-31d3a8edf0b6,dlsu,"Campus Life",ust,60,2026-06-11T15:02:44.000Z
54dc113c-1564-4cda-94cb-31d3a8edf0b6,dlsu,"Values & Identity",admu,66,2026-06-11T15:02:44.000Z
54dc113c-1564-4cda-94cb-31d3a8edf0b6,dlsu,"Values & Identity",dlsu,116,2026-06-11T15:02:44.000Z
54dc113c-1564-4cda-94cb-31d3a8edf0b6,dlsu,"Values & Identity",up,39,2026-06-11T15:02:44.000Z
54dc113c-1564-4cda-94cb-31d3a8edf0b6,dlsu,"Values & Identity",ust,49,2026-06-11T15:02:44.000Z
42503318-04fe-4b48-b43c-bb17d8e8395f,up,"Academic Experience",admu,86,2026-06-11T18:42:37.462Z
42503318-04fe-4b48-b43c-bb17d8e8395f,up,"Academic Experience",dlsu,34,2026-06-11T18:42:37.462Z
42503318-04fe-4b48-b43c-bb17d8e8395f,up,"Academic Experience",up,70,2026-06-11T18:42:37.462Z
42503318-04fe-4b48-b43c-bb17d8e8395f,up,"Academic Experience",ust,31,2026-06-11T18:42:37.462Z
42503318-04fe-4b48-b43c-bb17d8e8395f,up,"Social & Cultural Fit",admu,53,2026-06-11T18:42:37.462Z
42503318-04fe-4b48-b43c-bb17d8e8395f,up,"Social & Cultural Fit",dlsu,39,2026-06-11T18:42:37.462Z
42503318-04fe-4b48-b43c-bb17d8e8395f,up,"Social & Cultural Fit",up,132,2026-06-11T18:42:37.462Z
42503318-04fe-4b48-b43c-bb17d8e8395f,up,"Social & Cultural Fit",ust,88,2026-06-11T18:42:37.462Z
42503318-04fe-4b48-b43c-bb17d8e8395f,up,"Campus Life",admu,81,2026-06-11T18:42:37.462Z
42503318-04fe-4b48-b43c-bb17d8e8395f,up,"Campus Life",dlsu,67,2026-06-11T18:42:37.462Z
42503318-04fe-4b48-b43c-bb17d8e8395f,up,"Campus Life",up,152,2026-06-11T18:42:37.462Z
42503318-04fe-4b48-b43c-bb17d8e8395f,up,"Campus Life",ust,99,2026-06-11T18:42:37.462Z
42503318-04fe-4b48-b43c-bb17d8e8395f,up,"Values & Identity",admu,59,2026-06-11T18:42:37.462Z
42503318-04fe-4b48-b43c-bb17d8e8395f,up,"Values & Identity",dlsu,48,2026-06-11T18:42:37.462Z
42503318-04fe-4b48-b43c-bb17d8e8395f,up,"Values & Identity",up,120,2026-06-11T18:42:37.462Z
42503318-04fe-4b48-b43c-bb17d8e8395f,up,"Values & Identity",ust,30,2026-06-11T18:42:37.462Z
2fabac84-5a0c-4182-b23e-372e2d3af7b9,admu,"Academic Experience",admu,99,2026-06-11T19:08:00.312Z
2fabac84-5a0c-4182-b23e-372e2d3af7b9,admu,"Academic Experience",dlsu,54,2026-06-11T19:08:00.312Z
2fabac84-5a0c-4182-b23e-372e2d3af7b9,admu,"Academic Experience",up,36,2026-06-11T19:08:00.312Z
2fabac84-5a0c-4182-b23e-372e2d3af7b9,admu,"Academic Experience",ust,31,2026-06-11T19:08:00.312Z
2fabac84-5a0c-4182-b23e-372e2d3af7b9,admu,"Social & Cultural Fit",admu,106,2026-06-11T19:08:00.312Z
2fabac84-5a0c-4182-b23e-372e2d3af7b9,admu,"Social & Cultural Fit",dlsu,111,2026-06-11T19:08:00.312Z
2fabac84-5a0c-4182-b23e-372e2d3af7b9,admu,"Social & Cultural Fit",up,16,2026-06-11T19:08:00.312Z
2fabac84-5a0c-4182-b23e-372e2d3af7b9,admu,"Social & Cultural Fit",ust,37,2026-06-11T19:08:00.312Z
2fabac84-5a0c-4182-b23e-372e2d3af7b9,admu,"Campus Life",admu,136,2026-06-11T19:08:00.312Z
2fabac84-5a0c-4182-b23e-372e2d3af7b9,admu,"Campus Life",dlsu,96,2026-06-11T19:08:00.312Z
2fabac84-5a0c-4182-b23e-372e2d3af7b9,admu,"Campus Life",up,80,2026-06-11T19:08:00.312Z
2fabac84-5a0c-4182-b23e-372e2d3af7b9,admu,"Campus Life",ust,59,2026-06-11T19:08:00.312Z
2fabac84-5a0c-4182-b23e-372e2d3af7b9,admu,"Values & Identity",admu,129,2026-06-11T19:08:00.312Z
2fabac84-5a0c-4182-b23e-372e2d3af7b9,admu,"Values & Identity",dlsu,56,2026-06-11T19:08:00.312Z
2fabac84-5a0c-4182-b23e-372e2d3af7b9,admu,"Values & Identity",up,60,2026-06-11T19:08:00.312Z
2fabac84-5a0c-4182-b23e-372e2d3af7b9,admu,"Values & Identity",ust,28,2026-06-11T19:08:00.312Z
155453bb-214d-48e8-84b8-29db99a0fee7,admu,"Academic Experience",admu,98,2026-06-11T20:55:22.329Z
155453bb-214d-48e8-84b8-29db99a0fee7,admu,"Academic Experience",dlsu,34,2026-06-11T20:55:22.329Z
155453bb-214d-48e8-84b8-29db99a0fee7,admu,"Academic Experience",up,37,2026-06-11T20:55:22.329Z
155453bb-214d-48e8-84b8-29db99a0fee7,admu,"Academic Experience",ust,49,2026-06-11T20:55:22.329Z
155453bb-214d-48e8-84b8-29db99a0fee7,admu,"Social & Cultural Fit",admu,79,2026-06-11T20:55:22.329Z
155453bb-214d-48e8-84b8-29db99a0fee7,admu,"Social & Cultural Fit",dlsu,84,2026-06-11T20:55:22.329Z
155453bb-214d-48e8-84b8-29db99a0fee7,admu,"Social & Cultural Fit",up,37,2026-06-11T20:55:22.329Z
155453bb-214d-48e8-84b8-29db99a0fee7,admu,"Social & Cultural Fit",ust,62,2026-06-11T20:55:22.329Z
155453bb-214d-48e8-84b8-29db99a0fee7,admu,"Campus Life",admu,130,2026-06-11T20:55:22.329Z
155453bb-214d-48e8-84b8-29db99a0fee7,admu,"Campus Life",dlsu,101,2026-06-11T20:55:22.329Z
155453bb-214d-48e8-84b8-29db99a0fee7,admu,"Campus Life",up,66,2026-06-11T20:55:22.329Z
155453bb-214d-48e8-84b8-29db99a0fee7,admu,"Campus Life",ust,73,2026-06-11T20:55:22.329Z
155453bb-214d-48e8-84b8-29db99a0fee7,admu,"Values & Identity",admu,120,2026-06-11T20:55:22.329Z
155453bb-214d-48e8-84b8-29db99a0fee7,admu,"Values & Identity",dlsu,55,2026-06-11T20:55:22.329Z
155453bb-214d-48e8-84b8-29db99a0fee7,admu,"Values & Identity",up,72,2026-06-11T20:55:22.329Z
155453bb-214d-48e8-84b8-29db99a0fee7,admu,"Values & Identity",ust,22,2026-06-11T20:55:22.329Z
e630cd88-3ccb-4387-b8a4-d9501a3b5625,up,"Academic Experience",admu,41,2026-06-11T20:58:58.534Z
e630cd88-3ccb-4387-b8a4-d9501a3b5625,up,"Academic Experience",dlsu,22,2026-06-11T20:58:58.534Z
e630cd88-3ccb-4387-b8a4-d9501a3b5625,up,"Academic Experience",up,120,2026-06-11T20:58:58.534Z
e630cd88-3ccb-4387-b8a4-d9501a3b5625,up,"Academic Experience",ust,16,2026-06-11T20:58:58.534Z
e630cd88-3ccb-4387-b8a4-d9501a3b5625,up,"Social & Cultural Fit",admu,41,2026-06-11T20:58:58.534Z
e630cd88-3ccb-4387-b8a4-d9501a3b5625,up,"Social & Cultural Fit",dlsu,32,2026-06-11T20:58:58.534Z
e630cd88-3ccb-4387-b8a4-d9501a3b5625,up,"Social & Cultural Fit",up,136,2026-06-11T20:58:58.534Z
e630cd88-3ccb-4387-b8a4-d9501a3b5625,up,"Social & Cultural Fit",ust,91,2026-06-11T20:58:58.534Z
e630cd88-3ccb-4387-b8a4-d9501a3b5625,up,"Campus Life",admu,93,2026-06-11T20:58:58.534Z
e630cd88-3ccb-4387-b8a4-d9501a3b5625,up,"Campus Life",dlsu,63,2026-06-11T20:58:58.534Z
e630cd88-3ccb-4387-b8a4-d9501a3b5625,up,"Campus Life",up,144,2026-06-11T20:58:58.534Z
e630cd88-3ccb-4387-b8a4-d9501a3b5625,up,"Campus Life",ust,68,2026-06-11T20:58:58.534Z
e630cd88-3ccb-4387-b8a4-d9501a3b5625,up,"Values & Identity",admu,47,2026-06-11T20:58:58.534Z
e630cd88-3ccb-4387-b8a4-d9501a3b5625,up,"Values & Identity",dlsu,42,2026-06-11T20:58:58.534Z
e630cd88-3ccb-4387-b8a4-d9501a3b5625,up,"Values & Identity",up,120,2026-06-11T20:58:58.534Z
e630cd88-3ccb-4387-b8a4-d9501a3b5625,up,"Values & Identity",ust,50,2026-06-11T20:58:58.534Z
8df38ec3-4b2f-4a5c-a6cd-49a7aff93746,up,"Academic Experience",admu,41,2026-06-12T12:26:54.610Z
8df38ec3-4b2f-4a5c-a6cd-49a7aff93746,up,"Academic Experience",dlsu,18,2026-06-12T12:26:54.610Z
8df38ec3-4b2f-4a5c-a6cd-49a7aff93746,up,"Academic Experience",up,120,2026-06-12T12:26:54.610Z
8df38ec3-4b2f-4a5c-a6cd-49a7aff93746,up,"Academic Experience",ust,33,2026-06-12T12:26:54.610Z
8df38ec3-4b2f-4a5c-a6cd-49a7aff93746,up,"Social & Cultural Fit",admu,37,2026-06-12T12:26:54.610Z
8df38ec3-4b2f-4a5c-a6cd-49a7aff93746,up,"Social & Cultural Fit",dlsu,27,2026-06-12T12:26:54.610Z
8df38ec3-4b2f-4a5c-a6cd-49a7aff93746,up,"Social & Cultural Fit",up,118,2026-06-12T12:26:54.610Z
8df38ec3-4b2f-4a5c-a6cd-49a7aff93746,up,"Social & Cultural Fit",ust,83,2026-06-12T12:26:54.610Z
8df38ec3-4b2f-4a5c-a6cd-49a7aff93746,up,"Campus Life",admu,88,2026-06-12T12:26:54.610Z
8df38ec3-4b2f-4a5c-a6cd-49a7aff93746,up,"Campus Life",dlsu,45,2026-06-12T12:26:54.610Z
8df38ec3-4b2f-4a5c-a6cd-49a7aff93746,up,"Campus Life",up,156,2026-06-12T12:26:54.610Z
8df38ec3-4b2f-4a5c-a6cd-49a7aff93746,up,"Campus Life",ust,83,2026-06-12T12:26:54.610Z
8df38ec3-4b2f-4a5c-a6cd-49a7aff93746,up,"Values & Identity",admu,58,2026-06-12T12:26:54.610Z
8df38ec3-4b2f-4a5c-a6cd-49a7aff93746,up,"Values & Identity",dlsu,53,2026-06-12T12:26:54.610Z
8df38ec3-4b2f-4a5c-a6cd-49a7aff93746,up,"Values & Identity",up,118,2026-06-12T12:26:54.610Z
8df38ec3-4b2f-4a5c-a6cd-49a7aff93746,up,"Values & Identity",ust,36,2026-06-12T12:26:54.610Z
d37e11cd-fcf3-4366-b84d-afc7c6dd791e,up,"Academic Experience",admu,39,2026-06-12T14:15:29.772Z
d37e11cd-fcf3-4366-b84d-afc7c6dd791e,up,"Academic Experience",dlsu,54,2026-06-12T14:15:29.772Z
d37e11cd-fcf3-4366-b84d-afc7c6dd791e,up,"Academic Experience",up,42,2026-06-12T14:15:29.772Z
d37e11cd-fcf3-4366-b84d-afc7c6dd791e,up,"Academic Experience",ust,63,2026-06-12T14:15:29.772Z
d37e11cd-fcf3-4366-b84d-afc7c6dd791e,up,"Social & Cultural Fit",admu,44,2026-06-12T14:15:29.772Z
d37e11cd-fcf3-4366-b84d-afc7c6dd791e,up,"Social & Cultural Fit",dlsu,33,2026-06-12T14:15:29.772Z
d37e11cd-fcf3-4366-b84d-afc7c6dd791e,up,"Social & Cultural Fit",up,118,2026-06-12T14:15:29.772Z
d37e11cd-fcf3-4366-b84d-afc7c6dd791e,up,"Social & Cultural Fit",ust,84,2026-06-12T14:15:29.772Z
d37e11cd-fcf3-4366-b84d-afc7c6dd791e,up,"Campus Life",admu,89,2026-06-12T14:15:29.772Z
d37e11cd-fcf3-4366-b84d-afc7c6dd791e,up,"Campus Life",dlsu,46,2026-06-12T14:15:29.772Z
d37e11cd-fcf3-4366-b84d-afc7c6dd791e,up,"Campus Life",up,145,2026-06-12T14:15:29.772Z
d37e11cd-fcf3-4366-b84d-afc7c6dd791e,up,"Campus Life",ust,98,2026-06-12T14:15:29.772Z
d37e11cd-fcf3-4366-b84d-afc7c6dd791e,up,"Values & Identity",admu,84,2026-06-12T14:15:29.772Z
d37e11cd-fcf3-4366-b84d-afc7c6dd791e,up,"Values & Identity",dlsu,90,2026-06-12T14:15:29.772Z
d37e11cd-fcf3-4366-b84d-afc7c6dd791e,up,"Values & Identity",up,69,2026-06-12T14:15:29.772Z
d37e11cd-fcf3-4366-b84d-afc7c6dd791e,up,"Values & Identity",ust,47,2026-06-12T14:15:29.772Z
9fc01635-c24d-402b-ab84-6110f1ca5e21,dlsu,"Academic Experience",admu,67,2026-06-12T16:40:28.370Z
9fc01635-c24d-402b-ab84-6110f1ca5e21,dlsu,"Academic Experience",dlsu,113,2026-06-12T16:40:28.370Z
9fc01635-c24d-402b-ab84-6110f1ca5e21,dlsu,"Academic Experience",up,7,2026-06-12T16:40:28.370Z
9fc01635-c24d-402b-ab84-6110f1ca5e21,dlsu,"Academic Experience",ust,34,2026-06-12T16:40:28.370Z
9fc01635-c24d-402b-ab84-6110f1ca5e21,dlsu,"Social & Cultural Fit",admu,103,2026-06-12T16:40:28.370Z
9fc01635-c24d-402b-ab84-6110f1ca5e21,dlsu,"Social & Cultural Fit",dlsu,110,2026-06-12T16:40:28.370Z
9fc01635-c24d-402b-ab84-6110f1ca5e21,dlsu,"Social & Cultural Fit",up,25,2026-06-12T16:40:28.370Z
9fc01635-c24d-402b-ab84-6110f1ca5e21,dlsu,"Social & Cultural Fit",ust,50,2026-06-12T16:40:28.370Z
9fc01635-c24d-402b-ab84-6110f1ca5e21,dlsu,"Campus Life",admu,79,2026-06-12T16:40:28.370Z
9fc01635-c24d-402b-ab84-6110f1ca5e21,dlsu,"Campus Life",dlsu,169,2026-06-12T16:40:28.370Z
9fc01635-c24d-402b-ab84-6110f1ca5e21,dlsu,"Campus Life",up,55,2026-06-12T16:40:28.370Z
9fc01635-c24d-402b-ab84-6110f1ca5e21,dlsu,"Campus Life",ust,72,2026-06-12T16:40:28.370Z
9fc01635-c24d-402b-ab84-6110f1ca5e21,dlsu,"Values & Identity",admu,74,2026-06-12T16:40:28.370Z
9fc01635-c24d-402b-ab84-6110f1ca5e21,dlsu,"Values & Identity",dlsu,114,2026-06-12T16:40:28.370Z
9fc01635-c24d-402b-ab84-6110f1ca5e21,dlsu,"Values & Identity",up,47,2026-06-12T16:40:28.370Z
9fc01635-c24d-402b-ab84-6110f1ca5e21,dlsu,"Values & Identity",ust,39,2026-06-12T16:40:28.370Z
fa21cdbf-6cdc-487f-9119-54f24e1806ad,up,"Academic Experience",admu,48,2026-06-12T22:42:52.340Z
fa21cdbf-6cdc-487f-9119-54f24e1806ad,up,"Academic Experience",dlsu,36,2026-06-12T22:42:52.340Z
fa21cdbf-6cdc-487f-9119-54f24e1806ad,up,"Academic Experience",up,120,2026-06-12T22:42:52.340Z
fa21cdbf-6cdc-487f-9119-54f24e1806ad,up,"Academic Experience",ust,14,2026-06-12T22:42:52.340Z
fa21cdbf-6cdc-487f-9119-54f24e1806ad,up,"Social & Cultural Fit",admu,44,2026-06-12T22:42:52.340Z
fa21cdbf-6cdc-487f-9119-54f24e1806ad,up,"Social & Cultural Fit",dlsu,25,2026-06-12T22:42:52.340Z
fa21cdbf-6cdc-487f-9119-54f24e1806ad,up,"Social & Cultural Fit",up,116,2026-06-12T22:42:52.340Z
fa21cdbf-6cdc-487f-9119-54f24e1806ad,up,"Social & Cultural Fit",ust,68,2026-06-12T22:42:52.340Z
fa21cdbf-6cdc-487f-9119-54f24e1806ad,up,"Campus Life",admu,72,2026-06-12T22:42:52.340Z
fa21cdbf-6cdc-487f-9119-54f24e1806ad,up,"Campus Life",dlsu,41,2026-06-12T22:42:52.340Z
fa21cdbf-6cdc-487f-9119-54f24e1806ad,up,"Campus Life",up,142,2026-06-12T22:42:52.340Z
fa21cdbf-6cdc-487f-9119-54f24e1806ad,up,"Campus Life",ust,87,2026-06-12T22:42:52.340Z
fa21cdbf-6cdc-487f-9119-54f24e1806ad,up,"Values & Identity",admu,64,2026-06-12T22:42:52.340Z
fa21cdbf-6cdc-487f-9119-54f24e1806ad,up,"Values & Identity",dlsu,46,2026-06-12T22:42:52.340Z
fa21cdbf-6cdc-487f-9119-54f24e1806ad,up,"Values & Identity",up,94,2026-06-12T22:42:52.340Z
fa21cdbf-6cdc-487f-9119-54f24e1806ad,up,"Values & Identity",ust,42,2026-06-12T22:42:52.340Z
dff93ffc-b261-406a-8e5b-28c2a901e717,admu,"Academic Experience",admu,113,2026-06-12T23:55:42.175Z
dff93ffc-b261-406a-8e5b-28c2a901e717,admu,"Academic Experience",dlsu,43,2026-06-12T23:55:42.175Z
dff93ffc-b261-406a-8e5b-28c2a901e717,admu,"Academic Experience",up,37,2026-06-12T23:55:42.175Z
dff93ffc-b261-406a-8e5b-28c2a901e717,admu,"Academic Experience",ust,34,2026-06-12T23:55:42.175Z
dff93ffc-b261-406a-8e5b-28c2a901e717,admu,"Social & Cultural Fit",admu,97,2026-06-12T23:55:42.175Z
dff93ffc-b261-406a-8e5b-28c2a901e717,admu,"Social & Cultural Fit",dlsu,83,2026-06-12T23:55:42.175Z
dff93ffc-b261-406a-8e5b-28c2a901e717,admu,"Social & Cultural Fit",up,48,2026-06-12T23:55:42.175Z
dff93ffc-b261-406a-8e5b-28c2a901e717,admu,"Social & Cultural Fit",ust,59,2026-06-12T23:55:42.175Z
dff93ffc-b261-406a-8e5b-28c2a901e717,admu,"Campus Life",admu,138,2026-06-12T23:55:42.175Z
dff93ffc-b261-406a-8e5b-28c2a901e717,admu,"Campus Life",dlsu,104,2026-06-12T23:55:42.175Z
dff93ffc-b261-406a-8e5b-28c2a901e717,admu,"Campus Life",up,81,2026-06-12T23:55:42.175Z
dff93ffc-b261-406a-8e5b-28c2a901e717,admu,"Campus Life",ust,61,2026-06-12T23:55:42.175Z
dff93ffc-b261-406a-8e5b-28c2a901e717,admu,"Values & Identity",admu,97,2026-06-12T23:55:42.175Z
dff93ffc-b261-406a-8e5b-28c2a901e717,admu,"Values & Identity",dlsu,66,2026-06-12T23:55:42.175Z
dff93ffc-b261-406a-8e5b-28c2a901e717,admu,"Values & Identity",up,54,2026-06-12T23:55:42.175Z
dff93ffc-b261-406a-8e5b-28c2a901e717,admu,"Values & Identity",ust,56,2026-06-12T23:55:42.175Z
ebfcd143-4475-409a-83ef-ba6eceef5097,admu,"Academic Experience",admu,77,2026-06-13T11:14:48.130Z
ebfcd143-4475-409a-83ef-ba6eceef5097,admu,"Academic Experience",dlsu,41,2026-06-13T11:14:48.130Z
ebfcd143-4475-409a-83ef-ba6eceef5097,admu,"Academic Experience",up,38,2026-06-13T11:14:48.130Z
ebfcd143-4475-409a-83ef-ba6eceef5097,admu,"Academic Experience",ust,54,2026-06-13T11:14:48.130Z
ebfcd143-4475-409a-83ef-ba6eceef5097,admu,"Social & Cultural Fit",admu,99,2026-06-13T11:14:48.130Z
ebfcd143-4475-409a-83ef-ba6eceef5097,admu,"Social & Cultural Fit",dlsu,91,2026-06-13T11:14:48.130Z
ebfcd143-4475-409a-83ef-ba6eceef5097,admu,"Social & Cultural Fit",up,40,2026-06-13T11:14:48.130Z
ebfcd143-4475-409a-83ef-ba6eceef5097,admu,"Social & Cultural Fit",ust,65,2026-06-13T11:14:48.130Z
ebfcd143-4475-409a-83ef-ba6eceef5097,admu,"Campus Life",admu,117,2026-06-13T11:14:48.130Z
ebfcd143-4475-409a-83ef-ba6eceef5097,admu,"Campus Life",dlsu,89,2026-06-13T11:14:48.130Z
ebfcd143-4475-409a-83ef-ba6eceef5097,admu,"Campus Life",up,97,2026-06-13T11:14:48.130Z
ebfcd143-4475-409a-83ef-ba6eceef5097,admu,"Campus Life",ust,72,2026-06-13T11:14:48.130Z
ebfcd143-4475-409a-83ef-ba6eceef5097,admu,"Values & Identity",admu,65,2026-06-13T11:14:48.130Z
ebfcd143-4475-409a-83ef-ba6eceef5097,admu,"Values & Identity",dlsu,73,2026-06-13T11:14:48.130Z
ebfcd143-4475-409a-83ef-ba6eceef5097,admu,"Values & Identity",up,78,2026-06-13T11:14:48.130Z
ebfcd143-4475-409a-83ef-ba6eceef5097,admu,"Values & Identity",ust,73,2026-06-13T11:14:48.130Z
2c1e6615-d1f9-4b0e-8a37-387138830afb,ust,"Academic Experience",admu,40,2026-06-13T12:26:12.190Z
2c1e6615-d1f9-4b0e-8a37-387138830afb,ust,"Academic Experience",dlsu,18,2026-06-13T12:26:12.190Z
2c1e6615-d1f9-4b0e-8a37-387138830afb,ust,"Academic Experience",up,50,2026-06-13T12:26:12.190Z
2c1e6615-d1f9-4b0e-8a37-387138830afb,ust,"Academic Experience",ust,85,2026-06-13T12:26:12.190Z
2c1e6615-d1f9-4b0e-8a37-387138830afb,ust,"Social & Cultural Fit",admu,31,2026-06-13T12:26:12.190Z
2c1e6615-d1f9-4b0e-8a37-387138830afb,ust,"Social & Cultural Fit",dlsu,32,2026-06-13T12:26:12.190Z
2c1e6615-d1f9-4b0e-8a37-387138830afb,ust,"Social & Cultural Fit",up,75,2026-06-13T12:26:12.190Z
2c1e6615-d1f9-4b0e-8a37-387138830afb,ust,"Social & Cultural Fit",ust,103,2026-06-13T12:26:12.190Z
2c1e6615-d1f9-4b0e-8a37-387138830afb,ust,"Campus Life",admu,70,2026-06-13T12:26:12.190Z
2c1e6615-d1f9-4b0e-8a37-387138830afb,ust,"Campus Life",dlsu,40,2026-06-13T12:26:12.190Z
2c1e6615-d1f9-4b0e-8a37-387138830afb,ust,"Campus Life",up,119,2026-06-13T12:26:12.190Z
2c1e6615-d1f9-4b0e-8a37-387138830afb,ust,"Campus Life",ust,148,2026-06-13T12:26:12.190Z
2c1e6615-d1f9-4b0e-8a37-387138830afb,ust,"Values & Identity",admu,57,2026-06-13T12:26:12.190Z
2c1e6615-d1f9-4b0e-8a37-387138830afb,ust,"Values & Identity",dlsu,50,2026-06-13T12:26:12.190Z
2c1e6615-d1f9-4b0e-8a37-387138830afb,ust,"Values & Identity",up,66,2026-06-13T12:26:12.190Z
2c1e6615-d1f9-4b0e-8a37-387138830afb,ust,"Values & Identity",ust,67,2026-06-13T12:26:12.190Z
eb50d94c-6640-44f0-ac2e-822875c2f0c3,up,"Academic Experience",admu,42,2026-06-13T22:07:54.461Z
eb50d94c-6640-44f0-ac2e-822875c2f0c3,up,"Academic Experience",dlsu,18,2026-06-13T22:07:54.461Z
eb50d94c-6640-44f0-ac2e-822875c2f0c3,up,"Academic Experience",up,140,2026-06-13T22:07:54.461Z
eb50d94c-6640-44f0-ac2e-822875c2f0c3,up,"Academic Experience",ust,16,2026-06-13T22:07:54.461Z
eb50d94c-6640-44f0-ac2e-822875c2f0c3,up,"Social & Cultural Fit",admu,56,2026-06-13T22:07:54.461Z
eb50d94c-6640-44f0-ac2e-822875c2f0c3,up,"Social & Cultural Fit",dlsu,40,2026-06-13T22:07:54.461Z
eb50d94c-6640-44f0-ac2e-822875c2f0c3,up,"Social & Cultural Fit",up,114,2026-06-13T22:07:54.461Z
eb50d94c-6640-44f0-ac2e-822875c2f0c3,up,"Social & Cultural Fit",ust,96,2026-06-13T22:07:54.461Z
eb50d94c-6640-44f0-ac2e-822875c2f0c3,up,"Campus Life",admu,82,2026-06-13T22:07:54.461Z
eb50d94c-6640-44f0-ac2e-822875c2f0c3,up,"Campus Life",dlsu,67,2026-06-13T22:07:54.461Z
eb50d94c-6640-44f0-ac2e-822875c2f0c3,up,"Campus Life",up,131,2026-06-13T22:07:54.461Z
eb50d94c-6640-44f0-ac2e-822875c2f0c3,up,"Campus Life",ust,82,2026-06-13T22:07:54.461Z
eb50d94c-6640-44f0-ac2e-822875c2f0c3,up,"Values & Identity",admu,68,2026-06-13T22:07:54.461Z
eb50d94c-6640-44f0-ac2e-822875c2f0c3,up,"Values & Identity",dlsu,39,2026-06-13T22:07:54.461Z
eb50d94c-6640-44f0-ac2e-822875c2f0c3,up,"Values & Identity",up,124,2026-06-13T22:07:54.461Z
eb50d94c-6640-44f0-ac2e-822875c2f0c3,up,"Values & Identity",ust,38,2026-06-13T22:07:54.461Z
8636d8dc-1b82-410b-b800-6785cb423254,dlsu,"Academic Experience",admu,47,2026-06-14T01:59:46.519Z
8636d8dc-1b82-410b-b800-6785cb423254,dlsu,"Academic Experience",dlsu,88,2026-06-14T01:59:46.519Z
8636d8dc-1b82-410b-b800-6785cb423254,dlsu,"Academic Experience",up,32,2026-06-14T01:59:46.519Z
8636d8dc-1b82-410b-b800-6785cb423254,dlsu,"Academic Experience",ust,23,2026-06-14T01:59:46.519Z
8636d8dc-1b82-410b-b800-6785cb423254,dlsu,"Social & Cultural Fit",admu,103,2026-06-14T01:59:46.519Z
8636d8dc-1b82-410b-b800-6785cb423254,dlsu,"Social & Cultural Fit",dlsu,105,2026-06-14T01:59:46.519Z
8636d8dc-1b82-410b-b800-6785cb423254,dlsu,"Social & Cultural Fit",up,33,2026-06-14T01:59:46.519Z
8636d8dc-1b82-410b-b800-6785cb423254,dlsu,"Social & Cultural Fit",ust,55,2026-06-14T01:59:46.519Z
8636d8dc-1b82-410b-b800-6785cb423254,dlsu,"Campus Life",admu,97,2026-06-14T01:59:46.519Z
8636d8dc-1b82-410b-b800-6785cb423254,dlsu,"Campus Life",dlsu,92,2026-06-14T01:59:46.519Z
8636d8dc-1b82-410b-b800-6785cb423254,dlsu,"Campus Life",up,80,2026-06-14T01:59:46.519Z
8636d8dc-1b82-410b-b800-6785cb423254,dlsu,"Campus Life",ust,103,2026-06-14T01:59:46.519Z
8636d8dc-1b82-410b-b800-6785cb423254,dlsu,"Values & Identity",admu,55,2026-06-14T01:59:46.519Z
8636d8dc-1b82-410b-b800-6785cb423254,dlsu,"Values & Identity",dlsu,88,2026-06-14T01:59:46.519Z
8636d8dc-1b82-410b-b800-6785cb423254,dlsu,"Values & Identity",up,50,2026-06-14T01:59:46.519Z
8636d8dc-1b82-410b-b800-6785cb423254,dlsu,"Values & Identity",ust,48,2026-06-14T01:59:46.519Z
07d236be-8747-4c0b-8821-175c78c4c4fa,dlsu,"Academic Experience",admu,53,2026-06-14T02:58:29.651Z
07d236be-8747-4c0b-8821-175c78c4c4fa,dlsu,"Academic Experience",dlsu,124,2026-06-14T02:58:29.651Z
07d236be-8747-4c0b-8821-175c78c4c4fa,dlsu,"Academic Experience",up,6,2026-06-14T02:58:29.651Z
07d236be-8747-4c0b-8821-175c78c4c4fa,dlsu,"Academic Experience",ust,31,2026-06-14T02:58:29.651Z
07d236be-8747-4c0b-8821-175c78c4c4fa,dlsu,"Social & Cultural Fit",admu,96,2026-06-14T02:58:29.651Z
07d236be-8747-4c0b-8821-175c78c4c4fa,dlsu,"Social & Cultural Fit",dlsu,105,2026-06-14T02:58:29.651Z
07d236be-8747-4c0b-8821-175c78c4c4fa,dlsu,"Social & Cultural Fit",up,22,2026-06-14T02:58:29.651Z
07d236be-8747-4c0b-8821-175c78c4c4fa,dlsu,"Social & Cultural Fit",ust,63,2026-06-14T02:58:29.651Z
07d236be-8747-4c0b-8821-175c78c4c4fa,dlsu,"Campus Life",admu,79,2026-06-14T02:58:29.651Z
07d236be-8747-4c0b-8821-175c78c4c4fa,dlsu,"Campus Life",dlsu,169,2026-06-14T02:58:29.651Z
07d236be-8747-4c0b-8821-175c78c4c4fa,dlsu,"Campus Life",up,55,2026-06-14T02:58:29.651Z
07d236be-8747-4c0b-8821-175c78c4c4fa,dlsu,"Campus Life",ust,72,2026-06-14T02:58:29.651Z
07d236be-8747-4c0b-8821-175c78c4c4fa,dlsu,"Values & Identity",admu,66,2026-06-14T02:58:29.651Z
07d236be-8747-4c0b-8821-175c78c4c4fa,dlsu,"Values & Identity",dlsu,116,2026-06-14T02:58:29.651Z
07d236be-8747-4c0b-8821-175c78c4c4fa,dlsu,"Values & Identity",up,39,2026-06-14T02:58:29.651Z
07d236be-8747-4c0b-8821-175c78c4c4fa,dlsu,"Values & Identity",ust,49,2026-06-14T02:58:29.651Z
7ee16cfa-e529-45f9-b581-0cdb8826edad,up,"Academic Experience",admu,48,2026-06-14T03:45:20.098Z
7ee16cfa-e529-45f9-b581-0cdb8826edad,up,"Academic Experience",dlsu,36,2026-06-14T03:45:20.098Z
7ee16cfa-e529-45f9-b581-0cdb8826edad,up,"Academic Experience",up,120,2026-06-14T03:45:20.098Z
7ee16cfa-e529-45f9-b581-0cdb8826edad,up,"Academic Experience",ust,14,2026-06-14T03:45:20.098Z
7ee16cfa-e529-45f9-b581-0cdb8826edad,up,"Social & Cultural Fit",admu,41,2026-06-14T03:45:20.098Z
7ee16cfa-e529-45f9-b581-0cdb8826edad,up,"Social & Cultural Fit",dlsu,32,2026-06-14T03:45:20.098Z
7ee16cfa-e529-45f9-b581-0cdb8826edad,up,"Social & Cultural Fit",up,136,2026-06-14T03:45:20.098Z
7ee16cfa-e529-45f9-b581-0cdb8826edad,up,"Social & Cultural Fit",ust,91,2026-06-14T03:45:20.098Z
7ee16cfa-e529-45f9-b581-0cdb8826edad,up,"Campus Life",admu,80,2026-06-14T03:45:20.098Z
7ee16cfa-e529-45f9-b581-0cdb8826edad,up,"Campus Life",dlsu,73,2026-06-14T03:45:20.098Z
7ee16cfa-e529-45f9-b581-0cdb8826edad,up,"Campus Life",up,140,2026-06-14T03:45:20.098Z
7ee16cfa-e529-45f9-b581-0cdb8826edad,up,"Campus Life",ust,64,2026-06-14T03:45:20.098Z
7ee16cfa-e529-45f9-b581-0cdb8826edad,up,"Values & Identity",admu,59,2026-06-14T03:45:20.098Z
7ee16cfa-e529-45f9-b581-0cdb8826edad,up,"Values & Identity",dlsu,57,2026-06-14T03:45:20.098Z
7ee16cfa-e529-45f9-b581-0cdb8826edad,up,"Values & Identity",up,105,2026-06-14T03:45:20.098Z
7ee16cfa-e529-45f9-b581-0cdb8826edad,up,"Values & Identity",ust,39,2026-06-14T03:45:20.098Z
30d20df8-efc6-497d-976b-48cb469f368a,admu,"Academic Experience",admu,99,2026-06-14T04:51:37.082Z
30d20df8-efc6-497d-976b-48cb469f368a,admu,"Academic Experience",dlsu,61,2026-06-14T04:51:37.082Z
30d20df8-efc6-497d-976b-48cb469f368a,admu,"Academic Experience",up,35,2026-06-14T04:51:37.082Z
30d20df8-efc6-497d-976b-48cb469f368a,admu,"Academic Experience",ust,37,2026-06-14T04:51:37.082Z
30d20df8-efc6-497d-976b-48cb469f368a,admu,"Social & Cultural Fit",admu,120,2026-06-14T04:51:37.082Z
30d20df8-efc6-497d-976b-48cb469f368a,admu,"Social & Cultural Fit",dlsu,115,2026-06-14T04:51:37.082Z
30d20df8-efc6-497d-976b-48cb469f368a,admu,"Social & Cultural Fit",up,14,2026-06-14T04:51:37.082Z
30d20df8-efc6-497d-976b-48cb469f368a,admu,"Social & Cultural Fit",ust,38,2026-06-14T04:51:37.082Z
30d20df8-efc6-497d-976b-48cb469f368a,admu,"Campus Life",admu,130,2026-06-14T04:51:37.082Z
30d20df8-efc6-497d-976b-48cb469f368a,admu,"Campus Life",dlsu,101,2026-06-14T04:51:37.082Z
30d20df8-efc6-497d-976b-48cb469f368a,admu,"Campus Life",up,66,2026-06-14T04:51:37.082Z
30d20df8-efc6-497d-976b-48cb469f368a,admu,"Campus Life",ust,73,2026-06-14T04:51:37.082Z
30d20df8-efc6-497d-976b-48cb469f368a,admu,"Values & Identity",admu,129,2026-06-14T04:51:37.082Z
30d20df8-efc6-497d-976b-48cb469f368a,admu,"Values & Identity",dlsu,56,2026-06-14T04:51:37.082Z
30d20df8-efc6-497d-976b-48cb469f368a,admu,"Values & Identity",up,60,2026-06-14T04:51:37.082Z
30d20df8-efc6-497d-976b-48cb469f368a,admu,"Values & Identity",ust,28,2026-06-14T04:51:37.082Z
d97c41d7-cfa1-482e-bb9b-add88681af2e,up,"Academic Experience",admu,36,2026-06-14T07:15:38.790Z
d97c41d7-cfa1-482e-bb9b-add88681af2e,up,"Academic Experience",dlsu,15,2026-06-14T07:15:38.790Z
d97c41d7-cfa1-482e-bb9b-add88681af2e,up,"Academic Experience",up,120,2026-06-14T07:15:38.790Z
d97c41d7-cfa1-482e-bb9b-add88681af2e,up,"Academic Experience",ust,36,2026-06-14T07:15:38.790Z
d97c41d7-cfa1-482e-bb9b-add88681af2e,up,"Social & Cultural Fit",admu,54,2026-06-14T07:15:38.790Z
d97c41d7-cfa1-482e-bb9b-add88681af2e,up,"Social & Cultural Fit",dlsu,55,2026-06-14T07:15:38.790Z
d97c41d7-cfa1-482e-bb9b-add88681af2e,up,"Social & Cultural Fit",up,107,2026-06-14T07:15:38.790Z
d97c41d7-cfa1-482e-bb9b-add88681af2e,up,"Social & Cultural Fit",ust,98,2026-06-14T07:15:38.790Z
d97c41d7-cfa1-482e-bb9b-add88681af2e,up,"Campus Life",admu,90,2026-06-14T07:15:38.790Z
d97c41d7-cfa1-482e-bb9b-add88681af2e,up,"Campus Life",dlsu,74,2026-06-14T07:15:38.790Z
d97c41d7-cfa1-482e-bb9b-add88681af2e,up,"Campus Life",up,132,2026-06-14T07:15:38.790Z
d97c41d7-cfa1-482e-bb9b-add88681af2e,up,"Campus Life",ust,65,2026-06-14T07:15:38.790Z
d97c41d7-cfa1-482e-bb9b-add88681af2e,up,"Values & Identity",admu,59,2026-06-14T07:15:38.790Z
d97c41d7-cfa1-482e-bb9b-add88681af2e,up,"Values & Identity",dlsu,38,2026-06-14T07:15:38.790Z
d97c41d7-cfa1-482e-bb9b-add88681af2e,up,"Values & Identity",up,136,2026-06-14T07:15:38.790Z
d97c41d7-cfa1-482e-bb9b-add88681af2e,up,"Values & Identity",ust,32,2026-06-14T07:15:38.790Z
d4b88972-587c-4d3d-bbbb-d9c046da596a,admu,"Academic Experience",admu,104,2026-06-14T11:06:54.259Z
d4b88972-587c-4d3d-bbbb-d9c046da596a,admu,"Academic Experience",dlsu,38,2026-06-14T11:06:54.259Z
d4b88972-587c-4d3d-bbbb-d9c046da596a,admu,"Academic Experience",up,51,2026-06-14T11:06:54.259Z
d4b88972-587c-4d3d-bbbb-d9c046da596a,admu,"Academic Experience",ust,28,2026-06-14T11:06:54.259Z
d4b88972-587c-4d3d-bbbb-d9c046da596a,admu,"Social & Cultural Fit",admu,94,2026-06-14T11:06:54.259Z
d4b88972-587c-4d3d-bbbb-d9c046da596a,admu,"Social & Cultural Fit",dlsu,89,2026-06-14T11:06:54.259Z
d4b88972-587c-4d3d-bbbb-d9c046da596a,admu,"Social & Cultural Fit",up,37,2026-06-14T11:06:54.259Z
d4b88972-587c-4d3d-bbbb-d9c046da596a,admu,"Social & Cultural Fit",ust,49,2026-06-14T11:06:54.259Z
d4b88972-587c-4d3d-bbbb-d9c046da596a,admu,"Campus Life",admu,128,2026-06-14T11:06:54.259Z
d4b88972-587c-4d3d-bbbb-d9c046da596a,admu,"Campus Life",dlsu,102,2026-06-14T11:06:54.259Z
d4b88972-587c-4d3d-bbbb-d9c046da596a,admu,"Campus Life",up,77,2026-06-14T11:06:54.259Z
d4b88972-587c-4d3d-bbbb-d9c046da596a,admu,"Campus Life",ust,59,2026-06-14T11:06:54.259Z
d4b88972-587c-4d3d-bbbb-d9c046da596a,admu,"Values & Identity",admu,74,2026-06-14T11:06:54.259Z
d4b88972-587c-4d3d-bbbb-d9c046da596a,admu,"Values & Identity",dlsu,48,2026-06-14T11:06:54.259Z
d4b88972-587c-4d3d-bbbb-d9c046da596a,admu,"Values & Identity",up,70,2026-06-14T11:06:54.259Z
d4b88972-587c-4d3d-bbbb-d9c046da596a,admu,"Values & Identity",ust,60,2026-06-14T11:06:54.259Z
cd95c006-5c9b-486c-ae17-50e809a98277,admu,"Academic Experience",admu,113,2026-06-14T23:57:55.909Z
cd95c006-5c9b-486c-ae17-50e809a98277,admu,"Academic Experience",dlsu,43,2026-06-14T23:57:55.909Z
cd95c006-5c9b-486c-ae17-50e809a98277,admu,"Academic Experience",up,37,2026-06-14T23:57:55.909Z
cd95c006-5c9b-486c-ae17-50e809a98277,admu,"Academic Experience",ust,34,2026-06-14T23:57:55.909Z
cd95c006-5c9b-486c-ae17-50e809a98277,admu,"Social & Cultural Fit",admu,120,2026-06-14T23:57:55.909Z
cd95c006-5c9b-486c-ae17-50e809a98277,admu,"Social & Cultural Fit",dlsu,115,2026-06-14T23:57:55.909Z
cd95c006-5c9b-486c-ae17-50e809a98277,admu,"Social & Cultural Fit",up,14,2026-06-14T23:57:55.909Z
cd95c006-5c9b-486c-ae17-50e809a98277,admu,"Social & Cultural Fit",ust,38,2026-06-14T23:57:55.909Z
cd95c006-5c9b-486c-ae17-50e809a98277,admu,"Campus Life",admu,121,2026-06-14T23:57:55.909Z
cd95c006-5c9b-486c-ae17-50e809a98277,admu,"Campus Life",dlsu,99,2026-06-14T23:57:55.909Z
cd95c006-5c9b-486c-ae17-50e809a98277,admu,"Campus Life",up,85,2026-06-14T23:57:55.909Z
cd95c006-5c9b-486c-ae17-50e809a98277,admu,"Campus Life",ust,58,2026-06-14T23:57:55.909Z
cd95c006-5c9b-486c-ae17-50e809a98277,admu,"Values & Identity",admu,120,2026-06-14T23:57:55.909Z
cd95c006-5c9b-486c-ae17-50e809a98277,admu,"Values & Identity",dlsu,55,2026-06-14T23:57:55.909Z
cd95c006-5c9b-486c-ae17-50e809a98277,admu,"Values & Identity",up,72,2026-06-14T23:57:55.909Z
cd95c006-5c9b-486c-ae17-50e809a98277,admu,"Values & Identity",ust,22,2026-06-14T23:57:55.909Z
94a2c792-9447-464a-a1fe-5627060ae2eb,up,"Academic Experience",admu,22,2026-06-15T02:05:53.190Z
94a2c792-9447-464a-a1fe-5627060ae2eb,up,"Academic Experience",dlsu,49,2026-06-15T02:05:53.190Z
94a2c792-9447-464a-a1fe-5627060ae2eb,up,"Academic Experience",up,84,2026-06-15T02:05:53.190Z
94a2c792-9447-464a-a1fe-5627060ae2eb,up,"Academic Experience",ust,44,2026-06-15T02:05:53.190Z
94a2c792-9447-464a-a1fe-5627060ae2eb,up,"Social & Cultural Fit",admu,45,2026-06-15T02:05:53.190Z
94a2c792-9447-464a-a1fe-5627060ae2eb,up,"Social & Cultural Fit",dlsu,48,2026-06-15T02:05:53.190Z
94a2c792-9447-464a-a1fe-5627060ae2eb,up,"Social & Cultural Fit",up,116,2026-06-15T02:05:53.190Z
94a2c792-9447-464a-a1fe-5627060ae2eb,up,"Social & Cultural Fit",ust,77,2026-06-15T02:05:53.190Z
94a2c792-9447-464a-a1fe-5627060ae2eb,up,"Campus Life",admu,102,2026-06-15T02:05:53.190Z
94a2c792-9447-464a-a1fe-5627060ae2eb,up,"Campus Life",dlsu,76,2026-06-15T02:05:53.190Z
94a2c792-9447-464a-a1fe-5627060ae2eb,up,"Campus Life",up,130,2026-06-15T02:05:53.190Z
94a2c792-9447-464a-a1fe-5627060ae2eb,up,"Campus Life",ust,71,2026-06-15T02:05:53.190Z
94a2c792-9447-464a-a1fe-5627060ae2eb,up,"Values & Identity",admu,48,2026-06-15T02:05:53.190Z
94a2c792-9447-464a-a1fe-5627060ae2eb,up,"Values & Identity",dlsu,41,2026-06-15T02:05:53.190Z
94a2c792-9447-464a-a1fe-5627060ae2eb,up,"Values & Identity",up,121,2026-06-15T02:05:53.190Z
94a2c792-9447-464a-a1fe-5627060ae2eb,up,"Values & Identity",ust,57,2026-06-15T02:05:53.190Z
95cb388e-630b-4a3a-8d58-3ab6d3aed80e,ust,"Academic Experience",admu,38,2026-06-15T03:16:30.068Z
95cb388e-630b-4a3a-8d58-3ab6d3aed80e,ust,"Academic Experience",dlsu,26,2026-06-15T03:16:30.068Z
95cb388e-630b-4a3a-8d58-3ab6d3aed80e,ust,"Academic Experience",up,35,2026-06-15T03:16:30.068Z
95cb388e-630b-4a3a-8d58-3ab6d3aed80e,ust,"Academic Experience",ust,88,2026-06-15T03:16:30.068Z
95cb388e-630b-4a3a-8d58-3ab6d3aed80e,ust,"Social & Cultural Fit",admu,75,2026-06-15T03:16:30.068Z
95cb388e-630b-4a3a-8d58-3ab6d3aed80e,ust,"Social & Cultural Fit",dlsu,61,2026-06-15T03:16:30.068Z
95cb388e-630b-4a3a-8d58-3ab6d3aed80e,ust,"Social & Cultural Fit",up,82,2026-06-15T03:16:30.068Z
95cb388e-630b-4a3a-8d58-3ab6d3aed80e,ust,"Social & Cultural Fit",ust,75,2026-06-15T03:16:30.068Z
95cb388e-630b-4a3a-8d58-3ab6d3aed80e,ust,"Campus Life",admu,49,2026-06-15T03:16:30.068Z
95cb388e-630b-4a3a-8d58-3ab6d3aed80e,ust,"Campus Life",dlsu,69,2026-06-15T03:16:30.068Z
95cb388e-630b-4a3a-8d58-3ab6d3aed80e,ust,"Campus Life",up,118,2026-06-15T03:16:30.068Z
95cb388e-630b-4a3a-8d58-3ab6d3aed80e,ust,"Campus Life",ust,138,2026-06-15T03:16:30.068Z
95cb388e-630b-4a3a-8d58-3ab6d3aed80e,ust,"Values & Identity",admu,40,2026-06-15T03:16:30.068Z
95cb388e-630b-4a3a-8d58-3ab6d3aed80e,ust,"Values & Identity",dlsu,52,2026-06-15T03:16:30.068Z
95cb388e-630b-4a3a-8d58-3ab6d3aed80e,ust,"Values & Identity",up,64,2026-06-15T03:16:30.068Z
95cb388e-630b-4a3a-8d58-3ab6d3aed80e,ust,"Values & Identity",ust,108,2026-06-15T03:16:30.068Z
0d3e6384-9aec-4f3f-b6bd-dbe9c1de673a,up,"Academic Experience",admu,60,2026-06-15T11:39:23.587Z
0d3e6384-9aec-4f3f-b6bd-dbe9c1de673a,up,"Academic Experience",dlsu,51,2026-06-15T11:39:23.587Z
0d3e6384-9aec-4f3f-b6bd-dbe9c1de673a,up,"Academic Experience",up,81,2026-06-15T11:39:23.587Z
0d3e6384-9aec-4f3f-b6bd-dbe9c1de673a,up,"Academic Experience",ust,24,2026-06-15T11:39:23.587Z
0d3e6384-9aec-4f3f-b6bd-dbe9c1de673a,up,"Social & Cultural Fit",admu,37,2026-06-15T11:39:23.587Z
0d3e6384-9aec-4f3f-b6bd-dbe9c1de673a,up,"Social & Cultural Fit",dlsu,34,2026-06-15T11:39:23.587Z
0d3e6384-9aec-4f3f-b6bd-dbe9c1de673a,up,"Social & Cultural Fit",up,120,2026-06-15T11:39:23.587Z
0d3e6384-9aec-4f3f-b6bd-dbe9c1de673a,up,"Social & Cultural Fit",ust,103,2026-06-15T11:39:23.587Z
0d3e6384-9aec-4f3f-b6bd-dbe9c1de673a,up,"Campus Life",admu,79,2026-06-15T11:39:23.587Z
0d3e6384-9aec-4f3f-b6bd-dbe9c1de673a,up,"Campus Life",dlsu,42,2026-06-15T11:39:23.587Z
0d3e6384-9aec-4f3f-b6bd-dbe9c1de673a,up,"Campus Life",up,132,2026-06-15T11:39:23.587Z
0d3e6384-9aec-4f3f-b6bd-dbe9c1de673a,up,"Campus Life",ust,79,2026-06-15T11:39:23.587Z
0d3e6384-9aec-4f3f-b6bd-dbe9c1de673a,up,"Values & Identity",admu,51,2026-06-15T11:39:23.587Z
0d3e6384-9aec-4f3f-b6bd-dbe9c1de673a,up,"Values & Identity",dlsu,40,2026-06-15T11:39:23.587Z
0d3e6384-9aec-4f3f-b6bd-dbe9c1de673a,up,"Values & Identity",up,132,2026-06-15T11:39:23.587Z
0d3e6384-9aec-4f3f-b6bd-dbe9c1de673a,up,"Values & Identity",ust,48,2026-06-15T11:39:23.587Z
b2c39510-0881-4d4a-8ef2-f0cf4e58c94b,admu,"Academic Experience",admu,113,2026-06-16T01:50:05.833Z
b2c39510-0881-4d4a-8ef2-f0cf4e58c94b,admu,"Academic Experience",dlsu,43,2026-06-16T01:50:05.833Z
b2c39510-0881-4d4a-8ef2-f0cf4e58c94b,admu,"Academic Experience",up,37,2026-06-16T01:50:05.833Z
b2c39510-0881-4d4a-8ef2-f0cf4e58c94b,admu,"Academic Experience",ust,34,2026-06-16T01:50:05.833Z
b2c39510-0881-4d4a-8ef2-f0cf4e58c94b,admu,"Social & Cultural Fit",admu,108,2026-06-16T01:50:05.833Z
b2c39510-0881-4d4a-8ef2-f0cf4e58c94b,admu,"Social & Cultural Fit",dlsu,111,2026-06-16T01:50:05.833Z
b2c39510-0881-4d4a-8ef2-f0cf4e58c94b,admu,"Social & Cultural Fit",up,28,2026-06-16T01:50:05.833Z
b2c39510-0881-4d4a-8ef2-f0cf4e58c94b,admu,"Social & Cultural Fit",ust,50,2026-06-16T01:50:05.833Z
b2c39510-0881-4d4a-8ef2-f0cf4e58c94b,admu,"Campus Life",admu,111,2026-06-16T01:50:05.833Z
b2c39510-0881-4d4a-8ef2-f0cf4e58c94b,admu,"Campus Life",dlsu,91,2026-06-16T01:50:05.833Z
b2c39510-0881-4d4a-8ef2-f0cf4e58c94b,admu,"Campus Life",up,89,2026-06-16T01:50:05.833Z
b2c39510-0881-4d4a-8ef2-f0cf4e58c94b,admu,"Campus Life",ust,84,2026-06-16T01:50:05.833Z
b2c39510-0881-4d4a-8ef2-f0cf4e58c94b,admu,"Values & Identity",admu,109,2026-06-16T01:50:05.833Z
b2c39510-0881-4d4a-8ef2-f0cf4e58c94b,admu,"Values & Identity",dlsu,50,2026-06-16T01:50:05.833Z
b2c39510-0881-4d4a-8ef2-f0cf4e58c94b,admu,"Values & Identity",up,78,2026-06-16T01:50:05.833Z
b2c39510-0881-4d4a-8ef2-f0cf4e58c94b,admu,"Values & Identity",ust,24,2026-06-16T01:50:05.833Z
be27f4d3-fe25-485f-beaa-ad9215a4bfdd,dlsu,"Academic Experience",admu,48,2026-06-16T02:28:54.049Z
be27f4d3-fe25-485f-beaa-ad9215a4bfdd,dlsu,"Academic Experience",dlsu,117,2026-06-16T02:28:54.049Z
be27f4d3-fe25-485f-beaa-ad9215a4bfdd,dlsu,"Academic Experience",up,7,2026-06-16T02:28:54.049Z
be27f4d3-fe25-485f-beaa-ad9215a4bfdd,dlsu,"Academic Experience",ust,33,2026-06-16T02:28:54.049Z
be27f4d3-fe25-485f-beaa-ad9215a4bfdd,dlsu,"Social & Cultural Fit",admu,101,2026-06-16T02:28:54.049Z
be27f4d3-fe25-485f-beaa-ad9215a4bfdd,dlsu,"Social & Cultural Fit",dlsu,98,2026-06-16T02:28:54.049Z
be27f4d3-fe25-485f-beaa-ad9215a4bfdd,dlsu,"Social & Cultural Fit",up,51,2026-06-16T02:28:54.049Z
be27f4d3-fe25-485f-beaa-ad9215a4bfdd,dlsu,"Social & Cultural Fit",ust,43,2026-06-16T02:28:54.049Z
be27f4d3-fe25-485f-beaa-ad9215a4bfdd,dlsu,"Campus Life",admu,84,2026-06-16T02:28:54.049Z
be27f4d3-fe25-485f-beaa-ad9215a4bfdd,dlsu,"Campus Life",dlsu,120,2026-06-16T02:28:54.049Z
be27f4d3-fe25-485f-beaa-ad9215a4bfdd,dlsu,"Campus Life",up,72,2026-06-16T02:28:54.049Z
be27f4d3-fe25-485f-beaa-ad9215a4bfdd,dlsu,"Campus Life",ust,76,2026-06-16T02:28:54.049Z
be27f4d3-fe25-485f-beaa-ad9215a4bfdd,dlsu,"Values & Identity",admu,70,2026-06-16T02:28:54.049Z
be27f4d3-fe25-485f-beaa-ad9215a4bfdd,dlsu,"Values & Identity",dlsu,71,2026-06-16T02:28:54.049Z
be27f4d3-fe25-485f-beaa-ad9215a4bfdd,dlsu,"Values & Identity",up,33,2026-06-16T02:28:54.049Z
be27f4d3-fe25-485f-beaa-ad9215a4bfdd,dlsu,"Values & Identity",ust,73,2026-06-16T02:28:54.049Z
c9fc959c-18de-46c7-b9dd-7e3a12541fb5,up,"Academic Experience",admu,46,2026-06-16T03:57:39.977Z
c9fc959c-18de-46c7-b9dd-7e3a12541fb5,up,"Academic Experience",dlsu,16,2026-06-16T03:57:39.977Z
c9fc959c-18de-46c7-b9dd-7e3a12541fb5,up,"Academic Experience",up,127,2026-06-16T03:57:39.977Z
c9fc959c-18de-46c7-b9dd-7e3a12541fb5,up,"Academic Experience",ust,24,2026-06-16T03:57:39.977Z
c9fc959c-18de-46c7-b9dd-7e3a12541fb5,up,"Social & Cultural Fit",admu,52,2026-06-16T03:57:39.977Z
c9fc959c-18de-46c7-b9dd-7e3a12541fb5,up,"Social & Cultural Fit",dlsu,43,2026-06-16T03:57:39.977Z
c9fc959c-18de-46c7-b9dd-7e3a12541fb5,up,"Social & Cultural Fit",up,123,2026-06-16T03:57:39.977Z
c9fc959c-18de-46c7-b9dd-7e3a12541fb5,up,"Social & Cultural Fit",ust,113,2026-06-16T03:57:39.977Z
c9fc959c-18de-46c7-b9dd-7e3a12541fb5,up,"Campus Life",admu,78,2026-06-16T03:57:39.977Z
c9fc959c-18de-46c7-b9dd-7e3a12541fb5,up,"Campus Life",dlsu,55,2026-06-16T03:57:39.977Z
c9fc959c-18de-46c7-b9dd-7e3a12541fb5,up,"Campus Life",up,164,2026-06-16T03:57:39.977Z
c9fc959c-18de-46c7-b9dd-7e3a12541fb5,up,"Campus Life",ust,87,2026-06-16T03:57:39.977Z
c9fc959c-18de-46c7-b9dd-7e3a12541fb5,up,"Values & Identity",admu,72,2026-06-16T03:57:39.977Z
c9fc959c-18de-46c7-b9dd-7e3a12541fb5,up,"Values & Identity",dlsu,49,2026-06-16T03:57:39.977Z
c9fc959c-18de-46c7-b9dd-7e3a12541fb5,up,"Values & Identity",up,98,2026-06-16T03:57:39.977Z
c9fc959c-18de-46c7-b9dd-7e3a12541fb5,up,"Values & Identity",ust,42,2026-06-16T03:57:39.977Z
a2404d23-75f9-40bd-8ca9-5fe4aac18fa0,admu,"Academic Experience",admu,97,2026-06-16T06:15:38.637Z
a2404d23-75f9-40bd-8ca9-5fe4aac18fa0,admu,"Academic Experience",dlsu,37,2026-06-16T06:15:38.637Z
a2404d23-75f9-40bd-8ca9-5fe4aac18fa0,admu,"Academic Experience",up,34,2026-06-16T06:15:38.637Z
a2404d23-75f9-40bd-8ca9-5fe4aac18fa0,admu,"Academic Experience",ust,48,2026-06-16T06:15:38.637Z
a2404d23-75f9-40bd-8ca9-5fe4aac18fa0,admu,"Social & Cultural Fit",admu,120,2026-06-16T06:15:38.637Z
a2404d23-75f9-40bd-8ca9-5fe4aac18fa0,admu,"Social & Cultural Fit",dlsu,115,2026-06-16T06:15:38.637Z
a2404d23-75f9-40bd-8ca9-5fe4aac18fa0,admu,"Social & Cultural Fit",up,14,2026-06-16T06:15:38.637Z
a2404d23-75f9-40bd-8ca9-5fe4aac18fa0,admu,"Social & Cultural Fit",ust,38,2026-06-16T06:15:38.637Z
a2404d23-75f9-40bd-8ca9-5fe4aac18fa0,admu,"Campus Life",admu,123,2026-06-16T06:15:38.637Z
a2404d23-75f9-40bd-8ca9-5fe4aac18fa0,admu,"Campus Life",dlsu,111,2026-06-16T06:15:38.637Z
a2404d23-75f9-40bd-8ca9-5fe4aac18fa0,admu,"Campus Life",up,85,2026-06-16T06:15:38.637Z
a2404d23-75f9-40bd-8ca9-5fe4aac18fa0,admu,"Campus Life",ust,65,2026-06-16T06:15:38.637Z
a2404d23-75f9-40bd-8ca9-5fe4aac18fa0,admu,"Values & Identity",admu,106,2026-06-16T06:15:38.637Z
a2404d23-75f9-40bd-8ca9-5fe4aac18fa0,admu,"Values & Identity",dlsu,53,2026-06-16T06:15:38.637Z
a2404d23-75f9-40bd-8ca9-5fe4aac18fa0,admu,"Values & Identity",up,54,2026-06-16T06:15:38.637Z
a2404d23-75f9-40bd-8ca9-5fe4aac18fa0,admu,"Values & Identity",ust,38,2026-06-16T06:15:38.637Z
b5200853-8864-4611-b3ec-79b8afc5367d,dlsu,"Academic Experience",admu,39,2026-06-16T10:36:19.760Z
b5200853-8864-4611-b3ec-79b8afc5367d,dlsu,"Academic Experience",dlsu,115,2026-06-16T10:36:19.760Z
b5200853-8864-4611-b3ec-79b8afc5367d,dlsu,"Academic Experience",up,26,2026-06-16T10:36:19.760Z
b5200853-8864-4611-b3ec-79b8afc5367d,dlsu,"Academic Experience",ust,29,2026-06-16T10:36:19.760Z
b5200853-8864-4611-b3ec-79b8afc5367d,dlsu,"Social & Cultural Fit",admu,100,2026-06-16T10:36:19.760Z
b5200853-8864-4611-b3ec-79b8afc5367d,dlsu,"Social & Cultural Fit",dlsu,122,2026-06-16T10:36:19.760Z
b5200853-8864-4611-b3ec-79b8afc5367d,dlsu,"Social & Cultural Fit",up,38,2026-06-16T10:36:19.760Z
b5200853-8864-4611-b3ec-79b8afc5367d,dlsu,"Social & Cultural Fit",ust,54,2026-06-16T10:36:19.760Z
b5200853-8864-4611-b3ec-79b8afc5367d,dlsu,"Campus Life",admu,79,2026-06-16T10:36:19.760Z
b5200853-8864-4611-b3ec-79b8afc5367d,dlsu,"Campus Life",dlsu,169,2026-06-16T10:36:19.760Z
b5200853-8864-4611-b3ec-79b8afc5367d,dlsu,"Campus Life",up,55,2026-06-16T10:36:19.760Z
b5200853-8864-4611-b3ec-79b8afc5367d,dlsu,"Campus Life",ust,72,2026-06-16T10:36:19.760Z
b5200853-8864-4611-b3ec-79b8afc5367d,dlsu,"Values & Identity",admu,90,2026-06-16T10:36:19.760Z
b5200853-8864-4611-b3ec-79b8afc5367d,dlsu,"Values & Identity",dlsu,88,2026-06-16T10:36:19.760Z
b5200853-8864-4611-b3ec-79b8afc5367d,dlsu,"Values & Identity",up,47,2026-06-16T10:36:19.760Z
b5200853-8864-4611-b3ec-79b8afc5367d,dlsu,"Values & Identity",ust,49,2026-06-16T10:36:19.760Z
abe94048-511c-4b6c-9a1b-ce703a0042c2,ust,"Academic Experience",admu,44,2026-06-16T12:49:54.799Z
abe94048-511c-4b6c-9a1b-ce703a0042c2,ust,"Academic Experience",dlsu,39,2026-06-16T12:49:54.799Z
abe94048-511c-4b6c-9a1b-ce703a0042c2,ust,"Academic Experience",up,32,2026-06-16T12:49:54.799Z
abe94048-511c-4b6c-9a1b-ce703a0042c2,ust,"Academic Experience",ust,71,2026-06-16T12:49:54.799Z
abe94048-511c-4b6c-9a1b-ce703a0042c2,ust,"Social & Cultural Fit",admu,58,2026-06-16T12:49:54.799Z
abe94048-511c-4b6c-9a1b-ce703a0042c2,ust,"Social & Cultural Fit",dlsu,39,2026-06-16T12:49:54.799Z
abe94048-511c-4b6c-9a1b-ce703a0042c2,ust,"Social & Cultural Fit",up,108,2026-06-16T12:49:54.799Z
abe94048-511c-4b6c-9a1b-ce703a0042c2,ust,"Social & Cultural Fit",ust,112,2026-06-16T12:49:54.799Z
abe94048-511c-4b6c-9a1b-ce703a0042c2,ust,"Campus Life",admu,72,2026-06-16T12:49:54.799Z
abe94048-511c-4b6c-9a1b-ce703a0042c2,ust,"Campus Life",dlsu,71,2026-06-16T12:49:54.799Z
abe94048-511c-4b6c-9a1b-ce703a0042c2,ust,"Campus Life",up,110,2026-06-16T12:49:54.799Z
abe94048-511c-4b6c-9a1b-ce703a0042c2,ust,"Campus Life",ust,127,2026-06-16T12:49:54.799Z
abe94048-511c-4b6c-9a1b-ce703a0042c2,ust,"Values & Identity",admu,49,2026-06-16T12:49:54.799Z
abe94048-511c-4b6c-9a1b-ce703a0042c2,ust,"Values & Identity",dlsu,64,2026-06-16T12:49:54.799Z
abe94048-511c-4b6c-9a1b-ce703a0042c2,ust,"Values & Identity",up,67,2026-06-16T12:49:54.799Z
abe94048-511c-4b6c-9a1b-ce703a0042c2,ust,"Values & Identity",ust,107,2026-06-16T12:49:54.799Z
57cf7ca5-15ce-422c-9722-3f722c692e60,admu,"Academic Experience",admu,91,2026-06-16T13:50:31.617Z
57cf7ca5-15ce-422c-9722-3f722c692e60,admu,"Academic Experience",dlsu,48,2026-06-16T13:50:31.617Z
57cf7ca5-15ce-422c-9722-3f722c692e60,admu,"Academic Experience",up,55,2026-06-16T13:50:31.617Z
57cf7ca5-15ce-422c-9722-3f722c692e60,admu,"Academic Experience",ust,34,2026-06-16T13:50:31.617Z
57cf7ca5-15ce-422c-9722-3f722c692e60,admu,"Social & Cultural Fit",admu,77,2026-06-16T13:50:31.617Z
57cf7ca5-15ce-422c-9722-3f722c692e60,admu,"Social & Cultural Fit",dlsu,73,2026-06-16T13:50:31.617Z
57cf7ca5-15ce-422c-9722-3f722c692e60,admu,"Social & Cultural Fit",up,59,2026-06-16T13:50:31.617Z
57cf7ca5-15ce-422c-9722-3f722c692e60,admu,"Social & Cultural Fit",ust,68,2026-06-16T13:50:31.617Z
57cf7ca5-15ce-422c-9722-3f722c692e60,admu,"Campus Life",admu,118,2026-06-16T13:50:31.617Z
57cf7ca5-15ce-422c-9722-3f722c692e60,admu,"Campus Life",dlsu,75,2026-06-16T13:50:31.617Z
57cf7ca5-15ce-422c-9722-3f722c692e60,admu,"Campus Life",up,105,2026-06-16T13:50:31.617Z
57cf7ca5-15ce-422c-9722-3f722c692e60,admu,"Campus Life",ust,78,2026-06-16T13:50:31.617Z
57cf7ca5-15ce-422c-9722-3f722c692e60,admu,"Values & Identity",admu,115,2026-06-16T13:50:31.617Z
57cf7ca5-15ce-422c-9722-3f722c692e60,admu,"Values & Identity",dlsu,49,2026-06-16T13:50:31.617Z
57cf7ca5-15ce-422c-9722-3f722c692e60,admu,"Values & Identity",up,74,2026-06-16T13:50:31.617Z
57cf7ca5-15ce-422c-9722-3f722c692e60,admu,"Values & Identity",ust,27,2026-06-16T13:50:31.617Z
b61ba6ce-66cd-4ee6-aa0b-2318090b6e27,admu,"Academic Experience",admu,84,2026-06-16T18:17:08.042Z
b61ba6ce-66cd-4ee6-aa0b-2318090b6e27,admu,"Academic Experience",dlsu,56,2026-06-16T18:17:08.042Z
b61ba6ce-66cd-4ee6-aa0b-2318090b6e27,admu,"Academic Experience",up,21,2026-06-16T18:17:08.042Z
b61ba6ce-66cd-4ee6-aa0b-2318090b6e27,admu,"Academic Experience",ust,35,2026-06-16T18:17:08.042Z
b61ba6ce-66cd-4ee6-aa0b-2318090b6e27,admu,"Social & Cultural Fit",admu,106,2026-06-16T18:17:08.042Z
b61ba6ce-66cd-4ee6-aa0b-2318090b6e27,admu,"Social & Cultural Fit",dlsu,97,2026-06-16T18:17:08.042Z
b61ba6ce-66cd-4ee6-aa0b-2318090b6e27,admu,"Social & Cultural Fit",up,37,2026-06-16T18:17:08.042Z
b61ba6ce-66cd-4ee6-aa0b-2318090b6e27,admu,"Social & Cultural Fit",ust,60,2026-06-16T18:17:08.042Z
b61ba6ce-66cd-4ee6-aa0b-2318090b6e27,admu,"Campus Life",admu,92,2026-06-16T18:17:08.042Z
b61ba6ce-66cd-4ee6-aa0b-2318090b6e27,admu,"Campus Life",dlsu,116,2026-06-16T18:17:08.042Z
b61ba6ce-66cd-4ee6-aa0b-2318090b6e27,admu,"Campus Life",up,73,2026-06-16T18:17:08.042Z
b61ba6ce-66cd-4ee6-aa0b-2318090b6e27,admu,"Campus Life",ust,61,2026-06-16T18:17:08.042Z
b61ba6ce-66cd-4ee6-aa0b-2318090b6e27,admu,"Values & Identity",admu,111,2026-06-16T18:17:08.042Z
b61ba6ce-66cd-4ee6-aa0b-2318090b6e27,admu,"Values & Identity",dlsu,64,2026-06-16T18:17:08.042Z
b61ba6ce-66cd-4ee6-aa0b-2318090b6e27,admu,"Values & Identity",up,58,2026-06-16T18:17:08.042Z
b61ba6ce-66cd-4ee6-aa0b-2318090b6e27,admu,"Values & Identity",ust,42,2026-06-16T18:17:08.042Z
5d819d61-2517-498a-8aad-15a83f8223f2,up,"Academic Experience",admu,53,2026-06-17T02:07:40.602Z
5d819d61-2517-498a-8aad-15a83f8223f2,up,"Academic Experience",dlsu,39,2026-06-17T02:07:40.602Z
5d819d61-2517-498a-8aad-15a83f8223f2,up,"Academic Experience",up,103,2026-06-17T02:07:40.602Z
5d819d61-2517-498a-8aad-15a83f8223f2,up,"Academic Experience",ust,23,2026-06-17T02:07:40.602Z
5d819d61-2517-498a-8aad-15a83f8223f2,up,"Social & Cultural Fit",admu,52,2026-06-17T02:07:40.602Z
5d819d61-2517-498a-8aad-15a83f8223f2,up,"Social & Cultural Fit",dlsu,51,2026-06-17T02:07:40.602Z
5d819d61-2517-498a-8aad-15a83f8223f2,up,"Social & Cultural Fit",up,106,2026-06-17T02:07:40.602Z
5d819d61-2517-498a-8aad-15a83f8223f2,up,"Social & Cultural Fit",ust,57,2026-06-17T02:07:40.602Z
5d819d61-2517-498a-8aad-15a83f8223f2,up,"Campus Life",admu,63,2026-06-17T02:07:40.602Z
5d819d61-2517-498a-8aad-15a83f8223f2,up,"Campus Life",dlsu,44,2026-06-17T02:07:40.602Z
5d819d61-2517-498a-8aad-15a83f8223f2,up,"Campus Life",up,142,2026-06-17T02:07:40.602Z
5d819d61-2517-498a-8aad-15a83f8223f2,up,"Campus Life",ust,81,2026-06-17T02:07:40.602Z
5d819d61-2517-498a-8aad-15a83f8223f2,up,"Values & Identity",admu,95,2026-06-17T02:07:40.602Z
5d819d61-2517-498a-8aad-15a83f8223f2,up,"Values & Identity",dlsu,43,2026-06-17T02:07:40.602Z
5d819d61-2517-498a-8aad-15a83f8223f2,up,"Values & Identity",up,92,2026-06-17T02:07:40.602Z
5d819d61-2517-498a-8aad-15a83f8223f2,up,"Values & Identity",ust,23,2026-06-17T02:07:40.602Z
e92d7ec4-4615-490b-82c0-7bd21c1111e8,dlsu,"Academic Experience",admu,38,2026-06-17T12:01:56.408Z
e92d7ec4-4615-490b-82c0-7bd21c1111e8,dlsu,"Academic Experience",dlsu,115,2026-06-17T12:01:56.408Z
e92d7ec4-4615-490b-82c0-7bd21c1111e8,dlsu,"Academic Experience",up,6,2026-06-17T12:01:56.408Z
e92d7ec4-4615-490b-82c0-7bd21c1111e8,dlsu,"Academic Experience",ust,46,2026-06-17T12:01:56.408Z
e92d7ec4-4615-490b-82c0-7bd21c1111e8,dlsu,"Social & Cultural Fit",admu,96,2026-06-17T12:01:56.408Z
e92d7ec4-4615-490b-82c0-7bd21c1111e8,dlsu,"Social & Cultural Fit",dlsu,106,2026-06-17T12:01:56.408Z
e92d7ec4-4615-490b-82c0-7bd21c1111e8,dlsu,"Social & Cultural Fit",up,58,2026-06-17T12:01:56.408Z
e92d7ec4-4615-490b-82c0-7bd21c1111e8,dlsu,"Social & Cultural Fit",ust,68,2026-06-17T12:01:56.408Z
e92d7ec4-4615-490b-82c0-7bd21c1111e8,dlsu,"Campus Life",admu,92,2026-06-17T12:01:56.408Z
e92d7ec4-4615-490b-82c0-7bd21c1111e8,dlsu,"Campus Life",dlsu,140,2026-06-17T12:01:56.408Z
e92d7ec4-4615-490b-82c0-7bd21c1111e8,dlsu,"Campus Life",up,85,2026-06-17T12:01:56.408Z
e92d7ec4-4615-490b-82c0-7bd21c1111e8,dlsu,"Campus Life",ust,72,2026-06-17T12:01:56.408Z
e92d7ec4-4615-490b-82c0-7bd21c1111e8,dlsu,"Values & Identity",admu,58,2026-06-17T12:01:56.408Z
e92d7ec4-4615-490b-82c0-7bd21c1111e8,dlsu,"Values & Identity",dlsu,108,2026-06-17T12:01:56.408Z
e92d7ec4-4615-490b-82c0-7bd21c1111e8,dlsu,"Values & Identity",up,47,2026-06-17T12:01:56.408Z
e92d7ec4-4615-490b-82c0-7bd21c1111e8,dlsu,"Values & Identity",ust,61,2026-06-17T12:01:56.408Z
31291411-eb75-40a8-a07a-a77d36af44ef,ust,"Academic Experience",admu,27,2026-06-17T16:41:49.659Z
31291411-eb75-40a8-a07a-a77d36af44ef,ust,"Academic Experience",dlsu,37,2026-06-17T16:41:49.659Z
31291411-eb75-40a8-a07a-a77d36af44ef,ust,"Academic Experience",up,34,2026-06-17T16:41:49.659Z
31291411-eb75-40a8-a07a-a77d36af44ef,ust,"Academic Experience",ust,88,2026-06-17T16:41:49.659Z
31291411-eb75-40a8-a07a-a77d36af44ef,ust,"Social & Cultural Fit",admu,44,2026-06-17T16:41:49.659Z
31291411-eb75-40a8-a07a-a77d36af44ef,ust,"Social & Cultural Fit",dlsu,43,2026-06-17T16:41:49.659Z
31291411-eb75-40a8-a07a-a77d36af44ef,ust,"Social & Cultural Fit",up,97,2026-06-17T16:41:49.659Z
31291411-eb75-40a8-a07a-a77d36af44ef,ust,"Social & Cultural Fit",ust,95,2026-06-17T16:41:49.659Z
31291411-eb75-40a8-a07a-a77d36af44ef,ust,"Campus Life",admu,60,2026-06-17T16:41:49.659Z
31291411-eb75-40a8-a07a-a77d36af44ef,ust,"Campus Life",dlsu,72,2026-06-17T16:41:49.659Z
31291411-eb75-40a8-a07a-a77d36af44ef,ust,"Campus Life",up,85,2026-06-17T16:41:49.659Z
31291411-eb75-40a8-a07a-a77d36af44ef,ust,"Campus Life",ust,147,2026-06-17T16:41:49.659Z
31291411-eb75-40a8-a07a-a77d36af44ef,ust,"Values & Identity",admu,39,2026-06-17T16:41:49.659Z
31291411-eb75-40a8-a07a-a77d36af44ef,ust,"Values & Identity",dlsu,55,2026-06-17T16:41:49.659Z
31291411-eb75-40a8-a07a-a77d36af44ef,ust,"Values & Identity",up,59,2026-06-17T16:41:49.659Z
31291411-eb75-40a8-a07a-a77d36af44ef,ust,"Values & Identity",ust,125,2026-06-17T16:41:49.659Z
f54b62b7-1c86-4359-bbe5-2514dcdf6ec5,admu,"Academic Experience",admu,84,2026-06-18T02:10:32.840Z
f54b62b7-1c86-4359-bbe5-2514dcdf6ec5,admu,"Academic Experience",dlsu,59,2026-06-18T02:10:32.840Z
f54b62b7-1c86-4359-bbe5-2514dcdf6ec5,admu,"Academic Experience",up,50,2026-06-18T02:10:32.840Z
f54b62b7-1c86-4359-bbe5-2514dcdf6ec5,admu,"Academic Experience",ust,33,2026-06-18T02:10:32.840Z
f54b62b7-1c86-4359-bbe5-2514dcdf6ec5,admu,"Social & Cultural Fit",admu,97,2026-06-18T02:10:32.840Z
f54b62b7-1c86-4359-bbe5-2514dcdf6ec5,admu,"Social & Cultural Fit",dlsu,84,2026-06-18T02:10:32.840Z
f54b62b7-1c86-4359-bbe5-2514dcdf6ec5,admu,"Social & Cultural Fit",up,69,2026-06-18T02:10:32.840Z
f54b62b7-1c86-4359-bbe5-2514dcdf6ec5,admu,"Social & Cultural Fit",ust,67,2026-06-18T02:10:32.840Z
f54b62b7-1c86-4359-bbe5-2514dcdf6ec5,admu,"Campus Life",admu,109,2026-06-18T02:10:32.840Z
f54b62b7-1c86-4359-bbe5-2514dcdf6ec5,admu,"Campus Life",dlsu,81,2026-06-18T02:10:32.840Z
f54b62b7-1c86-4359-bbe5-2514dcdf6ec5,admu,"Campus Life",up,85,2026-06-18T02:10:32.840Z
f54b62b7-1c86-4359-bbe5-2514dcdf6ec5,admu,"Campus Life",ust,86,2026-06-18T02:10:32.840Z
f54b62b7-1c86-4359-bbe5-2514dcdf6ec5,admu,"Values & Identity",admu,88,2026-06-18T02:10:32.840Z
f54b62b7-1c86-4359-bbe5-2514dcdf6ec5,admu,"Values & Identity",dlsu,52,2026-06-18T02:10:32.840Z
f54b62b7-1c86-4359-bbe5-2514dcdf6ec5,admu,"Values & Identity",up,86,2026-06-18T02:10:32.840Z
f54b62b7-1c86-4359-bbe5-2514dcdf6ec5,admu,"Values & Identity",ust,53,2026-06-18T02:10:32.840Z
c39cbb37-bdf0-4a33-a7ec-292305e2d9c9,up,"Academic Experience",admu,64,2026-06-18T04:08:45.717Z
c39cbb37-bdf0-4a33-a7ec-292305e2d9c9,up,"Academic Experience",dlsu,40,2026-06-18T04:08:45.717Z
c39cbb37-bdf0-4a33-a7ec-292305e2d9c9,up,"Academic Experience",up,100,2026-06-18T04:08:45.717Z
c39cbb37-bdf0-4a33-a7ec-292305e2d9c9,up,"Academic Experience",ust,21,2026-06-18T04:08:45.717Z
c39cbb37-bdf0-4a33-a7ec-292305e2d9c9,up,"Social & Cultural Fit",admu,34,2026-06-18T04:08:45.717Z
c39cbb37-bdf0-4a33-a7ec-292305e2d9c9,up,"Social & Cultural Fit",dlsu,29,2026-06-18T04:08:45.717Z
c39cbb37-bdf0-4a33-a7ec-292305e2d9c9,up,"Social & Cultural Fit",up,128,2026-06-18T04:08:45.717Z
c39cbb37-bdf0-4a33-a7ec-292305e2d9c9,up,"Social & Cultural Fit",ust,81,2026-06-18T04:08:45.717Z
c39cbb37-bdf0-4a33-a7ec-292305e2d9c9,up,"Campus Life",admu,77,2026-06-18T04:08:45.717Z
c39cbb37-bdf0-4a33-a7ec-292305e2d9c9,up,"Campus Life",dlsu,35,2026-06-18T04:08:45.717Z
c39cbb37-bdf0-4a33-a7ec-292305e2d9c9,up,"Campus Life",up,134,2026-06-18T04:08:45.717Z
c39cbb37-bdf0-4a33-a7ec-292305e2d9c9,up,"Campus Life",ust,120,2026-06-18T04:08:45.717Z
c39cbb37-bdf0-4a33-a7ec-292305e2d9c9,up,"Values & Identity",admu,103,2026-06-18T04:08:45.717Z
c39cbb37-bdf0-4a33-a7ec-292305e2d9c9,up,"Values & Identity",dlsu,47,2026-06-18T04:08:45.717Z
c39cbb37-bdf0-4a33-a7ec-292305e2d9c9,up,"Values & Identity",up,92,2026-06-18T04:08:45.717Z
c39cbb37-bdf0-4a33-a7ec-292305e2d9c9,up,"Values & Identity",ust,27,2026-06-18T04:08:45.717Z
5eff4e73-9203-4968-9b50-bc18007759d8,admu,"Academic Experience",admu,101,2026-06-18T06:29:08.002Z
5eff4e73-9203-4968-9b50-bc18007759d8,admu,"Academic Experience",dlsu,57,2026-06-18T06:29:08.002Z
5eff4e73-9203-4968-9b50-bc18007759d8,admu,"Academic Experience",up,36,2026-06-18T06:29:08.002Z
5eff4e73-9203-4968-9b50-bc18007759d8,admu,"Academic Experience",ust,35,2026-06-18T06:29:08.002Z
5eff4e73-9203-4968-9b50-bc18007759d8,admu,"Social & Cultural Fit",admu,113,2026-06-18T06:29:08.002Z
5eff4e73-9203-4968-9b50-bc18007759d8,admu,"Social & Cultural Fit",dlsu,104,2026-06-18T06:29:08.002Z
5eff4e73-9203-4968-9b50-bc18007759d8,admu,"Social & Cultural Fit",up,21,2026-06-18T06:29:08.002Z
5eff4e73-9203-4968-9b50-bc18007759d8,admu,"Social & Cultural Fit",ust,41,2026-06-18T06:29:08.002Z
5eff4e73-9203-4968-9b50-bc18007759d8,admu,"Campus Life",admu,121,2026-06-18T06:29:08.002Z
5eff4e73-9203-4968-9b50-bc18007759d8,admu,"Campus Life",dlsu,120,2026-06-18T06:29:08.002Z
5eff4e73-9203-4968-9b50-bc18007759d8,admu,"Campus Life",up,85,2026-06-18T06:29:08.002Z
5eff4e73-9203-4968-9b50-bc18007759d8,admu,"Campus Life",ust,61,2026-06-18T06:29:08.002Z
5eff4e73-9203-4968-9b50-bc18007759d8,admu,"Values & Identity",admu,129,2026-06-18T06:29:08.002Z
5eff4e73-9203-4968-9b50-bc18007759d8,admu,"Values & Identity",dlsu,56,2026-06-18T06:29:08.002Z
5eff4e73-9203-4968-9b50-bc18007759d8,admu,"Values & Identity",up,60,2026-06-18T06:29:08.002Z
5eff4e73-9203-4968-9b50-bc18007759d8,admu,"Values & Identity",ust,28,2026-06-18T06:29:08.002Z
1dc0ce18-b2d5-41bb-ba12-20696327069e,admu,"Academic Experience",admu,93,2026-06-18T06:29:41.423Z
1dc0ce18-b2d5-41bb-ba12-20696327069e,admu,"Academic Experience",dlsu,39,2026-06-18T06:29:41.423Z
1dc0ce18-b2d5-41bb-ba12-20696327069e,admu,"Academic Experience",up,47,2026-06-18T06:29:41.423Z
1dc0ce18-b2d5-41bb-ba12-20696327069e,admu,"Academic Experience",ust,40,2026-06-18T06:29:41.423Z
1dc0ce18-b2d5-41bb-ba12-20696327069e,admu,"Social & Cultural Fit",admu,120,2026-06-18T06:29:41.423Z
1dc0ce18-b2d5-41bb-ba12-20696327069e,admu,"Social & Cultural Fit",dlsu,115,2026-06-18T06:29:41.423Z
1dc0ce18-b2d5-41bb-ba12-20696327069e,admu,"Social & Cultural Fit",up,14,2026-06-18T06:29:41.423Z
1dc0ce18-b2d5-41bb-ba12-20696327069e,admu,"Social & Cultural Fit",ust,38,2026-06-18T06:29:41.423Z
1dc0ce18-b2d5-41bb-ba12-20696327069e,admu,"Campus Life",admu,130,2026-06-18T06:29:41.423Z
1dc0ce18-b2d5-41bb-ba12-20696327069e,admu,"Campus Life",dlsu,101,2026-06-18T06:29:41.423Z
1dc0ce18-b2d5-41bb-ba12-20696327069e,admu,"Campus Life",up,66,2026-06-18T06:29:41.423Z
1dc0ce18-b2d5-41bb-ba12-20696327069e,admu,"Campus Life",ust,73,2026-06-18T06:29:41.423Z
1dc0ce18-b2d5-41bb-ba12-20696327069e,admu,"Values & Identity",admu,109,2026-06-18T06:29:41.423Z
1dc0ce18-b2d5-41bb-ba12-20696327069e,admu,"Values & Identity",dlsu,50,2026-06-18T06:29:41.423Z
1dc0ce18-b2d5-41bb-ba12-20696327069e,admu,"Values & Identity",up,78,2026-06-18T06:29:41.423Z
1dc0ce18-b2d5-41bb-ba12-20696327069e,admu,"Values & Identity",ust,24,2026-06-18T06:29:41.423Z
6dbb810d-4d27-448b-b84c-ee3fde78f384,admu,"Academic Experience",admu,89,2026-06-18T16:52:13.601Z
6dbb810d-4d27-448b-b84c-ee3fde78f384,admu,"Academic Experience",dlsu,52,2026-06-18T16:52:13.601Z
6dbb810d-4d27-448b-b84c-ee3fde78f384,admu,"Academic Experience",up,40,2026-06-18T16:52:13.601Z
6dbb810d-4d27-448b-b84c-ee3fde78f384,admu,"Academic Experience",ust,33,2026-06-18T16:52:13.601Z
6dbb810d-4d27-448b-b84c-ee3fde78f384,admu,"Social & Cultural Fit",admu,94,2026-06-18T16:52:13.601Z
6dbb810d-4d27-448b-b84c-ee3fde78f384,admu,"Social & Cultural Fit",dlsu,92,2026-06-18T16:52:13.601Z
6dbb810d-4d27-448b-b84c-ee3fde78f384,admu,"Social & Cultural Fit",up,35,2026-06-18T16:52:13.601Z
6dbb810d-4d27-448b-b84c-ee3fde78f384,admu,"Social & Cultural Fit",ust,48,2026-06-18T16:52:13.601Z
6dbb810d-4d27-448b-b84c-ee3fde78f384,admu,"Campus Life",admu,123,2026-06-18T16:52:13.601Z
6dbb810d-4d27-448b-b84c-ee3fde78f384,admu,"Campus Life",dlsu,115,2026-06-18T16:52:13.601Z
6dbb810d-4d27-448b-b84c-ee3fde78f384,admu,"Campus Life",up,77,2026-06-18T16:52:13.601Z
6dbb810d-4d27-448b-b84c-ee3fde78f384,admu,"Campus Life",ust,66,2026-06-18T16:52:13.601Z
6dbb810d-4d27-448b-b84c-ee3fde78f384,admu,"Values & Identity",admu,129,2026-06-18T16:52:13.601Z
6dbb810d-4d27-448b-b84c-ee3fde78f384,admu,"Values & Identity",dlsu,56,2026-06-18T16:52:13.601Z
6dbb810d-4d27-448b-b84c-ee3fde78f384,admu,"Values & Identity",up,60,2026-06-18T16:52:13.601Z
6dbb810d-4d27-448b-b84c-ee3fde78f384,admu,"Values & Identity",ust,28,2026-06-18T16:52:13.601Z
96de5f74-9d85-4301-a110-cec898742e7e,admu,"Academic Experience",admu,86,2026-06-18T19:33:33.167Z
96de5f74-9d85-4301-a110-cec898742e7e,admu,"Academic Experience",dlsu,42,2026-06-18T19:33:33.167Z
96de5f74-9d85-4301-a110-cec898742e7e,admu,"Academic Experience",up,68,2026-06-18T19:33:33.167Z
96de5f74-9d85-4301-a110-cec898742e7e,admu,"Academic Experience",ust,26,2026-06-18T19:33:33.167Z
96de5f74-9d85-4301-a110-cec898742e7e,admu,"Social & Cultural Fit",admu,89,2026-06-18T19:33:33.167Z
96de5f74-9d85-4301-a110-cec898742e7e,admu,"Social & Cultural Fit",dlsu,86,2026-06-18T19:33:33.167Z
96de5f74-9d85-4301-a110-cec898742e7e,admu,"Social & Cultural Fit",up,48,2026-06-18T19:33:33.167Z
96de5f74-9d85-4301-a110-cec898742e7e,admu,"Social & Cultural Fit",ust,46,2026-06-18T19:33:33.167Z
96de5f74-9d85-4301-a110-cec898742e7e,admu,"Campus Life",admu,140,2026-06-18T19:33:33.167Z
96de5f74-9d85-4301-a110-cec898742e7e,admu,"Campus Life",dlsu,102,2026-06-18T19:33:33.167Z
96de5f74-9d85-4301-a110-cec898742e7e,admu,"Campus Life",up,73,2026-06-18T19:33:33.167Z
96de5f74-9d85-4301-a110-cec898742e7e,admu,"Campus Life",ust,53,2026-06-18T19:33:33.167Z
96de5f74-9d85-4301-a110-cec898742e7e,admu,"Values & Identity",admu,92,2026-06-18T19:33:33.167Z
96de5f74-9d85-4301-a110-cec898742e7e,admu,"Values & Identity",dlsu,66,2026-06-18T19:33:33.167Z
96de5f74-9d85-4301-a110-cec898742e7e,admu,"Values & Identity",up,60,2026-06-18T19:33:33.167Z
96de5f74-9d85-4301-a110-cec898742e7e,admu,"Values & Identity",ust,25,2026-06-18T19:33:33.167Z
b9d812f1-be11-42e1-b31a-50d2cbe518d5,admu,"Academic Experience",admu,68,2026-06-19T01:24:58.769Z
b9d812f1-be11-42e1-b31a-50d2cbe518d5,admu,"Academic Experience",dlsu,52,2026-06-19T01:24:58.769Z
b9d812f1-be11-42e1-b31a-50d2cbe518d5,admu,"Academic Experience",up,56,2026-06-19T01:24:58.769Z
b9d812f1-be11-42e1-b31a-50d2cbe518d5,admu,"Academic Experience",ust,32,2026-06-19T01:24:58.769Z
b9d812f1-be11-42e1-b31a-50d2cbe518d5,admu,"Social & Cultural Fit",admu,68,2026-06-19T01:24:58.769Z
b9d812f1-be11-42e1-b31a-50d2cbe518d5,admu,"Social & Cultural Fit",dlsu,72,2026-06-19T01:24:58.769Z
b9d812f1-be11-42e1-b31a-50d2cbe518d5,admu,"Social & Cultural Fit",up,49,2026-06-19T01:24:58.769Z
b9d812f1-be11-42e1-b31a-50d2cbe518d5,admu,"Social & Cultural Fit",ust,58,2026-06-19T01:24:58.769Z
b9d812f1-be11-42e1-b31a-50d2cbe518d5,admu,"Campus Life",admu,120,2026-06-19T01:24:58.769Z
b9d812f1-be11-42e1-b31a-50d2cbe518d5,admu,"Campus Life",dlsu,100,2026-06-19T01:24:58.769Z
b9d812f1-be11-42e1-b31a-50d2cbe518d5,admu,"Campus Life",up,68,2026-06-19T01:24:58.769Z
b9d812f1-be11-42e1-b31a-50d2cbe518d5,admu,"Campus Life",ust,67,2026-06-19T01:24:58.769Z
b9d812f1-be11-42e1-b31a-50d2cbe518d5,admu,"Values & Identity",admu,129,2026-06-19T01:24:58.769Z
b9d812f1-be11-42e1-b31a-50d2cbe518d5,admu,"Values & Identity",dlsu,56,2026-06-19T01:24:58.769Z
b9d812f1-be11-42e1-b31a-50d2cbe518d5,admu,"Values & Identity",up,60,2026-06-19T01:24:58.769Z
b9d812f1-be11-42e1-b31a-50d2cbe518d5,admu,"Values & Identity",ust,28,2026-06-19T01:24:58.769Z
628f3438-735e-4f2e-bc83-b99bb45bcd53,up,"Academic Experience",admu,36,2026-06-19T10:49:16.883Z
628f3438-735e-4f2e-bc83-b99bb45bcd53,up,"Academic Experience",dlsu,15,2026-06-19T10:49:16.883Z
628f3438-735e-4f2e-bc83-b99bb45bcd53,up,"Academic Experience",up,120,2026-06-19T10:49:16.883Z
628f3438-735e-4f2e-bc83-b99bb45bcd53,up,"Academic Experience",ust,36,2026-06-19T10:49:16.883Z
628f3438-735e-4f2e-bc83-b99bb45bcd53,up,"Social & Cultural Fit",admu,41,2026-06-19T10:49:16.883Z
628f3438-735e-4f2e-bc83-b99bb45bcd53,up,"Social & Cultural Fit",dlsu,32,2026-06-19T10:49:16.883Z
628f3438-735e-4f2e-bc83-b99bb45bcd53,up,"Social & Cultural Fit",up,136,2026-06-19T10:49:16.883Z
628f3438-735e-4f2e-bc83-b99bb45bcd53,up,"Social & Cultural Fit",ust,91,2026-06-19T10:49:16.883Z
628f3438-735e-4f2e-bc83-b99bb45bcd53,up,"Campus Life",admu,79,2026-06-19T10:49:16.883Z
628f3438-735e-4f2e-bc83-b99bb45bcd53,up,"Campus Life",dlsu,97,2026-06-19T10:49:16.883Z
628f3438-735e-4f2e-bc83-b99bb45bcd53,up,"Campus Life",up,110,2026-06-19T10:49:16.883Z
628f3438-735e-4f2e-bc83-b99bb45bcd53,up,"Campus Life",ust,114,2026-06-19T10:49:16.883Z
628f3438-735e-4f2e-bc83-b99bb45bcd53,up,"Values & Identity",admu,59,2026-06-19T10:49:16.883Z
628f3438-735e-4f2e-bc83-b99bb45bcd53,up,"Values & Identity",dlsu,38,2026-06-19T10:49:16.883Z
628f3438-735e-4f2e-bc83-b99bb45bcd53,up,"Values & Identity",up,136,2026-06-19T10:49:16.883Z
628f3438-735e-4f2e-bc83-b99bb45bcd53,up,"Values & Identity",ust,32,2026-06-19T10:49:16.883Z
911186f6-9826-41cc-ad90-9ace4be08746,admu,"Academic Experience",admu,84,2026-06-19T14:50:05.110Z
911186f6-9826-41cc-ad90-9ace4be08746,admu,"Academic Experience",dlsu,45,2026-06-19T14:50:05.110Z
911186f6-9826-41cc-ad90-9ace4be08746,admu,"Academic Experience",up,36,2026-06-19T14:50:05.110Z
911186f6-9826-41cc-ad90-9ace4be08746,admu,"Academic Experience",ust,46,2026-06-19T14:50:05.110Z
911186f6-9826-41cc-ad90-9ace4be08746,admu,"Social & Cultural Fit",admu,114,2026-06-19T14:50:05.110Z
911186f6-9826-41cc-ad90-9ace4be08746,admu,"Social & Cultural Fit",dlsu,99,2026-06-19T14:50:05.110Z
911186f6-9826-41cc-ad90-9ace4be08746,admu,"Social & Cultural Fit",up,34,2026-06-19T14:50:05.110Z
911186f6-9826-41cc-ad90-9ace4be08746,admu,"Social & Cultural Fit",ust,52,2026-06-19T14:50:05.110Z
911186f6-9826-41cc-ad90-9ace4be08746,admu,"Campus Life",admu,132,2026-06-19T14:50:05.110Z
911186f6-9826-41cc-ad90-9ace4be08746,admu,"Campus Life",dlsu,90,2026-06-19T14:50:05.110Z
911186f6-9826-41cc-ad90-9ace4be08746,admu,"Campus Life",up,85,2026-06-19T14:50:05.110Z
911186f6-9826-41cc-ad90-9ace4be08746,admu,"Campus Life",ust,61,2026-06-19T14:50:05.110Z
911186f6-9826-41cc-ad90-9ace4be08746,admu,"Values & Identity",admu,115,2026-06-19T14:50:05.110Z
911186f6-9826-41cc-ad90-9ace4be08746,admu,"Values & Identity",dlsu,64,2026-06-19T14:50:05.110Z
911186f6-9826-41cc-ad90-9ace4be08746,admu,"Values & Identity",up,54,2026-06-19T14:50:05.110Z
911186f6-9826-41cc-ad90-9ace4be08746,admu,"Values & Identity",ust,34,2026-06-19T14:50:05.110Z
d5176b0e-c5be-4ebe-8774-f267e597e81f,dlsu,"Academic Experience",admu,41,2026-06-19T16:33:47.434Z
d5176b0e-c5be-4ebe-8774-f267e597e81f,dlsu,"Academic Experience",dlsu,119,2026-06-19T16:33:47.434Z
d5176b0e-c5be-4ebe-8774-f267e597e81f,dlsu,"Academic Experience",up,10,2026-06-19T16:33:47.434Z
d5176b0e-c5be-4ebe-8774-f267e597e81f,dlsu,"Academic Experience",ust,29,2026-06-19T16:33:47.434Z
d5176b0e-c5be-4ebe-8774-f267e597e81f,dlsu,"Social & Cultural Fit",admu,75,2026-06-19T16:33:47.434Z
d5176b0e-c5be-4ebe-8774-f267e597e81f,dlsu,"Social & Cultural Fit",dlsu,95,2026-06-19T16:33:47.434Z
d5176b0e-c5be-4ebe-8774-f267e597e81f,dlsu,"Social & Cultural Fit",up,51,2026-06-19T16:33:47.434Z
d5176b0e-c5be-4ebe-8774-f267e597e81f,dlsu,"Social & Cultural Fit",ust,56,2026-06-19T16:33:47.434Z
d5176b0e-c5be-4ebe-8774-f267e597e81f,dlsu,"Campus Life",admu,84,2026-06-19T16:33:47.434Z
d5176b0e-c5be-4ebe-8774-f267e597e81f,dlsu,"Campus Life",dlsu,133,2026-06-19T16:33:47.434Z
d5176b0e-c5be-4ebe-8774-f267e597e81f,dlsu,"Campus Life",up,73,2026-06-19T16:33:47.434Z
d5176b0e-c5be-4ebe-8774-f267e597e81f,dlsu,"Campus Life",ust,54,2026-06-19T16:33:47.434Z
d5176b0e-c5be-4ebe-8774-f267e597e81f,dlsu,"Values & Identity",admu,58,2026-06-19T16:33:47.434Z
d5176b0e-c5be-4ebe-8774-f267e597e81f,dlsu,"Values & Identity",dlsu,108,2026-06-19T16:33:47.434Z
d5176b0e-c5be-4ebe-8774-f267e597e81f,dlsu,"Values & Identity",up,47,2026-06-19T16:33:47.434Z
d5176b0e-c5be-4ebe-8774-f267e597e81f,dlsu,"Values & Identity",ust,61,2026-06-19T16:33:47.434Z
e61ca332-8476-47a3-9a8d-723d694c2ed5,ust,"Academic Experience",admu,58,2026-06-19T17:18:43.294Z
e61ca332-8476-47a3-9a8d-723d694c2ed5,ust,"Academic Experience",dlsu,30,2026-06-19T17:18:43.294Z
e61ca332-8476-47a3-9a8d-723d694c2ed5,ust,"Academic Experience",up,52,2026-06-19T17:18:43.294Z
e61ca332-8476-47a3-9a8d-723d694c2ed5,ust,"Academic Experience",ust,59,2026-06-19T17:18:43.294Z
e61ca332-8476-47a3-9a8d-723d694c2ed5,ust,"Social & Cultural Fit",admu,57,2026-06-19T17:18:43.294Z
e61ca332-8476-47a3-9a8d-723d694c2ed5,ust,"Social & Cultural Fit",dlsu,48,2026-06-19T17:18:43.294Z
e61ca332-8476-47a3-9a8d-723d694c2ed5,ust,"Social & Cultural Fit",up,106,2026-06-19T17:18:43.294Z
e61ca332-8476-47a3-9a8d-723d694c2ed5,ust,"Social & Cultural Fit",ust,108,2026-06-19T17:18:43.294Z
e61ca332-8476-47a3-9a8d-723d694c2ed5,ust,"Campus Life",admu,56,2026-06-19T17:18:43.294Z
e61ca332-8476-47a3-9a8d-723d694c2ed5,ust,"Campus Life",dlsu,76,2026-06-19T17:18:43.294Z
e61ca332-8476-47a3-9a8d-723d694c2ed5,ust,"Campus Life",up,97,2026-06-19T17:18:43.294Z
e61ca332-8476-47a3-9a8d-723d694c2ed5,ust,"Campus Life",ust,143,2026-06-19T17:18:43.294Z
e61ca332-8476-47a3-9a8d-723d694c2ed5,ust,"Values & Identity",admu,39,2026-06-19T17:18:43.294Z
e61ca332-8476-47a3-9a8d-723d694c2ed5,ust,"Values & Identity",dlsu,55,2026-06-19T17:18:43.294Z
e61ca332-8476-47a3-9a8d-723d694c2ed5,ust,"Values & Identity",up,59,2026-06-19T17:18:43.294Z
e61ca332-8476-47a3-9a8d-723d694c2ed5,ust,"Values & Identity",ust,125,2026-06-19T17:18:43.294Z
dc5bb2fc-539f-42ca-b612-ca588106b9c0,up,"Academic Experience",admu,42,2026-06-19T17:46:39.327Z
dc5bb2fc-539f-42ca-b612-ca588106b9c0,up,"Academic Experience",dlsu,18,2026-06-19T17:46:39.327Z
dc5bb2fc-539f-42ca-b612-ca588106b9c0,up,"Academic Experience",up,140,2026-06-19T17:46:39.327Z
dc5bb2fc-539f-42ca-b612-ca588106b9c0,up,"Academic Experience",ust,16,2026-06-19T17:46:39.327Z
dc5bb2fc-539f-42ca-b612-ca588106b9c0,up,"Social & Cultural Fit",admu,41,2026-06-19T17:46:39.327Z
dc5bb2fc-539f-42ca-b612-ca588106b9c0,up,"Social & Cultural Fit",dlsu,32,2026-06-19T17:46:39.327Z
dc5bb2fc-539f-42ca-b612-ca588106b9c0,up,"Social & Cultural Fit",up,136,2026-06-19T17:46:39.327Z
dc5bb2fc-539f-42ca-b612-ca588106b9c0,up,"Social & Cultural Fit",ust,91,2026-06-19T17:46:39.327Z
dc5bb2fc-539f-42ca-b612-ca588106b9c0,up,"Campus Life",admu,81,2026-06-19T17:46:39.327Z
dc5bb2fc-539f-42ca-b612-ca588106b9c0,up,"Campus Life",dlsu,57,2026-06-19T17:46:39.327Z
dc5bb2fc-539f-42ca-b612-ca588106b9c0,up,"Campus Life",up,152,2026-06-19T17:46:39.327Z
dc5bb2fc-539f-42ca-b612-ca588106b9c0,up,"Campus Life",ust,79,2026-06-19T17:46:39.327Z
dc5bb2fc-539f-42ca-b612-ca588106b9c0,up,"Values & Identity",admu,90,2026-06-19T17:46:39.327Z
dc5bb2fc-539f-42ca-b612-ca588106b9c0,up,"Values & Identity",dlsu,51,2026-06-19T17:46:39.327Z
dc5bb2fc-539f-42ca-b612-ca588106b9c0,up,"Values & Identity",up,104,2026-06-19T17:46:39.327Z
dc5bb2fc-539f-42ca-b612-ca588106b9c0,up,"Values & Identity",ust,38,2026-06-19T17:46:39.327Z
7910d717-fec6-449e-853f-77f1d5f714c4,admu,"Academic Experience",admu,113,2026-06-19T19:23:37.313Z
7910d717-fec6-449e-853f-77f1d5f714c4,admu,"Academic Experience",dlsu,43,2026-06-19T19:23:37.313Z
7910d717-fec6-449e-853f-77f1d5f714c4,admu,"Academic Experience",up,37,2026-06-19T19:23:37.313Z
7910d717-fec6-449e-853f-77f1d5f714c4,admu,"Academic Experience",ust,34,2026-06-19T19:23:37.313Z
7910d717-fec6-449e-853f-77f1d5f714c4,admu,"Social & Cultural Fit",admu,120,2026-06-19T19:23:37.313Z
7910d717-fec6-449e-853f-77f1d5f714c4,admu,"Social & Cultural Fit",dlsu,115,2026-06-19T19:23:37.313Z
7910d717-fec6-449e-853f-77f1d5f714c4,admu,"Social & Cultural Fit",up,14,2026-06-19T19:23:37.313Z
7910d717-fec6-449e-853f-77f1d5f714c4,admu,"Social & Cultural Fit",ust,38,2026-06-19T19:23:37.313Z
7910d717-fec6-449e-853f-77f1d5f714c4,admu,"Campus Life",admu,72,2026-06-19T19:23:37.313Z
7910d717-fec6-449e-853f-77f1d5f714c4,admu,"Campus Life",dlsu,67,2026-06-19T19:23:37.313Z
7910d717-fec6-449e-853f-77f1d5f714c4,admu,"Campus Life",up,106,2026-06-19T19:23:37.313Z
7910d717-fec6-449e-853f-77f1d5f714c4,admu,"Campus Life",ust,90,2026-06-19T19:23:37.313Z
7910d717-fec6-449e-853f-77f1d5f714c4,admu,"Values & Identity",admu,119,2026-06-19T19:23:37.313Z
7910d717-fec6-449e-853f-77f1d5f714c4,admu,"Values & Identity",dlsu,56,2026-06-19T19:23:37.313Z
7910d717-fec6-449e-853f-77f1d5f714c4,admu,"Values & Identity",up,50,2026-06-19T19:23:37.313Z
7910d717-fec6-449e-853f-77f1d5f714c4,admu,"Values & Identity",ust,36,2026-06-19T19:23:37.313Z
305fbeb6-9e87-47c1-aed4-75682d8ddf30,admu,"Academic Experience",admu,101,2026-06-19T22:12:03.867Z
305fbeb6-9e87-47c1-aed4-75682d8ddf30,admu,"Academic Experience",dlsu,38,2026-06-19T22:12:03.867Z
305fbeb6-9e87-47c1-aed4-75682d8ddf30,admu,"Academic Experience",up,41,2026-06-19T22:12:03.867Z
305fbeb6-9e87-47c1-aed4-75682d8ddf30,admu,"Academic Experience",ust,32,2026-06-19T22:12:03.867Z
305fbeb6-9e87-47c1-aed4-75682d8ddf30,admu,"Social & Cultural Fit",admu,106,2026-06-19T22:12:03.867Z
305fbeb6-9e87-47c1-aed4-75682d8ddf30,admu,"Social & Cultural Fit",dlsu,81,2026-06-19T22:12:03.867Z
305fbeb6-9e87-47c1-aed4-75682d8ddf30,admu,"Social & Cultural Fit",up,54,2026-06-19T22:12:03.867Z
305fbeb6-9e87-47c1-aed4-75682d8ddf30,admu,"Social & Cultural Fit",ust,56,2026-06-19T22:12:03.867Z
305fbeb6-9e87-47c1-aed4-75682d8ddf30,admu,"Campus Life",admu,114,2026-06-19T22:12:03.867Z
305fbeb6-9e87-47c1-aed4-75682d8ddf30,admu,"Campus Life",dlsu,85,2026-06-19T22:12:03.867Z
305fbeb6-9e87-47c1-aed4-75682d8ddf30,admu,"Campus Life",up,81,2026-06-19T22:12:03.867Z
305fbeb6-9e87-47c1-aed4-75682d8ddf30,admu,"Campus Life",ust,73,2026-06-19T22:12:03.867Z
305fbeb6-9e87-47c1-aed4-75682d8ddf30,admu,"Values & Identity",admu,98,2026-06-19T22:12:03.867Z
305fbeb6-9e87-47c1-aed4-75682d8ddf30,admu,"Values & Identity",dlsu,92,2026-06-19T22:12:03.867Z
305fbeb6-9e87-47c1-aed4-75682d8ddf30,admu,"Values & Identity",up,59,2026-06-19T22:12:03.867Z
305fbeb6-9e87-47c1-aed4-75682d8ddf30,admu,"Values & Identity",ust,35,2026-06-19T22:12:03.867Z
41775401-56b0-4ee4-ab90-8449d57bb181,admu,"Academic Experience",admu,98,2026-06-20T02:36:27.210Z
41775401-56b0-4ee4-ab90-8449d57bb181,admu,"Academic Experience",dlsu,34,2026-06-20T02:36:27.210Z
41775401-56b0-4ee4-ab90-8449d57bb181,admu,"Academic Experience",up,37,2026-06-20T02:36:27.210Z
41775401-56b0-4ee4-ab90-8449d57bb181,admu,"Academic Experience",ust,49,2026-06-20T02:36:27.210Z
41775401-56b0-4ee4-ab90-8449d57bb181,admu,"Social & Cultural Fit",admu,106,2026-06-20T02:36:27.210Z
41775401-56b0-4ee4-ab90-8449d57bb181,admu,"Social & Cultural Fit",dlsu,97,2026-06-20T02:36:27.210Z
41775401-56b0-4ee4-ab90-8449d57bb181,admu,"Social & Cultural Fit",up,37,2026-06-20T02:36:27.210Z
41775401-56b0-4ee4-ab90-8449d57bb181,admu,"Social & Cultural Fit",ust,60,2026-06-20T02:36:27.210Z
41775401-56b0-4ee4-ab90-8449d57bb181,admu,"Campus Life",admu,126,2026-06-20T02:36:27.210Z
41775401-56b0-4ee4-ab90-8449d57bb181,admu,"Campus Life",dlsu,111,2026-06-20T02:36:27.210Z
41775401-56b0-4ee4-ab90-8449d57bb181,admu,"Campus Life",up,65,2026-06-20T02:36:27.210Z
41775401-56b0-4ee4-ab90-8449d57bb181,admu,"Campus Life",ust,45,2026-06-20T02:36:27.210Z
41775401-56b0-4ee4-ab90-8449d57bb181,admu,"Values & Identity",admu,87,2026-06-20T02:36:27.210Z
41775401-56b0-4ee4-ab90-8449d57bb181,admu,"Values & Identity",dlsu,75,2026-06-20T02:36:27.210Z
41775401-56b0-4ee4-ab90-8449d57bb181,admu,"Values & Identity",up,34,2026-06-20T02:36:27.210Z
41775401-56b0-4ee4-ab90-8449d57bb181,admu,"Values & Identity",ust,56,2026-06-20T02:36:27.210Z
6c4f2197-58d6-4dd0-976c-d689ba6cba53,up,"Academic Experience",admu,57,2026-06-20T05:59:16.646Z
6c4f2197-58d6-4dd0-976c-d689ba6cba53,up,"Academic Experience",dlsu,45,2026-06-20T05:59:16.646Z
6c4f2197-58d6-4dd0-976c-d689ba6cba53,up,"Academic Experience",up,100,2026-06-20T05:59:16.646Z
6c4f2197-58d6-4dd0-976c-d689ba6cba53,up,"Academic Experience",ust,19,2026-06-20T05:59:16.646Z
6c4f2197-58d6-4dd0-976c-d689ba6cba53,up,"Social & Cultural Fit",admu,43,2026-06-20T05:59:16.646Z
6c4f2197-58d6-4dd0-976c-d689ba6cba53,up,"Social & Cultural Fit",dlsu,31,2026-06-20T05:59:16.646Z
6c4f2197-58d6-4dd0-976c-d689ba6cba53,up,"Social & Cultural Fit",up,130,2026-06-20T05:59:16.646Z
6c4f2197-58d6-4dd0-976c-d689ba6cba53,up,"Social & Cultural Fit",ust,107,2026-06-20T05:59:16.646Z
6c4f2197-58d6-4dd0-976c-d689ba6cba53,up,"Campus Life",admu,76,2026-06-20T05:59:16.646Z
6c4f2197-58d6-4dd0-976c-d689ba6cba53,up,"Campus Life",dlsu,45,2026-06-20T05:59:16.646Z
6c4f2197-58d6-4dd0-976c-d689ba6cba53,up,"Campus Life",up,160,2026-06-20T05:59:16.646Z
6c4f2197-58d6-4dd0-976c-d689ba6cba53,up,"Campus Life",ust,89,2026-06-20T05:59:16.646Z
6c4f2197-58d6-4dd0-976c-d689ba6cba53,up,"Values & Identity",admu,71,2026-06-20T05:59:16.646Z
6c4f2197-58d6-4dd0-976c-d689ba6cba53,up,"Values & Identity",dlsu,40,2026-06-20T05:59:16.646Z
6c4f2197-58d6-4dd0-976c-d689ba6cba53,up,"Values & Identity",up,118,2026-06-20T05:59:16.646Z
6c4f2197-58d6-4dd0-976c-d689ba6cba53,up,"Values & Identity",ust,32,2026-06-20T05:59:16.646Z
0eae4073-a933-4426-8868-a521b8fe8e16,up,"Academic Experience",admu,48,2026-06-20T06:33:43.672Z
0eae4073-a933-4426-8868-a521b8fe8e16,up,"Academic Experience",dlsu,46,2026-06-20T06:33:43.672Z
0eae4073-a933-4426-8868-a521b8fe8e16,up,"Academic Experience",up,85,2026-06-20T06:33:43.672Z
0eae4073-a933-4426-8868-a521b8fe8e16,up,"Academic Experience",ust,22,2026-06-20T06:33:43.672Z
0eae4073-a933-4426-8868-a521b8fe8e16,up,"Social & Cultural Fit",admu,56,2026-06-20T06:33:43.672Z
0eae4073-a933-4426-8868-a521b8fe8e16,up,"Social & Cultural Fit",dlsu,37,2026-06-20T06:33:43.672Z
0eae4073-a933-4426-8868-a521b8fe8e16,up,"Social & Cultural Fit",up,124,2026-06-20T06:33:43.672Z
0eae4073-a933-4426-8868-a521b8fe8e16,up,"Social & Cultural Fit",ust,84,2026-06-20T06:33:43.672Z
0eae4073-a933-4426-8868-a521b8fe8e16,up,"Campus Life",admu,86,2026-06-20T06:33:43.672Z
0eae4073-a933-4426-8868-a521b8fe8e16,up,"Campus Life",dlsu,82,2026-06-20T06:33:43.672Z
0eae4073-a933-4426-8868-a521b8fe8e16,up,"Campus Life",up,122,2026-06-20T06:33:43.672Z
0eae4073-a933-4426-8868-a521b8fe8e16,up,"Campus Life",ust,104,2026-06-20T06:33:43.672Z
0eae4073-a933-4426-8868-a521b8fe8e16,up,"Values & Identity",admu,55,2026-06-20T06:33:43.672Z
0eae4073-a933-4426-8868-a521b8fe8e16,up,"Values & Identity",dlsu,57,2026-06-20T06:33:43.672Z
0eae4073-a933-4426-8868-a521b8fe8e16,up,"Values & Identity",up,109,2026-06-20T06:33:43.672Z
0eae4073-a933-4426-8868-a521b8fe8e16,up,"Values & Identity",ust,47,2026-06-20T06:33:43.672Z
7c718b88-1194-4f81-9f35-ecb7525f4320,up,"Academic Experience",admu,50,2026-06-20T22:00:25.016Z
7c718b88-1194-4f81-9f35-ecb7525f4320,up,"Academic Experience",dlsu,31,2026-06-20T22:00:25.016Z
7c718b88-1194-4f81-9f35-ecb7525f4320,up,"Academic Experience",up,120,2026-06-20T22:00:25.016Z
7c718b88-1194-4f81-9f35-ecb7525f4320,up,"Academic Experience",ust,19,2026-06-20T22:00:25.016Z
7c718b88-1194-4f81-9f35-ecb7525f4320,up,"Social & Cultural Fit",admu,50,2026-06-20T22:00:25.016Z
7c718b88-1194-4f81-9f35-ecb7525f4320,up,"Social & Cultural Fit",dlsu,57,2026-06-20T22:00:25.016Z
7c718b88-1194-4f81-9f35-ecb7525f4320,up,"Social & Cultural Fit",up,114,2026-06-20T22:00:25.016Z
7c718b88-1194-4f81-9f35-ecb7525f4320,up,"Social & Cultural Fit",ust,89,2026-06-20T22:00:25.016Z
7c718b88-1194-4f81-9f35-ecb7525f4320,up,"Campus Life",admu,101,2026-06-20T22:00:25.016Z
7c718b88-1194-4f81-9f35-ecb7525f4320,up,"Campus Life",dlsu,91,2026-06-20T22:00:25.016Z
7c718b88-1194-4f81-9f35-ecb7525f4320,up,"Campus Life",up,119,2026-06-20T22:00:25.016Z
7c718b88-1194-4f81-9f35-ecb7525f4320,up,"Campus Life",ust,81,2026-06-20T22:00:25.016Z
7c718b88-1194-4f81-9f35-ecb7525f4320,up,"Values & Identity",admu,84,2026-06-20T22:00:25.016Z
7c718b88-1194-4f81-9f35-ecb7525f4320,up,"Values & Identity",dlsu,65,2026-06-20T22:00:25.016Z
7c718b88-1194-4f81-9f35-ecb7525f4320,up,"Values & Identity",up,84,2026-06-20T22:00:25.016Z
7c718b88-1194-4f81-9f35-ecb7525f4320,up,"Values & Identity",ust,40,2026-06-20T22:00:25.016Z
1c500aa2-5bda-44a4-a76c-056b3f02a0b7,admu,"Academic Experience",admu,94,2026-06-21T03:09:02.092Z
1c500aa2-5bda-44a4-a76c-056b3f02a0b7,admu,"Academic Experience",dlsu,27,2026-06-21T03:09:02.092Z
1c500aa2-5bda-44a4-a76c-056b3f02a0b7,admu,"Academic Experience",up,58,2026-06-21T03:09:02.092Z
1c500aa2-5bda-44a4-a76c-056b3f02a0b7,admu,"Academic Experience",ust,34,2026-06-21T03:09:02.092Z
1c500aa2-5bda-44a4-a76c-056b3f02a0b7,admu,"Social & Cultural Fit",admu,98,2026-06-21T03:09:02.092Z
1c500aa2-5bda-44a4-a76c-056b3f02a0b7,admu,"Social & Cultural Fit",dlsu,83,2026-06-21T03:09:02.092Z
1c500aa2-5bda-44a4-a76c-056b3f02a0b7,admu,"Social & Cultural Fit",up,53,2026-06-21T03:09:02.092Z
1c500aa2-5bda-44a4-a76c-056b3f02a0b7,admu,"Social & Cultural Fit",ust,65,2026-06-21T03:09:02.092Z
1c500aa2-5bda-44a4-a76c-056b3f02a0b7,admu,"Campus Life",admu,140,2026-06-21T03:09:02.092Z
1c500aa2-5bda-44a4-a76c-056b3f02a0b7,admu,"Campus Life",dlsu,90,2026-06-21T03:09:02.092Z
1c500aa2-5bda-44a4-a76c-056b3f02a0b7,admu,"Campus Life",up,87,2026-06-21T03:09:02.092Z
1c500aa2-5bda-44a4-a76c-056b3f02a0b7,admu,"Campus Life",ust,55,2026-06-21T03:09:02.092Z
1c500aa2-5bda-44a4-a76c-056b3f02a0b7,admu,"Values & Identity",admu,104,2026-06-21T03:09:02.092Z
1c500aa2-5bda-44a4-a76c-056b3f02a0b7,admu,"Values & Identity",dlsu,80,2026-06-21T03:09:02.092Z
1c500aa2-5bda-44a4-a76c-056b3f02a0b7,admu,"Values & Identity",up,53,2026-06-21T03:09:02.092Z
1c500aa2-5bda-44a4-a76c-056b3f02a0b7,admu,"Values & Identity",ust,43,2026-06-21T03:09:02.092Z
8268d8f2-8acf-4d94-8f3f-fa112a29fab9,dlsu,"Academic Experience",admu,57,2026-06-21T07:16:11.678Z
8268d8f2-8acf-4d94-8f3f-fa112a29fab9,dlsu,"Academic Experience",dlsu,110,2026-06-21T07:16:11.678Z
8268d8f2-8acf-4d94-8f3f-fa112a29fab9,dlsu,"Academic Experience",up,24,2026-06-21T07:16:11.678Z
8268d8f2-8acf-4d94-8f3f-fa112a29fab9,dlsu,"Academic Experience",ust,28,2026-06-21T07:16:11.678Z
8268d8f2-8acf-4d94-8f3f-fa112a29fab9,dlsu,"Social & Cultural Fit",admu,83,2026-06-21T07:16:11.678Z
8268d8f2-8acf-4d94-8f3f-fa112a29fab9,dlsu,"Social & Cultural Fit",dlsu,87,2026-06-21T07:16:11.678Z
8268d8f2-8acf-4d94-8f3f-fa112a29fab9,dlsu,"Social & Cultural Fit",up,42,2026-06-21T07:16:11.678Z
8268d8f2-8acf-4d94-8f3f-fa112a29fab9,dlsu,"Social & Cultural Fit",ust,64,2026-06-21T07:16:11.678Z
8268d8f2-8acf-4d94-8f3f-fa112a29fab9,dlsu,"Campus Life",admu,71,2026-06-21T07:16:11.678Z
8268d8f2-8acf-4d94-8f3f-fa112a29fab9,dlsu,"Campus Life",dlsu,145,2026-06-21T07:16:11.678Z
8268d8f2-8acf-4d94-8f3f-fa112a29fab9,dlsu,"Campus Life",up,66,2026-06-21T07:16:11.678Z
8268d8f2-8acf-4d94-8f3f-fa112a29fab9,dlsu,"Campus Life",ust,96,2026-06-21T07:16:11.678Z
8268d8f2-8acf-4d94-8f3f-fa112a29fab9,dlsu,"Values & Identity",admu,80,2026-06-21T07:16:11.678Z
8268d8f2-8acf-4d94-8f3f-fa112a29fab9,dlsu,"Values & Identity",dlsu,102,2026-06-21T07:16:11.678Z
8268d8f2-8acf-4d94-8f3f-fa112a29fab9,dlsu,"Values & Identity",up,41,2026-06-21T07:16:11.678Z
8268d8f2-8acf-4d94-8f3f-fa112a29fab9,dlsu,"Values & Identity",ust,47,2026-06-21T07:16:11.678Z
a9944758-1394-4700-b6c1-75302f9fccfb,admu,"Academic Experience",admu,80,2026-06-21T15:11:17.914Z
a9944758-1394-4700-b6c1-75302f9fccfb,admu,"Academic Experience",dlsu,30,2026-06-21T15:11:17.914Z
a9944758-1394-4700-b6c1-75302f9fccfb,admu,"Academic Experience",up,56,2026-06-21T15:11:17.914Z
a9944758-1394-4700-b6c1-75302f9fccfb,admu,"Academic Experience",ust,52,2026-06-21T15:11:17.914Z
a9944758-1394-4700-b6c1-75302f9fccfb,admu,"Social & Cultural Fit",admu,75,2026-06-21T15:11:17.914Z
a9944758-1394-4700-b6c1-75302f9fccfb,admu,"Social & Cultural Fit",dlsu,80,2026-06-21T15:11:17.914Z
a9944758-1394-4700-b6c1-75302f9fccfb,admu,"Social & Cultural Fit",up,56,2026-06-21T15:11:17.914Z
a9944758-1394-4700-b6c1-75302f9fccfb,admu,"Social & Cultural Fit",ust,55,2026-06-21T15:11:17.914Z
a9944758-1394-4700-b6c1-75302f9fccfb,admu,"Campus Life",admu,140,2026-06-21T15:11:17.914Z
a9944758-1394-4700-b6c1-75302f9fccfb,admu,"Campus Life",dlsu,90,2026-06-21T15:11:17.914Z
a9944758-1394-4700-b6c1-75302f9fccfb,admu,"Campus Life",up,87,2026-06-21T15:11:17.914Z
a9944758-1394-4700-b6c1-75302f9fccfb,admu,"Campus Life",ust,55,2026-06-21T15:11:17.914Z
a9944758-1394-4700-b6c1-75302f9fccfb,admu,"Values & Identity",admu,98,2026-06-21T15:11:17.914Z
a9944758-1394-4700-b6c1-75302f9fccfb,admu,"Values & Identity",dlsu,43,2026-06-21T15:11:17.914Z
a9944758-1394-4700-b6c1-75302f9fccfb,admu,"Values & Identity",up,92,2026-06-21T15:11:17.914Z
a9944758-1394-4700-b6c1-75302f9fccfb,admu,"Values & Identity",ust,22,2026-06-21T15:11:17.914Z
7c69fbc5-c7b1-40e8-9aef-877fac546732,admu,"Academic Experience",admu,94,2026-06-21T15:12:22.021Z
7c69fbc5-c7b1-40e8-9aef-877fac546732,admu,"Academic Experience",dlsu,31,2026-06-21T15:12:22.021Z
7c69fbc5-c7b1-40e8-9aef-877fac546732,admu,"Academic Experience",up,54,2026-06-21T15:12:22.021Z
7c69fbc5-c7b1-40e8-9aef-877fac546732,admu,"Academic Experience",ust,25,2026-06-21T15:12:22.021Z
7c69fbc5-c7b1-40e8-9aef-877fac546732,admu,"Social & Cultural Fit",admu,96,2026-06-21T15:12:22.021Z
7c69fbc5-c7b1-40e8-9aef-877fac546732,admu,"Social & Cultural Fit",dlsu,107,2026-06-21T15:12:22.021Z
7c69fbc5-c7b1-40e8-9aef-877fac546732,admu,"Social & Cultural Fit",up,19,2026-06-21T15:12:22.021Z
7c69fbc5-c7b1-40e8-9aef-877fac546732,admu,"Social & Cultural Fit",ust,49,2026-06-21T15:12:22.021Z
7c69fbc5-c7b1-40e8-9aef-877fac546732,admu,"Campus Life",admu,89,2026-06-21T15:12:22.021Z
7c69fbc5-c7b1-40e8-9aef-877fac546732,admu,"Campus Life",dlsu,92,2026-06-21T15:12:22.021Z
7c69fbc5-c7b1-40e8-9aef-877fac546732,admu,"Campus Life",up,101,2026-06-21T15:12:22.021Z
7c69fbc5-c7b1-40e8-9aef-877fac546732,admu,"Campus Life",ust,107,2026-06-21T15:12:22.021Z
7c69fbc5-c7b1-40e8-9aef-877fac546732,admu,"Values & Identity",admu,111,2026-06-21T15:12:22.021Z
7c69fbc5-c7b1-40e8-9aef-877fac546732,admu,"Values & Identity",dlsu,54,2026-06-21T15:12:22.021Z
7c69fbc5-c7b1-40e8-9aef-877fac546732,admu,"Values & Identity",up,74,2026-06-21T15:12:22.021Z
7c69fbc5-c7b1-40e8-9aef-877fac546732,admu,"Values & Identity",ust,44,2026-06-21T15:12:22.021Z
24ab0640-a101-4438-8609-b07aab94bbdc,dlsu,"Academic Experience",admu,52,2026-06-21T15:40:51.314Z
24ab0640-a101-4438-8609-b07aab94bbdc,dlsu,"Academic Experience",dlsu,104,2026-06-21T15:40:51.314Z
24ab0640-a101-4438-8609-b07aab94bbdc,dlsu,"Academic Experience",up,7,2026-06-21T15:40:51.314Z
24ab0640-a101-4438-8609-b07aab94bbdc,dlsu,"Academic Experience",ust,49,2026-06-21T15:40:51.314Z
24ab0640-a101-4438-8609-b07aab94bbdc,dlsu,"Social & Cultural Fit",admu,86,2026-06-21T15:40:51.314Z
24ab0640-a101-4438-8609-b07aab94bbdc,dlsu,"Social & Cultural Fit",dlsu,106,2026-06-21T15:40:51.314Z
24ab0640-a101-4438-8609-b07aab94bbdc,dlsu,"Social & Cultural Fit",up,42,2026-06-21T15:40:51.314Z
24ab0640-a101-4438-8609-b07aab94bbdc,dlsu,"Social & Cultural Fit",ust,70,2026-06-21T15:40:51.314Z
24ab0640-a101-4438-8609-b07aab94bbdc,dlsu,"Campus Life",admu,63,2026-06-21T15:40:51.314Z
24ab0640-a101-4438-8609-b07aab94bbdc,dlsu,"Campus Life",dlsu,107,2026-06-21T15:40:51.314Z
24ab0640-a101-4438-8609-b07aab94bbdc,dlsu,"Campus Life",up,106,2026-06-21T15:40:51.314Z
24ab0640-a101-4438-8609-b07aab94bbdc,dlsu,"Campus Life",ust,109,2026-06-21T15:40:51.314Z
24ab0640-a101-4438-8609-b07aab94bbdc,dlsu,"Values & Identity",admu,78,2026-06-21T15:40:51.314Z
24ab0640-a101-4438-8609-b07aab94bbdc,dlsu,"Values & Identity",dlsu,82,2026-06-21T15:40:51.314Z
24ab0640-a101-4438-8609-b07aab94bbdc,dlsu,"Values & Identity",up,61,2026-06-21T15:40:51.314Z
24ab0640-a101-4438-8609-b07aab94bbdc,dlsu,"Values & Identity",ust,31,2026-06-21T15:40:51.314Z
b8460ae0-9cef-4e13-b34f-adf9e22c5b45,admu,"Academic Experience",admu,77,2026-06-21T22:59:07.440Z
b8460ae0-9cef-4e13-b34f-adf9e22c5b45,admu,"Academic Experience",dlsu,32,2026-06-21T22:59:07.440Z
b8460ae0-9cef-4e13-b34f-adf9e22c5b45,admu,"Academic Experience",up,89,2026-06-21T22:59:07.440Z
b8460ae0-9cef-4e13-b34f-adf9e22c5b45,admu,"Academic Experience",ust,27,2026-06-21T22:59:07.440Z
b8460ae0-9cef-4e13-b34f-adf9e22c5b45,admu,"Social & Cultural Fit",admu,71,2026-06-21T22:59:07.440Z
b8460ae0-9cef-4e13-b34f-adf9e22c5b45,admu,"Social & Cultural Fit",dlsu,100,2026-06-21T22:59:07.440Z
b8460ae0-9cef-4e13-b34f-adf9e22c5b45,admu,"Social & Cultural Fit",up,34,2026-06-21T22:59:07.440Z
b8460ae0-9cef-4e13-b34f-adf9e22c5b45,admu,"Social & Cultural Fit",ust,64,2026-06-21T22:59:07.440Z
b8460ae0-9cef-4e13-b34f-adf9e22c5b45,admu,"Campus Life",admu,85,2026-06-21T22:59:07.440Z
b8460ae0-9cef-4e13-b34f-adf9e22c5b45,admu,"Campus Life",dlsu,75,2026-06-21T22:59:07.440Z
b8460ae0-9cef-4e13-b34f-adf9e22c5b45,admu,"Campus Life",up,85,2026-06-21T22:59:07.440Z
b8460ae0-9cef-4e13-b34f-adf9e22c5b45,admu,"Campus Life",ust,70,2026-06-21T22:59:07.440Z
b8460ae0-9cef-4e13-b34f-adf9e22c5b45,admu,"Values & Identity",admu,114,2026-06-21T22:59:07.440Z
b8460ae0-9cef-4e13-b34f-adf9e22c5b45,admu,"Values & Identity",dlsu,54,2026-06-21T22:59:07.440Z
b8460ae0-9cef-4e13-b34f-adf9e22c5b45,admu,"Values & Identity",up,78,2026-06-21T22:59:07.440Z
b8460ae0-9cef-4e13-b34f-adf9e22c5b45,admu,"Values & Identity",ust,29,2026-06-21T22:59:07.440Z
6c07bef1-7ca7-4df3-b7ff-e15b4e01540d,dlsu,"Academic Experience",admu,50,2026-06-22T00:04:41.128Z
6c07bef1-7ca7-4df3-b7ff-e15b4e01540d,dlsu,"Academic Experience",dlsu,108,2026-06-22T00:04:41.128Z
6c07bef1-7ca7-4df3-b7ff-e15b4e01540d,dlsu,"Academic Experience",up,22,2026-06-22T00:04:41.128Z
6c07bef1-7ca7-4df3-b7ff-e15b4e01540d,dlsu,"Academic Experience",ust,26,2026-06-22T00:04:41.128Z
6c07bef1-7ca7-4df3-b7ff-e15b4e01540d,dlsu,"Social & Cultural Fit",admu,90,2026-06-22T00:04:41.128Z
6c07bef1-7ca7-4df3-b7ff-e15b4e01540d,dlsu,"Social & Cultural Fit",dlsu,104,2026-06-22T00:04:41.128Z
6c07bef1-7ca7-4df3-b7ff-e15b4e01540d,dlsu,"Social & Cultural Fit",up,58,2026-06-22T00:04:41.128Z
6c07bef1-7ca7-4df3-b7ff-e15b4e01540d,dlsu,"Social & Cultural Fit",ust,58,2026-06-22T00:04:41.128Z
6c07bef1-7ca7-4df3-b7ff-e15b4e01540d,dlsu,"Campus Life",admu,88,2026-06-22T00:04:41.128Z
6c07bef1-7ca7-4df3-b7ff-e15b4e01540d,dlsu,"Campus Life",dlsu,161,2026-06-22T00:04:41.128Z
6c07bef1-7ca7-4df3-b7ff-e15b4e01540d,dlsu,"Campus Life",up,51,2026-06-22T00:04:41.128Z
6c07bef1-7ca7-4df3-b7ff-e15b4e01540d,dlsu,"Campus Life",ust,68,2026-06-22T00:04:41.128Z
6c07bef1-7ca7-4df3-b7ff-e15b4e01540d,dlsu,"Values & Identity",admu,54,2026-06-22T00:04:41.128Z
6c07bef1-7ca7-4df3-b7ff-e15b4e01540d,dlsu,"Values & Identity",dlsu,96,2026-06-22T00:04:41.128Z
6c07bef1-7ca7-4df3-b7ff-e15b4e01540d,dlsu,"Values & Identity",up,49,2026-06-22T00:04:41.128Z
6c07bef1-7ca7-4df3-b7ff-e15b4e01540d,dlsu,"Values & Identity",ust,41,2026-06-22T00:04:41.128Z
58d246de-763e-4a39-8bb5-d1c660346533,up,"Academic Experience",admu,70,2026-06-22T03:46:07.015Z
58d246de-763e-4a39-8bb5-d1c660346533,up,"Academic Experience",dlsu,45,2026-06-22T03:46:07.015Z
58d246de-763e-4a39-8bb5-d1c660346533,up,"Academic Experience",up,83,2026-06-22T03:46:07.015Z
58d246de-763e-4a39-8bb5-d1c660346533,up,"Academic Experience",ust,18,2026-06-22T03:46:07.015Z
58d246de-763e-4a39-8bb5-d1c660346533,up,"Social & Cultural Fit",admu,53,2026-06-22T03:46:07.015Z
58d246de-763e-4a39-8bb5-d1c660346533,up,"Social & Cultural Fit",dlsu,43,2026-06-22T03:46:07.015Z
58d246de-763e-4a39-8bb5-d1c660346533,up,"Social & Cultural Fit",up,99,2026-06-22T03:46:07.015Z
58d246de-763e-4a39-8bb5-d1c660346533,up,"Social & Cultural Fit",ust,70,2026-06-22T03:46:07.015Z
58d246de-763e-4a39-8bb5-d1c660346533,up,"Campus Life",admu,102,2026-06-22T03:46:07.015Z
58d246de-763e-4a39-8bb5-d1c660346533,up,"Campus Life",dlsu,92,2026-06-22T03:46:07.015Z
58d246de-763e-4a39-8bb5-d1c660346533,up,"Campus Life",up,127,2026-06-22T03:46:07.015Z
58d246de-763e-4a39-8bb5-d1c660346533,up,"Campus Life",ust,70,2026-06-22T03:46:07.015Z
58d246de-763e-4a39-8bb5-d1c660346533,up,"Values & Identity",admu,49,2026-06-22T03:46:07.015Z
58d246de-763e-4a39-8bb5-d1c660346533,up,"Values & Identity",dlsu,56,2026-06-22T03:46:07.015Z
58d246de-763e-4a39-8bb5-d1c660346533,up,"Values & Identity",up,108,2026-06-22T03:46:07.015Z
58d246de-763e-4a39-8bb5-d1c660346533,up,"Values & Identity",ust,44,2026-06-22T03:46:07.015Z
f4ce7c87-0234-4462-8b89-20ac6e03e9df,dlsu,"Academic Experience",admu,52,2026-06-22T06:00:42.128Z
f4ce7c87-0234-4462-8b89-20ac6e03e9df,dlsu,"Academic Experience",dlsu,106,2026-06-22T06:00:42.128Z
f4ce7c87-0234-4462-8b89-20ac6e03e9df,dlsu,"Academic Experience",up,26,2026-06-22T06:00:42.128Z
f4ce7c87-0234-4462-8b89-20ac6e03e9df,dlsu,"Academic Experience",ust,30,2026-06-22T06:00:42.128Z
f4ce7c87-0234-4462-8b89-20ac6e03e9df,dlsu,"Social & Cultural Fit",admu,84,2026-06-22T06:00:42.128Z
f4ce7c87-0234-4462-8b89-20ac6e03e9df,dlsu,"Social & Cultural Fit",dlsu,102,2026-06-22T06:00:42.128Z
f4ce7c87-0234-4462-8b89-20ac6e03e9df,dlsu,"Social & Cultural Fit",up,72,2026-06-22T06:00:42.128Z
f4ce7c87-0234-4462-8b89-20ac6e03e9df,dlsu,"Social & Cultural Fit",ust,80,2026-06-22T06:00:42.128Z
f4ce7c87-0234-4462-8b89-20ac6e03e9df,dlsu,"Campus Life",admu,91,2026-06-22T06:00:42.128Z
f4ce7c87-0234-4462-8b89-20ac6e03e9df,dlsu,"Campus Life",dlsu,127,2026-06-22T06:00:42.128Z
f4ce7c87-0234-4462-8b89-20ac6e03e9df,dlsu,"Campus Life",up,79,2026-06-22T06:00:42.128Z
f4ce7c87-0234-4462-8b89-20ac6e03e9df,dlsu,"Campus Life",ust,75,2026-06-22T06:00:42.128Z
f4ce7c87-0234-4462-8b89-20ac6e03e9df,dlsu,"Values & Identity",admu,56,2026-06-22T06:00:42.128Z
f4ce7c87-0234-4462-8b89-20ac6e03e9df,dlsu,"Values & Identity",dlsu,107,2026-06-22T06:00:42.128Z
f4ce7c87-0234-4462-8b89-20ac6e03e9df,dlsu,"Values & Identity",up,31,2026-06-22T06:00:42.128Z
f4ce7c87-0234-4462-8b89-20ac6e03e9df,dlsu,"Values & Identity",ust,67,2026-06-22T06:00:42.128Z
2c2e8710-f9ca-4cf2-8bf9-520764ef0c3e,dlsu,"Academic Experience",admu,53,2026-06-22T07:38:09.058Z
2c2e8710-f9ca-4cf2-8bf9-520764ef0c3e,dlsu,"Academic Experience",dlsu,124,2026-06-22T07:38:09.058Z
2c2e8710-f9ca-4cf2-8bf9-520764ef0c3e,dlsu,"Academic Experience",up,6,2026-06-22T07:38:09.058Z
2c2e8710-f9ca-4cf2-8bf9-520764ef0c3e,dlsu,"Academic Experience",ust,31,2026-06-22T07:38:09.058Z
2c2e8710-f9ca-4cf2-8bf9-520764ef0c3e,dlsu,"Social & Cultural Fit",admu,100,2026-06-22T07:38:09.058Z
2c2e8710-f9ca-4cf2-8bf9-520764ef0c3e,dlsu,"Social & Cultural Fit",dlsu,122,2026-06-22T07:38:09.058Z
2c2e8710-f9ca-4cf2-8bf9-520764ef0c3e,dlsu,"Social & Cultural Fit",up,38,2026-06-22T07:38:09.058Z
2c2e8710-f9ca-4cf2-8bf9-520764ef0c3e,dlsu,"Social & Cultural Fit",ust,54,2026-06-22T07:38:09.058Z
2c2e8710-f9ca-4cf2-8bf9-520764ef0c3e,dlsu,"Campus Life",admu,76,2026-06-22T07:38:09.058Z
2c2e8710-f9ca-4cf2-8bf9-520764ef0c3e,dlsu,"Campus Life",dlsu,157,2026-06-22T07:38:09.058Z
2c2e8710-f9ca-4cf2-8bf9-520764ef0c3e,dlsu,"Campus Life",up,58,2026-06-22T07:38:09.058Z
2c2e8710-f9ca-4cf2-8bf9-520764ef0c3e,dlsu,"Campus Life",ust,86,2026-06-22T07:38:09.058Z
2c2e8710-f9ca-4cf2-8bf9-520764ef0c3e,dlsu,"Values & Identity",admu,66,2026-06-22T07:38:09.058Z
2c2e8710-f9ca-4cf2-8bf9-520764ef0c3e,dlsu,"Values & Identity",dlsu,116,2026-06-22T07:38:09.058Z
2c2e8710-f9ca-4cf2-8bf9-520764ef0c3e,dlsu,"Values & Identity",up,39,2026-06-22T07:38:09.058Z
2c2e8710-f9ca-4cf2-8bf9-520764ef0c3e,dlsu,"Values & Identity",ust,49,2026-06-22T07:38:09.058Z
f0fa35e1-b238-4073-88f5-0084fc8faa6f,up,"Academic Experience",admu,41,2026-06-22T15:11:57.002Z
f0fa35e1-b238-4073-88f5-0084fc8faa6f,up,"Academic Experience",dlsu,18,2026-06-22T15:11:57.002Z
f0fa35e1-b238-4073-88f5-0084fc8faa6f,up,"Academic Experience",up,120,2026-06-22T15:11:57.002Z
f0fa35e1-b238-4073-88f5-0084fc8faa6f,up,"Academic Experience",ust,33,2026-06-22T15:11:57.002Z
f0fa35e1-b238-4073-88f5-0084fc8faa6f,up,"Social & Cultural Fit",admu,39,2026-06-22T15:11:57.002Z
f0fa35e1-b238-4073-88f5-0084fc8faa6f,up,"Social & Cultural Fit",dlsu,29,2026-06-22T15:11:57.002Z
f0fa35e1-b238-4073-88f5-0084fc8faa6f,up,"Social & Cultural Fit",up,130,2026-06-22T15:11:57.002Z
f0fa35e1-b238-4073-88f5-0084fc8faa6f,up,"Social & Cultural Fit",ust,97,2026-06-22T15:11:57.002Z
f0fa35e1-b238-4073-88f5-0084fc8faa6f,up,"Campus Life",admu,79,2026-06-22T15:11:57.002Z
f0fa35e1-b238-4073-88f5-0084fc8faa6f,up,"Campus Life",dlsu,71,2026-06-22T15:11:57.002Z
f0fa35e1-b238-4073-88f5-0084fc8faa6f,up,"Campus Life",up,133,2026-06-22T15:11:57.002Z
f0fa35e1-b238-4073-88f5-0084fc8faa6f,up,"Campus Life",ust,91,2026-06-22T15:11:57.002Z
f0fa35e1-b238-4073-88f5-0084fc8faa6f,up,"Values & Identity",admu,77,2026-06-22T15:11:57.002Z
f0fa35e1-b238-4073-88f5-0084fc8faa6f,up,"Values & Identity",dlsu,70,2026-06-22T15:11:57.002Z
f0fa35e1-b238-4073-88f5-0084fc8faa6f,up,"Values & Identity",up,84,2026-06-22T15:11:57.002Z
f0fa35e1-b238-4073-88f5-0084fc8faa6f,up,"Values & Identity",ust,58,2026-06-22T15:11:57.002Z
67ecac26-3382-4da0-96aa-4b2ac39d6a4a,ust,"Academic Experience",admu,22,2026-06-22T15:33:33.909Z
67ecac26-3382-4da0-96aa-4b2ac39d6a4a,ust,"Academic Experience",dlsu,20,2026-06-22T15:33:33.909Z
67ecac26-3382-4da0-96aa-4b2ac39d6a4a,ust,"Academic Experience",up,32,2026-06-22T15:33:33.909Z
67ecac26-3382-4da0-96aa-4b2ac39d6a4a,ust,"Academic Experience",ust,102,2026-06-22T15:33:33.909Z
67ecac26-3382-4da0-96aa-4b2ac39d6a4a,ust,"Social & Cultural Fit",admu,53,2026-06-22T15:33:33.909Z
67ecac26-3382-4da0-96aa-4b2ac39d6a4a,ust,"Social & Cultural Fit",dlsu,70,2026-06-22T15:33:33.909Z
67ecac26-3382-4da0-96aa-4b2ac39d6a4a,ust,"Social & Cultural Fit",up,81,2026-06-22T15:33:33.909Z
67ecac26-3382-4da0-96aa-4b2ac39d6a4a,ust,"Social & Cultural Fit",ust,108,2026-06-22T15:33:33.909Z
67ecac26-3382-4da0-96aa-4b2ac39d6a4a,ust,"Campus Life",admu,67,2026-06-22T15:33:33.909Z
67ecac26-3382-4da0-96aa-4b2ac39d6a4a,ust,"Campus Life",dlsu,68,2026-06-22T15:33:33.909Z
67ecac26-3382-4da0-96aa-4b2ac39d6a4a,ust,"Campus Life",up,94,2026-06-22T15:33:33.909Z
67ecac26-3382-4da0-96aa-4b2ac39d6a4a,ust,"Campus Life",ust,129,2026-06-22T15:33:33.909Z
67ecac26-3382-4da0-96aa-4b2ac39d6a4a,ust,"Values & Identity",admu,39,2026-06-22T15:33:33.909Z
67ecac26-3382-4da0-96aa-4b2ac39d6a4a,ust,"Values & Identity",dlsu,55,2026-06-22T15:33:33.909Z
67ecac26-3382-4da0-96aa-4b2ac39d6a4a,ust,"Values & Identity",up,59,2026-06-22T15:33:33.909Z
67ecac26-3382-4da0-96aa-4b2ac39d6a4a,ust,"Values & Identity",ust,125,2026-06-22T15:33:33.909Z
105abf69-d1ce-4d58-acce-becad33156bb,up,"Academic Experience",admu,36,2026-06-22T19:41:43.443Z
105abf69-d1ce-4d58-acce-becad33156bb,up,"Academic Experience",dlsu,15,2026-06-22T19:41:43.443Z
105abf69-d1ce-4d58-acce-becad33156bb,up,"Academic Experience",up,120,2026-06-22T19:41:43.443Z
105abf69-d1ce-4d58-acce-becad33156bb,up,"Academic Experience",ust,36,2026-06-22T19:41:43.443Z
105abf69-d1ce-4d58-acce-becad33156bb,up,"Social & Cultural Fit",admu,40,2026-06-22T19:41:43.443Z
105abf69-d1ce-4d58-acce-becad33156bb,up,"Social & Cultural Fit",dlsu,43,2026-06-22T19:41:43.443Z
105abf69-d1ce-4d58-acce-becad33156bb,up,"Social & Cultural Fit",up,112,2026-06-22T19:41:43.443Z
105abf69-d1ce-4d58-acce-becad33156bb,up,"Social & Cultural Fit",ust,76,2026-06-22T19:41:43.443Z
105abf69-d1ce-4d58-acce-becad33156bb,up,"Campus Life",admu,62,2026-06-22T19:41:43.443Z
105abf69-d1ce-4d58-acce-becad33156bb,up,"Campus Life",dlsu,55,2026-06-22T19:41:43.443Z
105abf69-d1ce-4d58-acce-becad33156bb,up,"Campus Life",up,125,2026-06-22T19:41:43.443Z
105abf69-d1ce-4d58-acce-becad33156bb,up,"Campus Life",ust,129,2026-06-22T19:41:43.443Z
105abf69-d1ce-4d58-acce-becad33156bb,up,"Values & Identity",admu,53,2026-06-22T19:41:43.443Z
105abf69-d1ce-4d58-acce-becad33156bb,up,"Values & Identity",dlsu,46,2026-06-22T19:41:43.443Z
105abf69-d1ce-4d58-acce-becad33156bb,up,"Values & Identity",up,88,2026-06-22T19:41:43.443Z
105abf69-d1ce-4d58-acce-becad33156bb,up,"Values & Identity",ust,51,2026-06-22T19:41:43.443Z
89843f47-8695-4df7-b2ea-45205d6b62e7,up,"Academic Experience",admu,33,2026-06-22T22:36:59.043Z
89843f47-8695-4df7-b2ea-45205d6b62e7,up,"Academic Experience",dlsu,38,2026-06-22T22:36:59.043Z
89843f47-8695-4df7-b2ea-45205d6b62e7,up,"Academic Experience",up,85,2026-06-22T22:36:59.043Z
89843f47-8695-4df7-b2ea-45205d6b62e7,up,"Academic Experience",ust,44,2026-06-22T22:36:59.043Z
89843f47-8695-4df7-b2ea-45205d6b62e7,up,"Social & Cultural Fit",admu,41,2026-06-22T22:36:59.043Z
89843f47-8695-4df7-b2ea-45205d6b62e7,up,"Social & Cultural Fit",dlsu,32,2026-06-22T22:36:59.043Z
89843f47-8695-4df7-b2ea-45205d6b62e7,up,"Social & Cultural Fit",up,136,2026-06-22T22:36:59.043Z
89843f47-8695-4df7-b2ea-45205d6b62e7,up,"Social & Cultural Fit",ust,91,2026-06-22T22:36:59.043Z
89843f47-8695-4df7-b2ea-45205d6b62e7,up,"Campus Life",admu,89,2026-06-22T22:36:59.043Z
89843f47-8695-4df7-b2ea-45205d6b62e7,up,"Campus Life",dlsu,82,2026-06-22T22:36:59.043Z
89843f47-8695-4df7-b2ea-45205d6b62e7,up,"Campus Life",up,120,2026-06-22T22:36:59.043Z
89843f47-8695-4df7-b2ea-45205d6b62e7,up,"Campus Life",ust,78,2026-06-22T22:36:59.043Z
89843f47-8695-4df7-b2ea-45205d6b62e7,up,"Values & Identity",admu,57,2026-06-22T22:36:59.043Z
89843f47-8695-4df7-b2ea-45205d6b62e7,up,"Values & Identity",dlsu,54,2026-06-22T22:36:59.043Z
89843f47-8695-4df7-b2ea-45205d6b62e7,up,"Values & Identity",up,116,2026-06-22T22:36:59.043Z
89843f47-8695-4df7-b2ea-45205d6b62e7,up,"Values & Identity",ust,34,2026-06-22T22:36:59.043Z
761cd9a2-791d-47d1-bf24-1815e81c4c3d,ust,"Academic Experience",admu,22,2026-06-23T05:48:13.117Z
761cd9a2-791d-47d1-bf24-1815e81c4c3d,ust,"Academic Experience",dlsu,20,2026-06-23T05:48:13.117Z
761cd9a2-791d-47d1-bf24-1815e81c4c3d,ust,"Academic Experience",up,32,2026-06-23T05:48:13.117Z
761cd9a2-791d-47d1-bf24-1815e81c4c3d,ust,"Academic Experience",ust,102,2026-06-23T05:48:13.117Z
761cd9a2-791d-47d1-bf24-1815e81c4c3d,ust,"Social & Cultural Fit",admu,61,2026-06-23T05:48:13.117Z
761cd9a2-791d-47d1-bf24-1815e81c4c3d,ust,"Social & Cultural Fit",dlsu,51,2026-06-23T05:48:13.117Z
761cd9a2-791d-47d1-bf24-1815e81c4c3d,ust,"Social & Cultural Fit",up,91,2026-06-23T05:48:13.117Z
761cd9a2-791d-47d1-bf24-1815e81c4c3d,ust,"Social & Cultural Fit",ust,82,2026-06-23T05:48:13.117Z
761cd9a2-791d-47d1-bf24-1815e81c4c3d,ust,"Campus Life",admu,86,2026-06-23T05:48:13.117Z
761cd9a2-791d-47d1-bf24-1815e81c4c3d,ust,"Campus Life",dlsu,50,2026-06-23T05:48:13.117Z
761cd9a2-791d-47d1-bf24-1815e81c4c3d,ust,"Campus Life",up,110,2026-06-23T05:48:13.117Z
761cd9a2-791d-47d1-bf24-1815e81c4c3d,ust,"Campus Life",ust,114,2026-06-23T05:48:13.117Z
761cd9a2-791d-47d1-bf24-1815e81c4c3d,ust,"Values & Identity",admu,65,2026-06-23T05:48:13.117Z
761cd9a2-791d-47d1-bf24-1815e81c4c3d,ust,"Values & Identity",dlsu,76,2026-06-23T05:48:13.117Z
761cd9a2-791d-47d1-bf24-1815e81c4c3d,ust,"Values & Identity",up,44,2026-06-23T05:48:13.117Z
761cd9a2-791d-47d1-bf24-1815e81c4c3d,ust,"Values & Identity",ust,82,2026-06-23T05:48:13.117Z
dad34568-4bf6-4bdc-a3b0-b64626c28349,up,"Academic Experience",admu,44,2026-06-23T11:05:28.393Z
dad34568-4bf6-4bdc-a3b0-b64626c28349,up,"Academic Experience",dlsu,22,2026-06-23T11:05:28.393Z
dad34568-4bf6-4bdc-a3b0-b64626c28349,up,"Academic Experience",up,124,2026-06-23T11:05:28.393Z
dad34568-4bf6-4bdc-a3b0-b64626c28349,up,"Academic Experience",ust,16,2026-06-23T11:05:28.393Z
dad34568-4bf6-4bdc-a3b0-b64626c28349,up,"Social & Cultural Fit",admu,41,2026-06-23T11:05:28.393Z
dad34568-4bf6-4bdc-a3b0-b64626c28349,up,"Social & Cultural Fit",dlsu,32,2026-06-23T11:05:28.393Z
dad34568-4bf6-4bdc-a3b0-b64626c28349,up,"Social & Cultural Fit",up,136,2026-06-23T11:05:28.393Z
dad34568-4bf6-4bdc-a3b0-b64626c28349,up,"Social & Cultural Fit",ust,91,2026-06-23T11:05:28.393Z
dad34568-4bf6-4bdc-a3b0-b64626c28349,up,"Campus Life",admu,98,2026-06-23T11:05:28.393Z
dad34568-4bf6-4bdc-a3b0-b64626c28349,up,"Campus Life",dlsu,75,2026-06-23T11:05:28.393Z
dad34568-4bf6-4bdc-a3b0-b64626c28349,up,"Campus Life",up,136,2026-06-23T11:05:28.393Z
dad34568-4bf6-4bdc-a3b0-b64626c28349,up,"Campus Life",ust,58,2026-06-23T11:05:28.393Z
dad34568-4bf6-4bdc-a3b0-b64626c28349,up,"Values & Identity",admu,59,2026-06-23T11:05:28.393Z
dad34568-4bf6-4bdc-a3b0-b64626c28349,up,"Values & Identity",dlsu,38,2026-06-23T11:05:28.393Z
dad34568-4bf6-4bdc-a3b0-b64626c28349,up,"Values & Identity",up,136,2026-06-23T11:05:28.393Z
dad34568-4bf6-4bdc-a3b0-b64626c28349,up,"Values & Identity",ust,32,2026-06-23T11:05:28.393Z
2c52ce8b-48ae-4c54-9bc4-58a48dd7b2dc,admu,"Academic Experience",admu,95,2026-06-23T12:58:50.712Z
2c52ce8b-48ae-4c54-9bc4-58a48dd7b2dc,admu,"Academic Experience",dlsu,45,2026-06-23T12:58:50.712Z
2c52ce8b-48ae-4c54-9bc4-58a48dd7b2dc,admu,"Academic Experience",up,19,2026-06-23T12:58:50.712Z
2c52ce8b-48ae-4c54-9bc4-58a48dd7b2dc,admu,"Academic Experience",ust,51,2026-06-23T12:58:50.712Z
2c52ce8b-48ae-4c54-9bc4-58a48dd7b2dc,admu,"Social & Cultural Fit",admu,99,2026-06-23T12:58:50.712Z
2c52ce8b-48ae-4c54-9bc4-58a48dd7b2dc,admu,"Social & Cultural Fit",dlsu,95,2026-06-23T12:58:50.712Z
2c52ce8b-48ae-4c54-9bc4-58a48dd7b2dc,admu,"Social & Cultural Fit",up,31,2026-06-23T12:58:50.712Z
2c52ce8b-48ae-4c54-9bc4-58a48dd7b2dc,admu,"Social & Cultural Fit",ust,45,2026-06-23T12:58:50.712Z
2c52ce8b-48ae-4c54-9bc4-58a48dd7b2dc,admu,"Campus Life",admu,114,2026-06-23T12:58:50.712Z
2c52ce8b-48ae-4c54-9bc4-58a48dd7b2dc,admu,"Campus Life",dlsu,91,2026-06-23T12:58:50.712Z
2c52ce8b-48ae-4c54-9bc4-58a48dd7b2dc,admu,"Campus Life",up,105,2026-06-23T12:58:50.712Z
2c52ce8b-48ae-4c54-9bc4-58a48dd7b2dc,admu,"Campus Life",ust,61,2026-06-23T12:58:50.712Z
2c52ce8b-48ae-4c54-9bc4-58a48dd7b2dc,admu,"Values & Identity",admu,117,2026-06-23T12:58:50.712Z
2c52ce8b-48ae-4c54-9bc4-58a48dd7b2dc,admu,"Values & Identity",dlsu,60,2026-06-23T12:58:50.712Z
2c52ce8b-48ae-4c54-9bc4-58a48dd7b2dc,admu,"Values & Identity",up,40,2026-06-23T12:58:50.712Z
2c52ce8b-48ae-4c54-9bc4-58a48dd7b2dc,admu,"Values & Identity",ust,40,2026-06-23T12:58:50.712Z
05ed3fe2-5528-4c85-bdf2-cefbe1edb64d,up,"Academic Experience",admu,47,2026-06-23T13:46:05.429Z
05ed3fe2-5528-4c85-bdf2-cefbe1edb64d,up,"Academic Experience",dlsu,36,2026-06-23T13:46:05.429Z
05ed3fe2-5528-4c85-bdf2-cefbe1edb64d,up,"Academic Experience",up,100,2026-06-23T13:46:05.429Z
05ed3fe2-5528-4c85-bdf2-cefbe1edb64d,up,"Academic Experience",ust,31,2026-06-23T13:46:05.429Z
05ed3fe2-5528-4c85-bdf2-cefbe1edb64d,up,"Social & Cultural Fit",admu,74,2026-06-23T13:46:05.429Z
05ed3fe2-5528-4c85-bdf2-cefbe1edb64d,up,"Social & Cultural Fit",dlsu,61,2026-06-23T13:46:05.429Z
05ed3fe2-5528-4c85-bdf2-cefbe1edb64d,up,"Social & Cultural Fit",up,101,2026-06-23T13:46:05.429Z
05ed3fe2-5528-4c85-bdf2-cefbe1edb64d,up,"Social & Cultural Fit",ust,78,2026-06-23T13:46:05.429Z
05ed3fe2-5528-4c85-bdf2-cefbe1edb64d,up,"Campus Life",admu,77,2026-06-23T13:46:05.429Z
05ed3fe2-5528-4c85-bdf2-cefbe1edb64d,up,"Campus Life",dlsu,82,2026-06-23T13:46:05.429Z
05ed3fe2-5528-4c85-bdf2-cefbe1edb64d,up,"Campus Life",up,138,2026-06-23T13:46:05.429Z
05ed3fe2-5528-4c85-bdf2-cefbe1edb64d,up,"Campus Life",ust,78,2026-06-23T13:46:05.429Z
05ed3fe2-5528-4c85-bdf2-cefbe1edb64d,up,"Values & Identity",admu,67,2026-06-23T13:46:05.429Z
05ed3fe2-5528-4c85-bdf2-cefbe1edb64d,up,"Values & Identity",dlsu,46,2026-06-23T13:46:05.429Z
05ed3fe2-5528-4c85-bdf2-cefbe1edb64d,up,"Values & Identity",up,128,2026-06-23T13:46:05.429Z
05ed3fe2-5528-4c85-bdf2-cefbe1edb64d,up,"Values & Identity",ust,20,2026-06-23T13:46:05.429Z
68d9e3ee-d855-48c6-ae4b-d2081a3a888b,up,"Academic Experience",admu,42,2026-06-23T15:14:55.187Z
68d9e3ee-d855-48c6-ae4b-d2081a3a888b,up,"Academic Experience",dlsu,18,2026-06-23T15:14:55.187Z
68d9e3ee-d855-48c6-ae4b-d2081a3a888b,up,"Academic Experience",up,140,2026-06-23T15:14:55.187Z
68d9e3ee-d855-48c6-ae4b-d2081a3a888b,up,"Academic Experience",ust,16,2026-06-23T15:14:55.187Z
68d9e3ee-d855-48c6-ae4b-d2081a3a888b,up,"Social & Cultural Fit",admu,41,2026-06-23T15:14:55.187Z
68d9e3ee-d855-48c6-ae4b-d2081a3a888b,up,"Social & Cultural Fit",dlsu,32,2026-06-23T15:14:55.187Z
68d9e3ee-d855-48c6-ae4b-d2081a3a888b,up,"Social & Cultural Fit",up,136,2026-06-23T15:14:55.187Z
68d9e3ee-d855-48c6-ae4b-d2081a3a888b,up,"Social & Cultural Fit",ust,91,2026-06-23T15:14:55.187Z
68d9e3ee-d855-48c6-ae4b-d2081a3a888b,up,"Campus Life",admu,93,2026-06-23T15:14:55.187Z
68d9e3ee-d855-48c6-ae4b-d2081a3a888b,up,"Campus Life",dlsu,63,2026-06-23T15:14:55.187Z
68d9e3ee-d855-48c6-ae4b-d2081a3a888b,up,"Campus Life",up,144,2026-06-23T15:14:55.187Z
68d9e3ee-d855-48c6-ae4b-d2081a3a888b,up,"Campus Life",ust,68,2026-06-23T15:14:55.187Z
68d9e3ee-d855-48c6-ae4b-d2081a3a888b,up,"Values & Identity",admu,67,2026-06-23T15:14:55.187Z
68d9e3ee-d855-48c6-ae4b-d2081a3a888b,up,"Values & Identity",dlsu,42,2026-06-23T15:14:55.187Z
68d9e3ee-d855-48c6-ae4b-d2081a3a888b,up,"Values & Identity",up,106,2026-06-23T15:14:55.187Z
68d9e3ee-d855-48c6-ae4b-d2081a3a888b,up,"Values & Identity",ust,34,2026-06-23T15:14:55.187Z
b8f0e8dd-ffd5-42ae-96c2-376efb02dd20,admu,"Academic Experience",admu,76,2026-06-23T15:56:06.258Z
b8f0e8dd-ffd5-42ae-96c2-376efb02dd20,admu,"Academic Experience",dlsu,40,2026-06-23T15:56:06.258Z
b8f0e8dd-ffd5-42ae-96c2-376efb02dd20,admu,"Academic Experience",up,52,2026-06-23T15:56:06.258Z
b8f0e8dd-ffd5-42ae-96c2-376efb02dd20,admu,"Academic Experience",ust,54,2026-06-23T15:56:06.258Z
b8f0e8dd-ffd5-42ae-96c2-376efb02dd20,admu,"Social & Cultural Fit",admu,103,2026-06-23T15:56:06.258Z
b8f0e8dd-ffd5-42ae-96c2-376efb02dd20,admu,"Social & Cultural Fit",dlsu,107,2026-06-23T15:56:06.258Z
b8f0e8dd-ffd5-42ae-96c2-376efb02dd20,admu,"Social & Cultural Fit",up,20,2026-06-23T15:56:06.258Z
b8f0e8dd-ffd5-42ae-96c2-376efb02dd20,admu,"Social & Cultural Fit",ust,51,2026-06-23T15:56:06.258Z
b8f0e8dd-ffd5-42ae-96c2-376efb02dd20,admu,"Campus Life",admu,140,2026-06-23T15:56:06.258Z
b8f0e8dd-ffd5-42ae-96c2-376efb02dd20,admu,"Campus Life",dlsu,102,2026-06-23T15:56:06.258Z
b8f0e8dd-ffd5-42ae-96c2-376efb02dd20,admu,"Campus Life",up,73,2026-06-23T15:56:06.258Z
b8f0e8dd-ffd5-42ae-96c2-376efb02dd20,admu,"Campus Life",ust,53,2026-06-23T15:56:06.258Z
b8f0e8dd-ffd5-42ae-96c2-376efb02dd20,admu,"Values & Identity",admu,91,2026-06-23T15:56:06.258Z
b8f0e8dd-ffd5-42ae-96c2-376efb02dd20,admu,"Values & Identity",dlsu,48,2026-06-23T15:56:06.258Z
b8f0e8dd-ffd5-42ae-96c2-376efb02dd20,admu,"Values & Identity",up,92,2026-06-23T15:56:06.258Z
b8f0e8dd-ffd5-42ae-96c2-376efb02dd20,admu,"Values & Identity",ust,40,2026-06-23T15:56:06.258Z
13283e3c-8251-4ccb-9342-773dce4ccb88,ust,"Academic Experience",admu,28,2026-06-23T18:28:00.625Z
13283e3c-8251-4ccb-9342-773dce4ccb88,ust,"Academic Experience",dlsu,38,2026-06-23T18:28:00.625Z
13283e3c-8251-4ccb-9342-773dce4ccb88,ust,"Academic Experience",up,12,2026-06-23T18:28:00.625Z
13283e3c-8251-4ccb-9342-773dce4ccb88,ust,"Academic Experience",ust,100,2026-06-23T18:28:00.625Z
13283e3c-8251-4ccb-9342-773dce4ccb88,ust,"Social & Cultural Fit",admu,57,2026-06-23T18:28:00.625Z
13283e3c-8251-4ccb-9342-773dce4ccb88,ust,"Social & Cultural Fit",dlsu,53,2026-06-23T18:28:00.625Z
13283e3c-8251-4ccb-9342-773dce4ccb88,ust,"Social & Cultural Fit",up,90,2026-06-23T18:28:00.625Z
13283e3c-8251-4ccb-9342-773dce4ccb88,ust,"Social & Cultural Fit",ust,110,2026-06-23T18:28:00.625Z
13283e3c-8251-4ccb-9342-773dce4ccb88,ust,"Campus Life",admu,79,2026-06-23T18:28:00.625Z
13283e3c-8251-4ccb-9342-773dce4ccb88,ust,"Campus Life",dlsu,67,2026-06-23T18:28:00.625Z
13283e3c-8251-4ccb-9342-773dce4ccb88,ust,"Campus Life",up,93,2026-06-23T18:28:00.625Z
13283e3c-8251-4ccb-9342-773dce4ccb88,ust,"Campus Life",ust,101,2026-06-23T18:28:00.625Z
13283e3c-8251-4ccb-9342-773dce4ccb88,ust,"Values & Identity",admu,38,2026-06-23T18:28:00.625Z
13283e3c-8251-4ccb-9342-773dce4ccb88,ust,"Values & Identity",dlsu,68,2026-06-23T18:28:00.625Z
13283e3c-8251-4ccb-9342-773dce4ccb88,ust,"Values & Identity",up,44,2026-06-23T18:28:00.625Z
13283e3c-8251-4ccb-9342-773dce4ccb88,ust,"Values & Identity",ust,110,2026-06-23T18:28:00.625Z
1a32f276-c1be-4f4a-94d7-4a9877aa5767,up,"Academic Experience",admu,60,2026-06-23T18:51:38.662Z
1a32f276-c1be-4f4a-94d7-4a9877aa5767,up,"Academic Experience",dlsu,22,2026-06-23T18:51:38.662Z
1a32f276-c1be-4f4a-94d7-4a9877aa5767,up,"Academic Experience",up,121,2026-06-23T18:51:38.662Z
1a32f276-c1be-4f4a-94d7-4a9877aa5767,up,"Academic Experience",ust,13,2026-06-23T18:51:38.662Z
1a32f276-c1be-4f4a-94d7-4a9877aa5767,up,"Social & Cultural Fit",admu,65,2026-06-23T18:51:38.662Z
1a32f276-c1be-4f4a-94d7-4a9877aa5767,up,"Social & Cultural Fit",dlsu,55,2026-06-23T18:51:38.662Z
1a32f276-c1be-4f4a-94d7-4a9877aa5767,up,"Social & Cultural Fit",up,77,2026-06-23T18:51:38.662Z
1a32f276-c1be-4f4a-94d7-4a9877aa5767,up,"Social & Cultural Fit",ust,83,2026-06-23T18:51:38.662Z
1a32f276-c1be-4f4a-94d7-4a9877aa5767,up,"Campus Life",admu,89,2026-06-23T18:51:38.662Z
1a32f276-c1be-4f4a-94d7-4a9877aa5767,up,"Campus Life",dlsu,89,2026-06-23T18:51:38.662Z
1a32f276-c1be-4f4a-94d7-4a9877aa5767,up,"Campus Life",up,100,2026-06-23T18:51:38.662Z
1a32f276-c1be-4f4a-94d7-4a9877aa5767,up,"Campus Life",ust,65,2026-06-23T18:51:38.662Z
1a32f276-c1be-4f4a-94d7-4a9877aa5767,up,"Values & Identity",admu,77,2026-06-23T18:51:38.662Z
1a32f276-c1be-4f4a-94d7-4a9877aa5767,up,"Values & Identity",dlsu,52,2026-06-23T18:51:38.662Z
1a32f276-c1be-4f4a-94d7-4a9877aa5767,up,"Values & Identity",up,94,2026-06-23T18:51:38.662Z
1a32f276-c1be-4f4a-94d7-4a9877aa5767,up,"Values & Identity",ust,46,2026-06-23T18:51:38.662Z
a62f106d-5cae-4c22-b760-a3beeab3fa28,ust,"Academic Experience",admu,41,2026-06-23T20:12:35.558Z
a62f106d-5cae-4c22-b760-a3beeab3fa28,ust,"Academic Experience",dlsu,19,2026-06-23T20:12:35.558Z
a62f106d-5cae-4c22-b760-a3beeab3fa28,ust,"Academic Experience",up,36,2026-06-23T20:12:35.558Z
a62f106d-5cae-4c22-b760-a3beeab3fa28,ust,"Academic Experience",ust,85,2026-06-23T20:12:35.558Z
a62f106d-5cae-4c22-b760-a3beeab3fa28,ust,"Social & Cultural Fit",admu,40,2026-06-23T20:12:35.558Z
a62f106d-5cae-4c22-b760-a3beeab3fa28,ust,"Social & Cultural Fit",dlsu,40,2026-06-23T20:12:35.558Z
a62f106d-5cae-4c22-b760-a3beeab3fa28,ust,"Social & Cultural Fit",up,112,2026-06-23T20:12:35.558Z
a62f106d-5cae-4c22-b760-a3beeab3fa28,ust,"Social & Cultural Fit",ust,121,2026-06-23T20:12:35.558Z
a62f106d-5cae-4c22-b760-a3beeab3fa28,ust,"Campus Life",admu,56,2026-06-23T20:12:35.558Z
a62f106d-5cae-4c22-b760-a3beeab3fa28,ust,"Campus Life",dlsu,76,2026-06-23T20:12:35.558Z
a62f106d-5cae-4c22-b760-a3beeab3fa28,ust,"Campus Life",up,97,2026-06-23T20:12:35.558Z
a62f106d-5cae-4c22-b760-a3beeab3fa28,ust,"Campus Life",ust,143,2026-06-23T20:12:35.558Z
a62f106d-5cae-4c22-b760-a3beeab3fa28,ust,"Values & Identity",admu,39,2026-06-23T20:12:35.558Z
a62f106d-5cae-4c22-b760-a3beeab3fa28,ust,"Values & Identity",dlsu,55,2026-06-23T20:12:35.558Z
a62f106d-5cae-4c22-b760-a3beeab3fa28,ust,"Values & Identity",up,59,2026-06-23T20:12:35.558Z
a62f106d-5cae-4c22-b760-a3beeab3fa28,ust,"Values & Identity",ust,125,2026-06-23T20:12:35.558Z
5c0dc938-1d99-4c12-995e-4c3ac67d45b9,admu,"Academic Experience",admu,113,2026-06-24T00:11:55.576Z
5c0dc938-1d99-4c12-995e-4c3ac67d45b9,admu,"Academic Experience",dlsu,43,2026-06-24T00:11:55.576Z
5c0dc938-1d99-4c12-995e-4c3ac67d45b9,admu,"Academic Experience",up,37,2026-06-24T00:11:55.576Z
5c0dc938-1d99-4c12-995e-4c3ac67d45b9,admu,"Academic Experience",ust,34,2026-06-24T00:11:55.576Z
5c0dc938-1d99-4c12-995e-4c3ac67d45b9,admu,"Social & Cultural Fit",admu,113,2026-06-24T00:11:55.576Z
5c0dc938-1d99-4c12-995e-4c3ac67d45b9,admu,"Social & Cultural Fit",dlsu,104,2026-06-24T00:11:55.576Z
5c0dc938-1d99-4c12-995e-4c3ac67d45b9,admu,"Social & Cultural Fit",up,21,2026-06-24T00:11:55.576Z
5c0dc938-1d99-4c12-995e-4c3ac67d45b9,admu,"Social & Cultural Fit",ust,41,2026-06-24T00:11:55.576Z
5c0dc938-1d99-4c12-995e-4c3ac67d45b9,admu,"Campus Life",admu,129,2026-06-24T00:11:55.576Z
5c0dc938-1d99-4c12-995e-4c3ac67d45b9,admu,"Campus Life",dlsu,93,2026-06-24T00:11:55.576Z
5c0dc938-1d99-4c12-995e-4c3ac67d45b9,admu,"Campus Life",up,69,2026-06-24T00:11:55.576Z
5c0dc938-1d99-4c12-995e-4c3ac67d45b9,admu,"Campus Life",ust,57,2026-06-24T00:11:55.576Z
5c0dc938-1d99-4c12-995e-4c3ac67d45b9,admu,"Values & Identity",admu,116,2026-06-24T00:11:55.576Z
5c0dc938-1d99-4c12-995e-4c3ac67d45b9,admu,"Values & Identity",dlsu,57,2026-06-24T00:11:55.576Z
5c0dc938-1d99-4c12-995e-4c3ac67d45b9,admu,"Values & Identity",up,73,2026-06-24T00:11:55.576Z
5c0dc938-1d99-4c12-995e-4c3ac67d45b9,admu,"Values & Identity",ust,45,2026-06-24T00:11:55.576Z
cdfc081c-a79f-49ca-ba40-5dff9492cd60,ust,"Academic Experience",admu,22,2026-06-24T00:47:25.558Z
cdfc081c-a79f-49ca-ba40-5dff9492cd60,ust,"Academic Experience",dlsu,20,2026-06-24T00:47:25.558Z
cdfc081c-a79f-49ca-ba40-5dff9492cd60,ust,"Academic Experience",up,32,2026-06-24T00:47:25.558Z
cdfc081c-a79f-49ca-ba40-5dff9492cd60,ust,"Academic Experience",ust,102,2026-06-24T00:47:25.558Z
cdfc081c-a79f-49ca-ba40-5dff9492cd60,ust,"Social & Cultural Fit",admu,56,2026-06-24T00:47:25.558Z
cdfc081c-a79f-49ca-ba40-5dff9492cd60,ust,"Social & Cultural Fit",dlsu,60,2026-06-24T00:47:25.558Z
cdfc081c-a79f-49ca-ba40-5dff9492cd60,ust,"Social & Cultural Fit",up,78,2026-06-24T00:47:25.558Z
cdfc081c-a79f-49ca-ba40-5dff9492cd60,ust,"Social & Cultural Fit",ust,95,2026-06-24T00:47:25.558Z
cdfc081c-a79f-49ca-ba40-5dff9492cd60,ust,"Campus Life",admu,87,2026-06-24T00:47:25.558Z
cdfc081c-a79f-49ca-ba40-5dff9492cd60,ust,"Campus Life",dlsu,115,2026-06-24T00:47:25.558Z
cdfc081c-a79f-49ca-ba40-5dff9492cd60,ust,"Campus Life",up,52,2026-06-24T00:47:25.558Z
cdfc081c-a79f-49ca-ba40-5dff9492cd60,ust,"Campus Life",ust,89,2026-06-24T00:47:25.558Z
cdfc081c-a79f-49ca-ba40-5dff9492cd60,ust,"Values & Identity",admu,39,2026-06-24T00:47:25.558Z
cdfc081c-a79f-49ca-ba40-5dff9492cd60,ust,"Values & Identity",dlsu,55,2026-06-24T00:47:25.558Z
cdfc081c-a79f-49ca-ba40-5dff9492cd60,ust,"Values & Identity",up,59,2026-06-24T00:47:25.558Z
cdfc081c-a79f-49ca-ba40-5dff9492cd60,ust,"Values & Identity",ust,125,2026-06-24T00:47:25.558Z
b2495130-8698-4f12-a1fb-164897ca12fb,dlsu,"Academic Experience",admu,47,2026-06-24T04:11:08.404Z
b2495130-8698-4f12-a1fb-164897ca12fb,dlsu,"Academic Experience",dlsu,106,2026-06-24T04:11:08.404Z
b2495130-8698-4f12-a1fb-164897ca12fb,dlsu,"Academic Experience",up,26,2026-06-24T04:11:08.404Z
b2495130-8698-4f12-a1fb-164897ca12fb,dlsu,"Academic Experience",ust,33,2026-06-24T04:11:08.404Z
b2495130-8698-4f12-a1fb-164897ca12fb,dlsu,"Social & Cultural Fit",admu,100,2026-06-24T04:11:08.404Z
b2495130-8698-4f12-a1fb-164897ca12fb,dlsu,"Social & Cultural Fit",dlsu,122,2026-06-24T04:11:08.404Z
b2495130-8698-4f12-a1fb-164897ca12fb,dlsu,"Social & Cultural Fit",up,38,2026-06-24T04:11:08.404Z
b2495130-8698-4f12-a1fb-164897ca12fb,dlsu,"Social & Cultural Fit",ust,54,2026-06-24T04:11:08.404Z
b2495130-8698-4f12-a1fb-164897ca12fb,dlsu,"Campus Life",admu,81,2026-06-24T04:11:08.404Z
b2495130-8698-4f12-a1fb-164897ca12fb,dlsu,"Campus Life",dlsu,167,2026-06-24T04:11:08.404Z
b2495130-8698-4f12-a1fb-164897ca12fb,dlsu,"Campus Life",up,47,2026-06-24T04:11:08.404Z
b2495130-8698-4f12-a1fb-164897ca12fb,dlsu,"Campus Life",ust,64,2026-06-24T04:11:08.404Z
b2495130-8698-4f12-a1fb-164897ca12fb,dlsu,"Values & Identity",admu,66,2026-06-24T04:11:08.404Z
b2495130-8698-4f12-a1fb-164897ca12fb,dlsu,"Values & Identity",dlsu,116,2026-06-24T04:11:08.404Z
b2495130-8698-4f12-a1fb-164897ca12fb,dlsu,"Values & Identity",up,39,2026-06-24T04:11:08.404Z
b2495130-8698-4f12-a1fb-164897ca12fb,dlsu,"Values & Identity",ust,49,2026-06-24T04:11:08.404Z
294c8430-9f3f-4a22-b33b-ce7a94ab8941,dlsu,"Academic Experience",admu,52,2026-06-24T05:57:47.546Z
294c8430-9f3f-4a22-b33b-ce7a94ab8941,dlsu,"Academic Experience",dlsu,106,2026-06-24T05:57:47.546Z
294c8430-9f3f-4a22-b33b-ce7a94ab8941,dlsu,"Academic Experience",up,26,2026-06-24T05:57:47.546Z
294c8430-9f3f-4a22-b33b-ce7a94ab8941,dlsu,"Academic Experience",ust,30,2026-06-24T05:57:47.546Z
294c8430-9f3f-4a22-b33b-ce7a94ab8941,dlsu,"Social & Cultural Fit",admu,103,2026-06-24T05:57:47.546Z
294c8430-9f3f-4a22-b33b-ce7a94ab8941,dlsu,"Social & Cultural Fit",dlsu,105,2026-06-24T05:57:47.546Z
294c8430-9f3f-4a22-b33b-ce7a94ab8941,dlsu,"Social & Cultural Fit",up,41,2026-06-24T05:57:47.546Z
294c8430-9f3f-4a22-b33b-ce7a94ab8941,dlsu,"Social & Cultural Fit",ust,48,2026-06-24T05:57:47.546Z
294c8430-9f3f-4a22-b33b-ce7a94ab8941,dlsu,"Campus Life",admu,89,2026-06-24T05:57:47.546Z
294c8430-9f3f-4a22-b33b-ce7a94ab8941,dlsu,"Campus Life",dlsu,117,2026-06-24T05:57:47.546Z
294c8430-9f3f-4a22-b33b-ce7a94ab8941,dlsu,"Campus Life",up,102,2026-06-24T05:57:47.546Z
294c8430-9f3f-4a22-b33b-ce7a94ab8941,dlsu,"Campus Life",ust,80,2026-06-24T05:57:47.546Z
294c8430-9f3f-4a22-b33b-ce7a94ab8941,dlsu,"Values & Identity",admu,74,2026-06-24T05:57:47.546Z
294c8430-9f3f-4a22-b33b-ce7a94ab8941,dlsu,"Values & Identity",dlsu,100,2026-06-24T05:57:47.546Z
294c8430-9f3f-4a22-b33b-ce7a94ab8941,dlsu,"Values & Identity",up,43,2026-06-24T05:57:47.546Z
294c8430-9f3f-4a22-b33b-ce7a94ab8941,dlsu,"Values & Identity",ust,49,2026-06-24T05:57:47.546Z
b6278dd5-82e0-4573-a37c-0f92b18b0563,dlsu,"Academic Experience",admu,51,2026-06-24T08:20:59.404Z
b6278dd5-82e0-4573-a37c-0f92b18b0563,dlsu,"Academic Experience",dlsu,107,2026-06-24T08:20:59.404Z
b6278dd5-82e0-4573-a37c-0f92b18b0563,dlsu,"Academic Experience",up,4,2026-06-24T08:20:59.404Z
b6278dd5-82e0-4573-a37c-0f92b18b0563,dlsu,"Academic Experience",ust,48,2026-06-24T08:20:59.404Z
b6278dd5-82e0-4573-a37c-0f92b18b0563,dlsu,"Social & Cultural Fit",admu,89,2026-06-24T08:20:59.404Z
b6278dd5-82e0-4573-a37c-0f92b18b0563,dlsu,"Social & Cultural Fit",dlsu,90,2026-06-24T08:20:59.404Z
b6278dd5-82e0-4573-a37c-0f92b18b0563,dlsu,"Social & Cultural Fit",up,73,2026-06-24T08:20:59.404Z
b6278dd5-82e0-4573-a37c-0f92b18b0563,dlsu,"Social & Cultural Fit",ust,76,2026-06-24T08:20:59.404Z
b6278dd5-82e0-4573-a37c-0f92b18b0563,dlsu,"Campus Life",admu,79,2026-06-24T08:20:59.404Z
b6278dd5-82e0-4573-a37c-0f92b18b0563,dlsu,"Campus Life",dlsu,169,2026-06-24T08:20:59.404Z
b6278dd5-82e0-4573-a37c-0f92b18b0563,dlsu,"Campus Life",up,55,2026-06-24T08:20:59.404Z
b6278dd5-82e0-4573-a37c-0f92b18b0563,dlsu,"Campus Life",ust,72,2026-06-24T08:20:59.404Z
b6278dd5-82e0-4573-a37c-0f92b18b0563,dlsu,"Values & Identity",admu,66,2026-06-24T08:20:59.404Z
b6278dd5-82e0-4573-a37c-0f92b18b0563,dlsu,"Values & Identity",dlsu,116,2026-06-24T08:20:59.404Z
b6278dd5-82e0-4573-a37c-0f92b18b0563,dlsu,"Values & Identity",up,39,2026-06-24T08:20:59.404Z
b6278dd5-82e0-4573-a37c-0f92b18b0563,dlsu,"Values & Identity",ust,49,2026-06-24T08:20:59.404Z
6f651c6c-2abc-4c16-8b21-71619b31de4d,admu,"Academic Experience",admu,80,2026-06-24T09:33:56.552Z
6f651c6c-2abc-4c16-8b21-71619b31de4d,admu,"Academic Experience",dlsu,61,2026-06-24T09:33:56.552Z
6f651c6c-2abc-4c16-8b21-71619b31de4d,admu,"Academic Experience",up,34,2026-06-24T09:33:56.552Z
6f651c6c-2abc-4c16-8b21-71619b31de4d,admu,"Academic Experience",ust,40,2026-06-24T09:33:56.552Z
6f651c6c-2abc-4c16-8b21-71619b31de4d,admu,"Social & Cultural Fit",admu,113,2026-06-24T09:33:56.552Z
6f651c6c-2abc-4c16-8b21-71619b31de4d,admu,"Social & Cultural Fit",dlsu,99,2026-06-24T09:33:56.552Z
6f651c6c-2abc-4c16-8b21-71619b31de4d,admu,"Social & Cultural Fit",up,29,2026-06-24T09:33:56.552Z
6f651c6c-2abc-4c16-8b21-71619b31de4d,admu,"Social & Cultural Fit",ust,46,2026-06-24T09:33:56.552Z
6f651c6c-2abc-4c16-8b21-71619b31de4d,admu,"Campus Life",admu,123,2026-06-24T09:33:56.552Z
6f651c6c-2abc-4c16-8b21-71619b31de4d,admu,"Campus Life",dlsu,103,2026-06-24T09:33:56.552Z
6f651c6c-2abc-4c16-8b21-71619b31de4d,admu,"Campus Life",up,65,2026-06-24T09:33:56.552Z
6f651c6c-2abc-4c16-8b21-71619b31de4d,admu,"Campus Life",ust,60,2026-06-24T09:33:56.552Z
6f651c6c-2abc-4c16-8b21-71619b31de4d,admu,"Values & Identity",admu,119,2026-06-24T09:33:56.552Z
6f651c6c-2abc-4c16-8b21-71619b31de4d,admu,"Values & Identity",dlsu,68,2026-06-24T09:33:56.552Z
6f651c6c-2abc-4c16-8b21-71619b31de4d,admu,"Values & Identity",up,66,2026-06-24T09:33:56.552Z
6f651c6c-2abc-4c16-8b21-71619b31de4d,admu,"Values & Identity",ust,30,2026-06-24T09:33:56.552Z
4d49afbc-9f76-4a25-b9a7-b0a3719c0154,admu,"Academic Experience",admu,99,2026-06-24T19:21:06.750Z
4d49afbc-9f76-4a25-b9a7-b0a3719c0154,admu,"Academic Experience",dlsu,34,2026-06-24T19:21:06.750Z
4d49afbc-9f76-4a25-b9a7-b0a3719c0154,admu,"Academic Experience",up,57,2026-06-24T19:21:06.750Z
4d49afbc-9f76-4a25-b9a7-b0a3719c0154,admu,"Academic Experience",ust,32,2026-06-24T19:21:06.750Z
4d49afbc-9f76-4a25-b9a7-b0a3719c0154,admu,"Social & Cultural Fit",admu,89,2026-06-24T19:21:06.750Z
4d49afbc-9f76-4a25-b9a7-b0a3719c0154,admu,"Social & Cultural Fit",dlsu,88,2026-06-24T19:21:06.750Z
4d49afbc-9f76-4a25-b9a7-b0a3719c0154,admu,"Social & Cultural Fit",up,27,2026-06-24T19:21:06.750Z
4d49afbc-9f76-4a25-b9a7-b0a3719c0154,admu,"Social & Cultural Fit",ust,49,2026-06-24T19:21:06.750Z
4d49afbc-9f76-4a25-b9a7-b0a3719c0154,admu,"Campus Life",admu,84,2026-06-24T19:21:06.750Z
4d49afbc-9f76-4a25-b9a7-b0a3719c0154,admu,"Campus Life",dlsu,81,2026-06-24T19:21:06.750Z
4d49afbc-9f76-4a25-b9a7-b0a3719c0154,admu,"Campus Life",up,97,2026-06-24T19:21:06.750Z
4d49afbc-9f76-4a25-b9a7-b0a3719c0154,admu,"Campus Life",ust,91,2026-06-24T19:21:06.750Z
4d49afbc-9f76-4a25-b9a7-b0a3719c0154,admu,"Values & Identity",admu,115,2026-06-24T19:21:06.750Z
4d49afbc-9f76-4a25-b9a7-b0a3719c0154,admu,"Values & Identity",dlsu,49,2026-06-24T19:21:06.750Z
4d49afbc-9f76-4a25-b9a7-b0a3719c0154,admu,"Values & Identity",up,40,2026-06-24T19:21:06.750Z
4d49afbc-9f76-4a25-b9a7-b0a3719c0154,admu,"Values & Identity",ust,48,2026-06-24T19:21:06.750Z
83c7bbfd-40d0-4906-9bd8-5832590311ce,up,"Academic Experience",admu,56,2026-06-24T22:42:38.630Z
83c7bbfd-40d0-4906-9bd8-5832590311ce,up,"Academic Experience",dlsu,48,2026-06-24T22:42:38.630Z
83c7bbfd-40d0-4906-9bd8-5832590311ce,up,"Academic Experience",up,88,2026-06-24T22:42:38.630Z
83c7bbfd-40d0-4906-9bd8-5832590311ce,up,"Academic Experience",ust,22,2026-06-24T22:42:38.630Z
83c7bbfd-40d0-4906-9bd8-5832590311ce,up,"Social & Cultural Fit",admu,42,2026-06-24T22:42:38.630Z
83c7bbfd-40d0-4906-9bd8-5832590311ce,up,"Social & Cultural Fit",dlsu,54,2026-06-24T22:42:38.630Z
83c7bbfd-40d0-4906-9bd8-5832590311ce,up,"Social & Cultural Fit",up,68,2026-06-24T22:42:38.630Z
83c7bbfd-40d0-4906-9bd8-5832590311ce,up,"Social & Cultural Fit",ust,98,2026-06-24T22:42:38.630Z
83c7bbfd-40d0-4906-9bd8-5832590311ce,up,"Campus Life",admu,83,2026-06-24T22:42:38.630Z
83c7bbfd-40d0-4906-9bd8-5832590311ce,up,"Campus Life",dlsu,64,2026-06-24T22:42:38.630Z
83c7bbfd-40d0-4906-9bd8-5832590311ce,up,"Campus Life",up,148,2026-06-24T22:42:38.630Z
83c7bbfd-40d0-4906-9bd8-5832590311ce,up,"Campus Life",ust,83,2026-06-24T22:42:38.630Z
83c7bbfd-40d0-4906-9bd8-5832590311ce,up,"Values & Identity",admu,80,2026-06-24T22:42:38.630Z
83c7bbfd-40d0-4906-9bd8-5832590311ce,up,"Values & Identity",dlsu,60,2026-06-24T22:42:38.630Z
83c7bbfd-40d0-4906-9bd8-5832590311ce,up,"Values & Identity",up,98,2026-06-24T22:42:38.630Z
83c7bbfd-40d0-4906-9bd8-5832590311ce,up,"Values & Identity",ust,25,2026-06-24T22:42:38.630Z
5e5a9096-6a67-4b35-b34d-f800b66c47af,ust,"Academic Experience",admu,28,2026-06-25T00:30:59.202Z
5e5a9096-6a67-4b35-b34d-f800b66c47af,ust,"Academic Experience",dlsu,38,2026-06-25T00:30:59.202Z
5e5a9096-6a67-4b35-b34d-f800b66c47af,ust,"Academic Experience",up,12,2026-06-25T00:30:59.202Z
5e5a9096-6a67-4b35-b34d-f800b66c47af,ust,"Academic Experience",ust,100,2026-06-25T00:30:59.202Z
5e5a9096-6a67-4b35-b34d-f800b66c47af,ust,"Social & Cultural Fit",admu,75,2026-06-25T00:30:59.202Z
5e5a9096-6a67-4b35-b34d-f800b66c47af,ust,"Social & Cultural Fit",dlsu,74,2026-06-25T00:30:59.202Z
5e5a9096-6a67-4b35-b34d-f800b66c47af,ust,"Social & Cultural Fit",up,77,2026-06-25T00:30:59.202Z
5e5a9096-6a67-4b35-b34d-f800b66c47af,ust,"Social & Cultural Fit",ust,92,2026-06-25T00:30:59.202Z
5e5a9096-6a67-4b35-b34d-f800b66c47af,ust,"Campus Life",admu,90,2026-06-25T00:30:59.202Z
5e5a9096-6a67-4b35-b34d-f800b66c47af,ust,"Campus Life",dlsu,49,2026-06-25T00:30:59.202Z
5e5a9096-6a67-4b35-b34d-f800b66c47af,ust,"Campus Life",up,113,2026-06-25T00:30:59.202Z
5e5a9096-6a67-4b35-b34d-f800b66c47af,ust,"Campus Life",ust,132,2026-06-25T00:30:59.202Z
5e5a9096-6a67-4b35-b34d-f800b66c47af,ust,"Values & Identity",admu,56,2026-06-25T00:30:59.202Z
5e5a9096-6a67-4b35-b34d-f800b66c47af,ust,"Values & Identity",dlsu,67,2026-06-25T00:30:59.202Z
5e5a9096-6a67-4b35-b34d-f800b66c47af,ust,"Values & Identity",up,79,2026-06-25T00:30:59.202Z
5e5a9096-6a67-4b35-b34d-f800b66c47af,ust,"Values & Identity",ust,67,2026-06-25T00:30:59.202Z
99e97fc5-87c7-4946-9f59-1215e1fc370b,ust,"Academic Experience",admu,30,2026-06-25T02:06:36.937Z
99e97fc5-87c7-4946-9f59-1215e1fc370b,ust,"Academic Experience",dlsu,54,2026-06-25T02:06:36.937Z
99e97fc5-87c7-4946-9f59-1215e1fc370b,ust,"Academic Experience",up,30,2026-06-25T02:06:36.937Z
99e97fc5-87c7-4946-9f59-1215e1fc370b,ust,"Academic Experience",ust,69,2026-06-25T02:06:36.937Z
99e97fc5-87c7-4946-9f59-1215e1fc370b,ust,"Social & Cultural Fit",admu,56,2026-06-25T02:06:36.937Z
99e97fc5-87c7-4946-9f59-1215e1fc370b,ust,"Social & Cultural Fit",dlsu,55,2026-06-25T02:06:36.937Z
99e97fc5-87c7-4946-9f59-1215e1fc370b,ust,"Social & Cultural Fit",up,61,2026-06-25T02:06:36.937Z
99e97fc5-87c7-4946-9f59-1215e1fc370b,ust,"Social & Cultural Fit",ust,100,2026-06-25T02:06:36.937Z
99e97fc5-87c7-4946-9f59-1215e1fc370b,ust,"Campus Life",admu,66,2026-06-25T02:06:36.937Z
99e97fc5-87c7-4946-9f59-1215e1fc370b,ust,"Campus Life",dlsu,91,2026-06-25T02:06:36.937Z
99e97fc5-87c7-4946-9f59-1215e1fc370b,ust,"Campus Life",up,88,2026-06-25T02:06:36.937Z
99e97fc5-87c7-4946-9f59-1215e1fc370b,ust,"Campus Life",ust,119,2026-06-25T02:06:36.937Z
99e97fc5-87c7-4946-9f59-1215e1fc370b,ust,"Values & Identity",admu,61,2026-06-25T02:06:36.937Z
99e97fc5-87c7-4946-9f59-1215e1fc370b,ust,"Values & Identity",dlsu,83,2026-06-25T02:06:36.937Z
99e97fc5-87c7-4946-9f59-1215e1fc370b,ust,"Values & Identity",up,69,2026-06-25T02:06:36.937Z
99e97fc5-87c7-4946-9f59-1215e1fc370b,ust,"Values & Identity",ust,69,2026-06-25T02:06:36.937Z
31b561e1-4566-4baa-9123-370bc66e60db,admu,"Academic Experience",admu,83,2026-06-25T03:02:25.613Z
31b561e1-4566-4baa-9123-370bc66e60db,admu,"Academic Experience",dlsu,34,2026-06-25T03:02:25.613Z
31b561e1-4566-4baa-9123-370bc66e60db,admu,"Academic Experience",up,60,2026-06-25T03:02:25.613Z
31b561e1-4566-4baa-9123-370bc66e60db,admu,"Academic Experience",ust,35,2026-06-25T03:02:25.613Z
31b561e1-4566-4baa-9123-370bc66e60db,admu,"Social & Cultural Fit",admu,104,2026-06-25T03:02:25.613Z
31b561e1-4566-4baa-9123-370bc66e60db,admu,"Social & Cultural Fit",dlsu,100,2026-06-25T03:02:25.613Z
31b561e1-4566-4baa-9123-370bc66e60db,admu,"Social & Cultural Fit",up,54,2026-06-25T03:02:25.613Z
31b561e1-4566-4baa-9123-370bc66e60db,admu,"Social & Cultural Fit",ust,59,2026-06-25T03:02:25.613Z
31b561e1-4566-4baa-9123-370bc66e60db,admu,"Campus Life",admu,82,2026-06-25T03:02:25.613Z
31b561e1-4566-4baa-9123-370bc66e60db,admu,"Campus Life",dlsu,88,2026-06-25T03:02:25.613Z
31b561e1-4566-4baa-9123-370bc66e60db,admu,"Campus Life",up,89,2026-06-25T03:02:25.613Z
31b561e1-4566-4baa-9123-370bc66e60db,admu,"Campus Life",ust,81,2026-06-25T03:02:25.613Z
31b561e1-4566-4baa-9123-370bc66e60db,admu,"Values & Identity",admu,82,2026-06-25T03:02:25.613Z
31b561e1-4566-4baa-9123-370bc66e60db,admu,"Values & Identity",dlsu,76,2026-06-25T03:02:25.613Z
31b561e1-4566-4baa-9123-370bc66e60db,admu,"Values & Identity",up,53,2026-06-25T03:02:25.613Z
31b561e1-4566-4baa-9123-370bc66e60db,admu,"Values & Identity",ust,65,2026-06-25T03:02:25.613Z
ce5b4bb4-53fe-4b8b-b590-27a6b98bb3c0,ust,"Academic Experience",admu,30,2026-06-25T14:36:59.449Z
ce5b4bb4-53fe-4b8b-b590-27a6b98bb3c0,ust,"Academic Experience",dlsu,31,2026-06-25T14:36:59.449Z
ce5b4bb4-53fe-4b8b-b590-27a6b98bb3c0,ust,"Academic Experience",up,35,2026-06-25T14:36:59.449Z
ce5b4bb4-53fe-4b8b-b590-27a6b98bb3c0,ust,"Academic Experience",ust,83,2026-06-25T14:36:59.449Z
ce5b4bb4-53fe-4b8b-b590-27a6b98bb3c0,ust,"Social & Cultural Fit",admu,48,2026-06-25T14:36:59.449Z
ce5b4bb4-53fe-4b8b-b590-27a6b98bb3c0,ust,"Social & Cultural Fit",dlsu,40,2026-06-25T14:36:59.449Z
ce5b4bb4-53fe-4b8b-b590-27a6b98bb3c0,ust,"Social & Cultural Fit",up,128,2026-06-25T14:36:59.449Z
ce5b4bb4-53fe-4b8b-b590-27a6b98bb3c0,ust,"Social & Cultural Fit",ust,119,2026-06-25T14:36:59.449Z
ce5b4bb4-53fe-4b8b-b590-27a6b98bb3c0,ust,"Campus Life",admu,80,2026-06-25T14:36:59.449Z
ce5b4bb4-53fe-4b8b-b590-27a6b98bb3c0,ust,"Campus Life",dlsu,92,2026-06-25T14:36:59.449Z
ce5b4bb4-53fe-4b8b-b590-27a6b98bb3c0,ust,"Campus Life",up,93,2026-06-25T14:36:59.449Z
ce5b4bb4-53fe-4b8b-b590-27a6b98bb3c0,ust,"Campus Life",ust,120,2026-06-25T14:36:59.449Z
ce5b4bb4-53fe-4b8b-b590-27a6b98bb3c0,ust,"Values & Identity",admu,39,2026-06-25T14:36:59.449Z
ce5b4bb4-53fe-4b8b-b590-27a6b98bb3c0,ust,"Values & Identity",dlsu,55,2026-06-25T14:36:59.449Z
ce5b4bb4-53fe-4b8b-b590-27a6b98bb3c0,ust,"Values & Identity",up,59,2026-06-25T14:36:59.449Z
ce5b4bb4-53fe-4b8b-b590-27a6b98bb3c0,ust,"Values & Identity",ust,125,2026-06-25T14:36:59.449Z
5ebdfdd0-b3a0-400c-bf28-fa6ecc28d78f,admu,"Academic Experience",admu,99,2026-06-26T05:52:14.960Z
5ebdfdd0-b3a0-400c-bf28-fa6ecc28d78f,admu,"Academic Experience",dlsu,34,2026-06-26T05:52:14.960Z
5ebdfdd0-b3a0-400c-bf28-fa6ecc28d78f,admu,"Academic Experience",up,57,2026-06-26T05:52:14.960Z
5ebdfdd0-b3a0-400c-bf28-fa6ecc28d78f,admu,"Academic Experience",ust,32,2026-06-26T05:52:14.960Z
5ebdfdd0-b3a0-400c-bf28-fa6ecc28d78f,admu,"Social & Cultural Fit",admu,120,2026-06-26T05:52:14.960Z
5ebdfdd0-b3a0-400c-bf28-fa6ecc28d78f,admu,"Social & Cultural Fit",dlsu,115,2026-06-26T05:52:14.960Z
5ebdfdd0-b3a0-400c-bf28-fa6ecc28d78f,admu,"Social & Cultural Fit",up,14,2026-06-26T05:52:14.960Z
5ebdfdd0-b3a0-400c-bf28-fa6ecc28d78f,admu,"Social & Cultural Fit",ust,38,2026-06-26T05:52:14.960Z
5ebdfdd0-b3a0-400c-bf28-fa6ecc28d78f,admu,"Campus Life",admu,120,2026-06-26T05:52:14.960Z
5ebdfdd0-b3a0-400c-bf28-fa6ecc28d78f,admu,"Campus Life",dlsu,105,2026-06-26T05:52:14.960Z
5ebdfdd0-b3a0-400c-bf28-fa6ecc28d78f,admu,"Campus Life",up,63,2026-06-26T05:52:14.960Z
5ebdfdd0-b3a0-400c-bf28-fa6ecc28d78f,admu,"Campus Life",ust,61,2026-06-26T05:52:14.960Z
5ebdfdd0-b3a0-400c-bf28-fa6ecc28d78f,admu,"Values & Identity",admu,107,2026-06-26T05:52:14.960Z
5ebdfdd0-b3a0-400c-bf28-fa6ecc28d78f,admu,"Values & Identity",dlsu,68,2026-06-26T05:52:14.960Z
5ebdfdd0-b3a0-400c-bf28-fa6ecc28d78f,admu,"Values & Identity",up,72,2026-06-26T05:52:14.960Z
5ebdfdd0-b3a0-400c-bf28-fa6ecc28d78f,admu,"Values & Identity",ust,26,2026-06-26T05:52:14.960Z
fe7f31f0-fc03-429a-ae65-7978eb990e0a,dlsu,"Academic Experience",admu,53,2026-06-26T08:10:20.124Z
fe7f31f0-fc03-429a-ae65-7978eb990e0a,dlsu,"Academic Experience",dlsu,124,2026-06-26T08:10:20.124Z
fe7f31f0-fc03-429a-ae65-7978eb990e0a,dlsu,"Academic Experience",up,6,2026-06-26T08:10:20.124Z
fe7f31f0-fc03-429a-ae65-7978eb990e0a,dlsu,"Academic Experience",ust,31,2026-06-26T08:10:20.124Z
fe7f31f0-fc03-429a-ae65-7978eb990e0a,dlsu,"Social & Cultural Fit",admu,100,2026-06-26T08:10:20.124Z
fe7f31f0-fc03-429a-ae65-7978eb990e0a,dlsu,"Social & Cultural Fit",dlsu,122,2026-06-26T08:10:20.124Z
fe7f31f0-fc03-429a-ae65-7978eb990e0a,dlsu,"Social & Cultural Fit",up,38,2026-06-26T08:10:20.124Z
fe7f31f0-fc03-429a-ae65-7978eb990e0a,dlsu,"Social & Cultural Fit",ust,54,2026-06-26T08:10:20.124Z
fe7f31f0-fc03-429a-ae65-7978eb990e0a,dlsu,"Campus Life",admu,75,2026-06-26T08:10:20.124Z
fe7f31f0-fc03-429a-ae65-7978eb990e0a,dlsu,"Campus Life",dlsu,156,2026-06-26T08:10:20.124Z
fe7f31f0-fc03-429a-ae65-7978eb990e0a,dlsu,"Campus Life",up,43,2026-06-26T08:10:20.124Z
fe7f31f0-fc03-429a-ae65-7978eb990e0a,dlsu,"Campus Life",ust,80,2026-06-26T08:10:20.124Z
fe7f31f0-fc03-429a-ae65-7978eb990e0a,dlsu,"Values & Identity",admu,70,2026-06-26T08:10:20.124Z
fe7f31f0-fc03-429a-ae65-7978eb990e0a,dlsu,"Values & Identity",dlsu,114,2026-06-26T08:10:20.124Z
fe7f31f0-fc03-429a-ae65-7978eb990e0a,dlsu,"Values & Identity",up,51,2026-06-26T08:10:20.124Z
fe7f31f0-fc03-429a-ae65-7978eb990e0a,dlsu,"Values & Identity",ust,47,2026-06-26T08:10:20.124Z
96ab8618-e446-4816-9178-cdf9421ae8a2,dlsu,"Academic Experience",admu,47,2026-06-26T13:39:08.198Z
96ab8618-e446-4816-9178-cdf9421ae8a2,dlsu,"Academic Experience",dlsu,67,2026-06-26T13:39:08.198Z
96ab8618-e446-4816-9178-cdf9421ae8a2,dlsu,"Academic Experience",up,63,2026-06-26T13:39:08.198Z
96ab8618-e446-4816-9178-cdf9421ae8a2,dlsu,"Academic Experience",ust,22,2026-06-26T13:39:08.198Z
96ab8618-e446-4816-9178-cdf9421ae8a2,dlsu,"Social & Cultural Fit",admu,83,2026-06-26T13:39:08.198Z
96ab8618-e446-4816-9178-cdf9421ae8a2,dlsu,"Social & Cultural Fit",dlsu,109,2026-06-26T13:39:08.198Z
96ab8618-e446-4816-9178-cdf9421ae8a2,dlsu,"Social & Cultural Fit",up,54,2026-06-26T13:39:08.198Z
96ab8618-e446-4816-9178-cdf9421ae8a2,dlsu,"Social & Cultural Fit",ust,54,2026-06-26T13:39:08.198Z
96ab8618-e446-4816-9178-cdf9421ae8a2,dlsu,"Campus Life",admu,81,2026-06-26T13:39:08.198Z
96ab8618-e446-4816-9178-cdf9421ae8a2,dlsu,"Campus Life",dlsu,146,2026-06-26T13:39:08.198Z
96ab8618-e446-4816-9178-cdf9421ae8a2,dlsu,"Campus Life",up,73,2026-06-26T13:39:08.198Z
96ab8618-e446-4816-9178-cdf9421ae8a2,dlsu,"Campus Life",ust,76,2026-06-26T13:39:08.198Z
96ab8618-e446-4816-9178-cdf9421ae8a2,dlsu,"Values & Identity",admu,68,2026-06-26T13:39:08.198Z
96ab8618-e446-4816-9178-cdf9421ae8a2,dlsu,"Values & Identity",dlsu,94,2026-06-26T13:39:08.198Z
96ab8618-e446-4816-9178-cdf9421ae8a2,dlsu,"Values & Identity",up,53,2026-06-26T13:39:08.198Z
96ab8618-e446-4816-9178-cdf9421ae8a2,dlsu,"Values & Identity",ust,63,2026-06-26T13:39:08.198Z
4bd21993-ce35-40e9-aa4a-e2355922db9a,admu,"Academic Experience",admu,113,2026-06-26T15:59:12.956Z
4bd21993-ce35-40e9-aa4a-e2355922db9a,admu,"Academic Experience",dlsu,43,2026-06-26T15:59:12.956Z
4bd21993-ce35-40e9-aa4a-e2355922db9a,admu,"Academic Experience",up,37,2026-06-26T15:59:12.956Z
4bd21993-ce35-40e9-aa4a-e2355922db9a,admu,"Academic Experience",ust,34,2026-06-26T15:59:12.956Z
4bd21993-ce35-40e9-aa4a-e2355922db9a,admu,"Social & Cultural Fit",admu,69,2026-06-26T15:59:12.956Z
4bd21993-ce35-40e9-aa4a-e2355922db9a,admu,"Social & Cultural Fit",dlsu,74,2026-06-26T15:59:12.956Z
4bd21993-ce35-40e9-aa4a-e2355922db9a,admu,"Social & Cultural Fit",up,78,2026-06-26T15:59:12.956Z
4bd21993-ce35-40e9-aa4a-e2355922db9a,admu,"Social & Cultural Fit",ust,89,2026-06-26T15:59:12.956Z
4bd21993-ce35-40e9-aa4a-e2355922db9a,admu,"Campus Life",admu,138,2026-06-26T15:59:12.956Z
4bd21993-ce35-40e9-aa4a-e2355922db9a,admu,"Campus Life",dlsu,104,2026-06-26T15:59:12.956Z
4bd21993-ce35-40e9-aa4a-e2355922db9a,admu,"Campus Life",up,81,2026-06-26T15:59:12.956Z
4bd21993-ce35-40e9-aa4a-e2355922db9a,admu,"Campus Life",ust,61,2026-06-26T15:59:12.956Z
4bd21993-ce35-40e9-aa4a-e2355922db9a,admu,"Values & Identity",admu,91,2026-06-26T15:59:12.956Z
4bd21993-ce35-40e9-aa4a-e2355922db9a,admu,"Values & Identity",dlsu,76,2026-06-26T15:59:12.956Z
4bd21993-ce35-40e9-aa4a-e2355922db9a,admu,"Values & Identity",up,38,2026-06-26T15:59:12.956Z
4bd21993-ce35-40e9-aa4a-e2355922db9a,admu,"Values & Identity",ust,60,2026-06-26T15:59:12.956Z
95c682e0-1c84-4ce8-b6ed-68138071d7b6,dlsu,"Academic Experience",admu,53,2026-06-27T00:59:12.844Z
95c682e0-1c84-4ce8-b6ed-68138071d7b6,dlsu,"Academic Experience",dlsu,124,2026-06-27T00:59:12.844Z
95c682e0-1c84-4ce8-b6ed-68138071d7b6,dlsu,"Academic Experience",up,6,2026-06-27T00:59:12.844Z
95c682e0-1c84-4ce8-b6ed-68138071d7b6,dlsu,"Academic Experience",ust,31,2026-06-27T00:59:12.844Z
95c682e0-1c84-4ce8-b6ed-68138071d7b6,dlsu,"Social & Cultural Fit",admu,88,2026-06-27T00:59:12.844Z
95c682e0-1c84-4ce8-b6ed-68138071d7b6,dlsu,"Social & Cultural Fit",dlsu,118,2026-06-27T00:59:12.844Z
95c682e0-1c84-4ce8-b6ed-68138071d7b6,dlsu,"Social & Cultural Fit",up,52,2026-06-27T00:59:12.844Z
95c682e0-1c84-4ce8-b6ed-68138071d7b6,dlsu,"Social & Cultural Fit",ust,66,2026-06-27T00:59:12.844Z
95c682e0-1c84-4ce8-b6ed-68138071d7b6,dlsu,"Campus Life",admu,79,2026-06-27T00:59:12.844Z
95c682e0-1c84-4ce8-b6ed-68138071d7b6,dlsu,"Campus Life",dlsu,169,2026-06-27T00:59:12.844Z
95c682e0-1c84-4ce8-b6ed-68138071d7b6,dlsu,"Campus Life",up,55,2026-06-27T00:59:12.844Z
95c682e0-1c84-4ce8-b6ed-68138071d7b6,dlsu,"Campus Life",ust,72,2026-06-27T00:59:12.844Z
95c682e0-1c84-4ce8-b6ed-68138071d7b6,dlsu,"Values & Identity",admu,58,2026-06-27T00:59:12.844Z
95c682e0-1c84-4ce8-b6ed-68138071d7b6,dlsu,"Values & Identity",dlsu,91,2026-06-27T00:59:12.844Z
95c682e0-1c84-4ce8-b6ed-68138071d7b6,dlsu,"Values & Identity",up,51,2026-06-27T00:59:12.844Z
95c682e0-1c84-4ce8-b6ed-68138071d7b6,dlsu,"Values & Identity",ust,65,2026-06-27T00:59:12.844Z
7e975713-b5ac-4dce-a18b-6ba835c8334e,up,"Academic Experience",admu,56,2026-06-27T07:26:33.579Z
7e975713-b5ac-4dce-a18b-6ba835c8334e,up,"Academic Experience",dlsu,23,2026-06-27T07:26:33.579Z
7e975713-b5ac-4dce-a18b-6ba835c8334e,up,"Academic Experience",up,85,2026-06-27T07:26:33.579Z
7e975713-b5ac-4dce-a18b-6ba835c8334e,up,"Academic Experience",ust,33,2026-06-27T07:26:33.579Z
7e975713-b5ac-4dce-a18b-6ba835c8334e,up,"Social & Cultural Fit",admu,41,2026-06-27T07:26:33.579Z
7e975713-b5ac-4dce-a18b-6ba835c8334e,up,"Social & Cultural Fit",dlsu,32,2026-06-27T07:26:33.579Z
7e975713-b5ac-4dce-a18b-6ba835c8334e,up,"Social & Cultural Fit",up,136,2026-06-27T07:26:33.579Z
7e975713-b5ac-4dce-a18b-6ba835c8334e,up,"Social & Cultural Fit",ust,91,2026-06-27T07:26:33.579Z
7e975713-b5ac-4dce-a18b-6ba835c8334e,up,"Campus Life",admu,89,2026-06-27T07:26:33.579Z
7e975713-b5ac-4dce-a18b-6ba835c8334e,up,"Campus Life",dlsu,46,2026-06-27T07:26:33.579Z
7e975713-b5ac-4dce-a18b-6ba835c8334e,up,"Campus Life",up,145,2026-06-27T07:26:33.579Z
7e975713-b5ac-4dce-a18b-6ba835c8334e,up,"Campus Life",ust,98,2026-06-27T07:26:33.579Z
7e975713-b5ac-4dce-a18b-6ba835c8334e,up,"Values & Identity",admu,59,2026-06-27T07:26:33.579Z
7e975713-b5ac-4dce-a18b-6ba835c8334e,up,"Values & Identity",dlsu,38,2026-06-27T07:26:33.579Z
7e975713-b5ac-4dce-a18b-6ba835c8334e,up,"Values & Identity",up,136,2026-06-27T07:26:33.579Z
7e975713-b5ac-4dce-a18b-6ba835c8334e,up,"Values & Identity",ust,32,2026-06-27T07:26:33.579Z
26286f27-69a2-47d5-87b4-f5b839d55621,dlsu,"Academic Experience",admu,46,2026-06-27T09:52:15.647Z
26286f27-69a2-47d5-87b4-f5b839d55621,dlsu,"Academic Experience",dlsu,83,2026-06-27T09:52:15.647Z
26286f27-69a2-47d5-87b4-f5b839d55621,dlsu,"Academic Experience",up,29,2026-06-27T09:52:15.647Z
26286f27-69a2-47d5-87b4-f5b839d55621,dlsu,"Academic Experience",ust,46,2026-06-27T09:52:15.647Z
26286f27-69a2-47d5-87b4-f5b839d55621,dlsu,"Social & Cultural Fit",admu,70,2026-06-27T09:52:15.647Z
26286f27-69a2-47d5-87b4-f5b839d55621,dlsu,"Social & Cultural Fit",dlsu,86,2026-06-27T09:52:15.647Z
26286f27-69a2-47d5-87b4-f5b839d55621,dlsu,"Social & Cultural Fit",up,80,2026-06-27T09:52:15.647Z
26286f27-69a2-47d5-87b4-f5b839d55621,dlsu,"Social & Cultural Fit",ust,93,2026-06-27T09:52:15.647Z
26286f27-69a2-47d5-87b4-f5b839d55621,dlsu,"Campus Life",admu,91,2026-06-27T09:52:15.647Z
26286f27-69a2-47d5-87b4-f5b839d55621,dlsu,"Campus Life",dlsu,128,2026-06-27T09:52:15.647Z
26286f27-69a2-47d5-87b4-f5b839d55621,dlsu,"Campus Life",up,95,2026-06-27T09:52:15.647Z
26286f27-69a2-47d5-87b4-f5b839d55621,dlsu,"Campus Life",ust,95,2026-06-27T09:52:15.647Z
26286f27-69a2-47d5-87b4-f5b839d55621,dlsu,"Values & Identity",admu,52,2026-06-27T09:52:15.647Z
26286f27-69a2-47d5-87b4-f5b839d55621,dlsu,"Values & Identity",dlsu,90,2026-06-27T09:52:15.647Z
26286f27-69a2-47d5-87b4-f5b839d55621,dlsu,"Values & Identity",up,50,2026-06-27T09:52:15.647Z
26286f27-69a2-47d5-87b4-f5b839d55621,dlsu,"Values & Identity",ust,62,2026-06-27T09:52:15.647Z
bf27689f-d0bb-4100-8f42-2458aaa0a4c6,ust,"Academic Experience",admu,49,2026-06-27T14:33:41.815Z
bf27689f-d0bb-4100-8f42-2458aaa0a4c6,ust,"Academic Experience",dlsu,28,2026-06-27T14:33:41.815Z
bf27689f-d0bb-4100-8f42-2458aaa0a4c6,ust,"Academic Experience",up,71,2026-06-27T14:33:41.815Z
bf27689f-d0bb-4100-8f42-2458aaa0a4c6,ust,"Academic Experience",ust,43,2026-06-27T14:33:41.815Z
bf27689f-d0bb-4100-8f42-2458aaa0a4c6,ust,"Social & Cultural Fit",admu,58,2026-06-27T14:33:41.815Z
bf27689f-d0bb-4100-8f42-2458aaa0a4c6,ust,"Social & Cultural Fit",dlsu,58,2026-06-27T14:33:41.815Z
bf27689f-d0bb-4100-8f42-2458aaa0a4c6,ust,"Social & Cultural Fit",up,82,2026-06-27T14:33:41.815Z
bf27689f-d0bb-4100-8f42-2458aaa0a4c6,ust,"Social & Cultural Fit",ust,104,2026-06-27T14:33:41.815Z
bf27689f-d0bb-4100-8f42-2458aaa0a4c6,ust,"Campus Life",admu,66,2026-06-27T14:33:41.815Z
bf27689f-d0bb-4100-8f42-2458aaa0a4c6,ust,"Campus Life",dlsu,78,2026-06-27T14:33:41.815Z
bf27689f-d0bb-4100-8f42-2458aaa0a4c6,ust,"Campus Life",up,75,2026-06-27T14:33:41.815Z
bf27689f-d0bb-4100-8f42-2458aaa0a4c6,ust,"Campus Life",ust,139,2026-06-27T14:33:41.815Z
bf27689f-d0bb-4100-8f42-2458aaa0a4c6,ust,"Values & Identity",admu,39,2026-06-27T14:33:41.815Z
bf27689f-d0bb-4100-8f42-2458aaa0a4c6,ust,"Values & Identity",dlsu,55,2026-06-27T14:33:41.815Z
bf27689f-d0bb-4100-8f42-2458aaa0a4c6,ust,"Values & Identity",up,59,2026-06-27T14:33:41.815Z
bf27689f-d0bb-4100-8f42-2458aaa0a4c6,ust,"Values & Identity",ust,125,2026-06-27T14:33:41.815Z
400cdd79-61f0-47b7-b6b0-97b0ca7be3eb,ust,"Academic Experience",admu,27,2026-06-27T17:03:49.990Z
400cdd79-61f0-47b7-b6b0-97b0ca7be3eb,ust,"Academic Experience",dlsu,27,2026-06-27T17:03:49.990Z
400cdd79-61f0-47b7-b6b0-97b0ca7be3eb,ust,"Academic Experience",up,31,2026-06-27T17:03:49.990Z
400cdd79-61f0-47b7-b6b0-97b0ca7be3eb,ust,"Academic Experience",ust,100,2026-06-27T17:03:49.990Z
400cdd79-61f0-47b7-b6b0-97b0ca7be3eb,ust,"Social & Cultural Fit",admu,41,2026-06-27T17:03:49.990Z
400cdd79-61f0-47b7-b6b0-97b0ca7be3eb,ust,"Social & Cultural Fit",dlsu,48,2026-06-27T17:03:49.990Z
400cdd79-61f0-47b7-b6b0-97b0ca7be3eb,ust,"Social & Cultural Fit",up,82,2026-06-27T17:03:49.990Z
400cdd79-61f0-47b7-b6b0-97b0ca7be3eb,ust,"Social & Cultural Fit",ust,87,2026-06-27T17:03:49.990Z
400cdd79-61f0-47b7-b6b0-97b0ca7be3eb,ust,"Campus Life",admu,86,2026-06-27T17:03:49.990Z
400cdd79-61f0-47b7-b6b0-97b0ca7be3eb,ust,"Campus Life",dlsu,76,2026-06-27T17:03:49.990Z
400cdd79-61f0-47b7-b6b0-97b0ca7be3eb,ust,"Campus Life",up,89,2026-06-27T17:03:49.990Z
400cdd79-61f0-47b7-b6b0-97b0ca7be3eb,ust,"Campus Life",ust,113,2026-06-27T17:03:49.990Z
400cdd79-61f0-47b7-b6b0-97b0ca7be3eb,ust,"Values & Identity",admu,68,2026-06-27T17:03:49.990Z
400cdd79-61f0-47b7-b6b0-97b0ca7be3eb,ust,"Values & Identity",dlsu,59,2026-06-27T17:03:49.990Z
400cdd79-61f0-47b7-b6b0-97b0ca7be3eb,ust,"Values & Identity",up,69,2026-06-27T17:03:49.990Z
400cdd79-61f0-47b7-b6b0-97b0ca7be3eb,ust,"Values & Identity",ust,80,2026-06-27T17:03:49.990Z
49a51633-d022-4ee0-8d13-c449fa305908,up,"Academic Experience",admu,36,2026-06-27T17:42:48.843Z
49a51633-d022-4ee0-8d13-c449fa305908,up,"Academic Experience",dlsu,15,2026-06-27T17:42:48.843Z
49a51633-d022-4ee0-8d13-c449fa305908,up,"Academic Experience",up,120,2026-06-27T17:42:48.843Z
49a51633-d022-4ee0-8d13-c449fa305908,up,"Academic Experience",ust,36,2026-06-27T17:42:48.843Z
49a51633-d022-4ee0-8d13-c449fa305908,up,"Social & Cultural Fit",admu,64,2026-06-27T17:42:48.843Z
49a51633-d022-4ee0-8d13-c449fa305908,up,"Social & Cultural Fit",dlsu,64,2026-06-27T17:42:48.843Z
49a51633-d022-4ee0-8d13-c449fa305908,up,"Social & Cultural Fit",up,102,2026-06-27T17:42:48.843Z
49a51633-d022-4ee0-8d13-c449fa305908,up,"Social & Cultural Fit",ust,70,2026-06-27T17:42:48.843Z
49a51633-d022-4ee0-8d13-c449fa305908,up,"Campus Life",admu,71,2026-06-27T17:42:48.843Z
49a51633-d022-4ee0-8d13-c449fa305908,up,"Campus Life",dlsu,73,2026-06-27T17:42:48.843Z
49a51633-d022-4ee0-8d13-c449fa305908,up,"Campus Life",up,137,2026-06-27T17:42:48.843Z
49a51633-d022-4ee0-8d13-c449fa305908,up,"Campus Life",ust,106,2026-06-27T17:42:48.843Z
49a51633-d022-4ee0-8d13-c449fa305908,up,"Values & Identity",admu,84,2026-06-27T17:42:48.843Z
49a51633-d022-4ee0-8d13-c449fa305908,up,"Values & Identity",dlsu,72,2026-06-27T17:42:48.843Z
49a51633-d022-4ee0-8d13-c449fa305908,up,"Values & Identity",up,64,2026-06-27T17:42:48.843Z
49a51633-d022-4ee0-8d13-c449fa305908,up,"Values & Identity",ust,51,2026-06-27T17:42:48.843Z
afd4d869-db68-4fcf-81fe-83ccba263739,admu,"Academic Experience",admu,58,2026-06-27T18:15:52.244Z
afd4d869-db68-4fcf-81fe-83ccba263739,admu,"Academic Experience",dlsu,88,2026-06-27T18:15:52.244Z
afd4d869-db68-4fcf-81fe-83ccba263739,admu,"Academic Experience",up,18,2026-06-27T18:15:52.244Z
afd4d869-db68-4fcf-81fe-83ccba263739,admu,"Academic Experience",ust,39,2026-06-27T18:15:52.244Z
afd4d869-db68-4fcf-81fe-83ccba263739,admu,"Social & Cultural Fit",admu,77,2026-06-27T18:15:52.244Z
afd4d869-db68-4fcf-81fe-83ccba263739,admu,"Social & Cultural Fit",dlsu,88,2026-06-27T18:15:52.244Z
afd4d869-db68-4fcf-81fe-83ccba263739,admu,"Social & Cultural Fit",up,63,2026-06-27T18:15:52.244Z
afd4d869-db68-4fcf-81fe-83ccba263739,admu,"Social & Cultural Fit",ust,79,2026-06-27T18:15:52.244Z
afd4d869-db68-4fcf-81fe-83ccba263739,admu,"Campus Life",admu,136,2026-06-27T18:15:52.244Z
afd4d869-db68-4fcf-81fe-83ccba263739,admu,"Campus Life",dlsu,96,2026-06-27T18:15:52.244Z
afd4d869-db68-4fcf-81fe-83ccba263739,admu,"Campus Life",up,80,2026-06-27T18:15:52.244Z
afd4d869-db68-4fcf-81fe-83ccba263739,admu,"Campus Life",ust,59,2026-06-27T18:15:52.244Z
afd4d869-db68-4fcf-81fe-83ccba263739,admu,"Values & Identity",admu,101,2026-06-27T18:15:52.244Z
afd4d869-db68-4fcf-81fe-83ccba263739,admu,"Values & Identity",dlsu,50,2026-06-27T18:15:52.244Z
afd4d869-db68-4fcf-81fe-83ccba263739,admu,"Values & Identity",up,72,2026-06-27T18:15:52.244Z
afd4d869-db68-4fcf-81fe-83ccba263739,admu,"Values & Identity",ust,32,2026-06-27T18:15:52.244Z
925023a2-6e61-4cd1-a75d-68a031c66cd0,admu,"Academic Experience",admu,63,2026-06-27T18:54:40.782Z
925023a2-6e61-4cd1-a75d-68a031c66cd0,admu,"Academic Experience",dlsu,53,2026-06-27T18:54:40.782Z
925023a2-6e61-4cd1-a75d-68a031c66cd0,admu,"Academic Experience",up,33,2026-06-27T18:54:40.782Z
925023a2-6e61-4cd1-a75d-68a031c66cd0,admu,"Academic Experience",ust,52,2026-06-27T18:54:40.782Z
925023a2-6e61-4cd1-a75d-68a031c66cd0,admu,"Social & Cultural Fit",admu,83,2026-06-27T18:54:40.782Z
925023a2-6e61-4cd1-a75d-68a031c66cd0,admu,"Social & Cultural Fit",dlsu,85,2026-06-27T18:54:40.782Z
925023a2-6e61-4cd1-a75d-68a031c66cd0,admu,"Social & Cultural Fit",up,70,2026-06-27T18:54:40.782Z
925023a2-6e61-4cd1-a75d-68a031c66cd0,admu,"Social & Cultural Fit",ust,49,2026-06-27T18:54:40.782Z
925023a2-6e61-4cd1-a75d-68a031c66cd0,admu,"Campus Life",admu,140,2026-06-27T18:54:40.782Z
925023a2-6e61-4cd1-a75d-68a031c66cd0,admu,"Campus Life",dlsu,102,2026-06-27T18:54:40.782Z
925023a2-6e61-4cd1-a75d-68a031c66cd0,admu,"Campus Life",up,73,2026-06-27T18:54:40.782Z
925023a2-6e61-4cd1-a75d-68a031c66cd0,admu,"Campus Life",ust,53,2026-06-27T18:54:40.782Z
925023a2-6e61-4cd1-a75d-68a031c66cd0,admu,"Values & Identity",admu,99,2026-06-27T18:54:40.782Z
925023a2-6e61-4cd1-a75d-68a031c66cd0,admu,"Values & Identity",dlsu,58,2026-06-27T18:54:40.782Z
925023a2-6e61-4cd1-a75d-68a031c66cd0,admu,"Values & Identity",up,81,2026-06-27T18:54:40.782Z
925023a2-6e61-4cd1-a75d-68a031c66cd0,admu,"Values & Identity",ust,55,2026-06-27T18:54:40.782Z
989f45dd-5872-4c78-823f-6ddac9173fb6,ust,"Academic Experience",admu,41,2026-06-28T02:32:13.960Z
989f45dd-5872-4c78-823f-6ddac9173fb6,ust,"Academic Experience",dlsu,18,2026-06-28T02:32:13.960Z
989f45dd-5872-4c78-823f-6ddac9173fb6,ust,"Academic Experience",up,70,2026-06-28T02:32:13.960Z
989f45dd-5872-4c78-823f-6ddac9173fb6,ust,"Academic Experience",ust,68,2026-06-28T02:32:13.960Z
989f45dd-5872-4c78-823f-6ddac9173fb6,ust,"Social & Cultural Fit",admu,40,2026-06-28T02:32:13.960Z
989f45dd-5872-4c78-823f-6ddac9173fb6,ust,"Social & Cultural Fit",dlsu,40,2026-06-28T02:32:13.960Z
989f45dd-5872-4c78-823f-6ddac9173fb6,ust,"Social & Cultural Fit",up,112,2026-06-28T02:32:13.960Z
989f45dd-5872-4c78-823f-6ddac9173fb6,ust,"Social & Cultural Fit",ust,121,2026-06-28T02:32:13.960Z
989f45dd-5872-4c78-823f-6ddac9173fb6,ust,"Campus Life",admu,65,2026-06-28T02:32:13.960Z
989f45dd-5872-4c78-823f-6ddac9173fb6,ust,"Campus Life",dlsu,59,2026-06-28T02:32:13.960Z
989f45dd-5872-4c78-823f-6ddac9173fb6,ust,"Campus Life",up,111,2026-06-28T02:32:13.960Z
989f45dd-5872-4c78-823f-6ddac9173fb6,ust,"Campus Life",ust,131,2026-06-28T02:32:13.960Z
989f45dd-5872-4c78-823f-6ddac9173fb6,ust,"Values & Identity",admu,39,2026-06-28T02:32:13.960Z
989f45dd-5872-4c78-823f-6ddac9173fb6,ust,"Values & Identity",dlsu,55,2026-06-28T02:32:13.960Z
989f45dd-5872-4c78-823f-6ddac9173fb6,ust,"Values & Identity",up,59,2026-06-28T02:32:13.960Z
989f45dd-5872-4c78-823f-6ddac9173fb6,ust,"Values & Identity",ust,125,2026-06-28T02:32:13.960Z
b77f29e5-804c-48ff-a156-341f121c50f7,up,"Academic Experience",admu,36,2026-06-28T04:11:02.816Z
b77f29e5-804c-48ff-a156-341f121c50f7,up,"Academic Experience",dlsu,37,2026-06-28T04:11:02.816Z
b77f29e5-804c-48ff-a156-341f121c50f7,up,"Academic Experience",up,80,2026-06-28T04:11:02.816Z
b77f29e5-804c-48ff-a156-341f121c50f7,up,"Academic Experience",ust,37,2026-06-28T04:11:02.816Z
b77f29e5-804c-48ff-a156-341f121c50f7,up,"Social & Cultural Fit",admu,48,2026-06-28T04:11:02.816Z
b77f29e5-804c-48ff-a156-341f121c50f7,up,"Social & Cultural Fit",dlsu,41,2026-06-28T04:11:02.816Z
b77f29e5-804c-48ff-a156-341f121c50f7,up,"Social & Cultural Fit",up,123,2026-06-28T04:11:02.816Z
b77f29e5-804c-48ff-a156-341f121c50f7,up,"Social & Cultural Fit",ust,103,2026-06-28T04:11:02.816Z
b77f29e5-804c-48ff-a156-341f121c50f7,up,"Campus Life",admu,76,2026-06-28T04:11:02.816Z
b77f29e5-804c-48ff-a156-341f121c50f7,up,"Campus Life",dlsu,45,2026-06-28T04:11:02.816Z
b77f29e5-804c-48ff-a156-341f121c50f7,up,"Campus Life",up,160,2026-06-28T04:11:02.816Z
b77f29e5-804c-48ff-a156-341f121c50f7,up,"Campus Life",ust,89,2026-06-28T04:11:02.816Z
b77f29e5-804c-48ff-a156-341f121c50f7,up,"Values & Identity",admu,75,2026-06-28T04:11:02.816Z
b77f29e5-804c-48ff-a156-341f121c50f7,up,"Values & Identity",dlsu,50,2026-06-28T04:11:02.816Z
b77f29e5-804c-48ff-a156-341f121c50f7,up,"Values & Identity",up,88,2026-06-28T04:11:02.816Z
b77f29e5-804c-48ff-a156-341f121c50f7,up,"Values & Identity",ust,62,2026-06-28T04:11:02.816Z
bfdc7388-3edd-481a-8958-4a633ee776e1,ust,"Academic Experience",admu,35,2026-06-28T04:22:58.531Z
bfdc7388-3edd-481a-8958-4a633ee776e1,ust,"Academic Experience",dlsu,28,2026-06-28T04:22:58.531Z
bfdc7388-3edd-481a-8958-4a633ee776e1,ust,"Academic Experience",up,68,2026-06-28T04:22:58.531Z
bfdc7388-3edd-481a-8958-4a633ee776e1,ust,"Academic Experience",ust,63,2026-06-28T04:22:58.531Z
bfdc7388-3edd-481a-8958-4a633ee776e1,ust,"Social & Cultural Fit",admu,68,2026-06-28T04:22:58.531Z
bfdc7388-3edd-481a-8958-4a633ee776e1,ust,"Social & Cultural Fit",dlsu,71,2026-06-28T04:22:58.531Z
bfdc7388-3edd-481a-8958-4a633ee776e1,ust,"Social & Cultural Fit",up,68,2026-06-28T04:22:58.531Z
bfdc7388-3edd-481a-8958-4a633ee776e1,ust,"Social & Cultural Fit",ust,84,2026-06-28T04:22:58.531Z
bfdc7388-3edd-481a-8958-4a633ee776e1,ust,"Campus Life",admu,78,2026-06-28T04:22:58.531Z
bfdc7388-3edd-481a-8958-4a633ee776e1,ust,"Campus Life",dlsu,75,2026-06-28T04:22:58.531Z
bfdc7388-3edd-481a-8958-4a633ee776e1,ust,"Campus Life",up,85,2026-06-28T04:22:58.531Z
bfdc7388-3edd-481a-8958-4a633ee776e1,ust,"Campus Life",ust,120,2026-06-28T04:22:58.531Z
bfdc7388-3edd-481a-8958-4a633ee776e1,ust,"Values & Identity",admu,39,2026-06-28T04:22:58.531Z
bfdc7388-3edd-481a-8958-4a633ee776e1,ust,"Values & Identity",dlsu,55,2026-06-28T04:22:58.531Z
bfdc7388-3edd-481a-8958-4a633ee776e1,ust,"Values & Identity",up,59,2026-06-28T04:22:58.531Z
bfdc7388-3edd-481a-8958-4a633ee776e1,ust,"Values & Identity",ust,125,2026-06-28T04:22:58.531Z
35be7cab-6ef1-4d7f-ad1a-7617294503af,ust,"Academic Experience",admu,15,2026-06-28T11:19:31.675Z
35be7cab-6ef1-4d7f-ad1a-7617294503af,ust,"Academic Experience",dlsu,16,2026-06-28T11:19:31.675Z
35be7cab-6ef1-4d7f-ad1a-7617294503af,ust,"Academic Experience",up,64,2026-06-28T11:19:31.675Z
35be7cab-6ef1-4d7f-ad1a-7617294503af,ust,"Academic Experience",ust,89,2026-06-28T11:19:31.675Z
35be7cab-6ef1-4d7f-ad1a-7617294503af,ust,"Social & Cultural Fit",admu,42,2026-06-28T11:19:31.675Z
35be7cab-6ef1-4d7f-ad1a-7617294503af,ust,"Social & Cultural Fit",dlsu,43,2026-06-28T11:19:31.675Z
35be7cab-6ef1-4d7f-ad1a-7617294503af,ust,"Social & Cultural Fit",up,118,2026-06-28T11:19:31.675Z
35be7cab-6ef1-4d7f-ad1a-7617294503af,ust,"Social & Cultural Fit",ust,115,2026-06-28T11:19:31.675Z
35be7cab-6ef1-4d7f-ad1a-7617294503af,ust,"Campus Life",admu,68,2026-06-28T11:19:31.675Z
35be7cab-6ef1-4d7f-ad1a-7617294503af,ust,"Campus Life",dlsu,91,2026-06-28T11:19:31.675Z
35be7cab-6ef1-4d7f-ad1a-7617294503af,ust,"Campus Life",up,83,2026-06-28T11:19:31.675Z
35be7cab-6ef1-4d7f-ad1a-7617294503af,ust,"Campus Life",ust,123,2026-06-28T11:19:31.675Z
35be7cab-6ef1-4d7f-ad1a-7617294503af,ust,"Values & Identity",admu,78,2026-06-28T11:19:31.675Z
35be7cab-6ef1-4d7f-ad1a-7617294503af,ust,"Values & Identity",dlsu,91,2026-06-28T11:19:31.675Z
35be7cab-6ef1-4d7f-ad1a-7617294503af,ust,"Values & Identity",up,71,2026-06-28T11:19:31.675Z
35be7cab-6ef1-4d7f-ad1a-7617294503af,ust,"Values & Identity",ust,59,2026-06-28T11:19:31.675Z
0fa4cdeb-c2fc-4e0f-9e44-9e3a10d2a76f,admu,"Academic Experience",admu,95,2026-06-28T17:17:04.173Z
0fa4cdeb-c2fc-4e0f-9e44-9e3a10d2a76f,admu,"Academic Experience",dlsu,39,2026-06-28T17:17:04.173Z
0fa4cdeb-c2fc-4e0f-9e44-9e3a10d2a76f,admu,"Academic Experience",up,56,2026-06-28T17:17:04.173Z
0fa4cdeb-c2fc-4e0f-9e44-9e3a10d2a76f,admu,"Academic Experience",ust,37,2026-06-28T17:17:04.173Z
0fa4cdeb-c2fc-4e0f-9e44-9e3a10d2a76f,admu,"Social & Cultural Fit",admu,94,2026-06-28T17:17:04.173Z
0fa4cdeb-c2fc-4e0f-9e44-9e3a10d2a76f,admu,"Social & Cultural Fit",dlsu,105,2026-06-28T17:17:04.173Z
0fa4cdeb-c2fc-4e0f-9e44-9e3a10d2a76f,admu,"Social & Cultural Fit",up,37,2026-06-28T17:17:04.173Z
0fa4cdeb-c2fc-4e0f-9e44-9e3a10d2a76f,admu,"Social & Cultural Fit",ust,60,2026-06-28T17:17:04.173Z
0fa4cdeb-c2fc-4e0f-9e44-9e3a10d2a76f,admu,"Campus Life",admu,126,2026-06-28T17:17:04.173Z
0fa4cdeb-c2fc-4e0f-9e44-9e3a10d2a76f,admu,"Campus Life",dlsu,95,2026-06-28T17:17:04.173Z
0fa4cdeb-c2fc-4e0f-9e44-9e3a10d2a76f,admu,"Campus Life",up,71,2026-06-28T17:17:04.173Z
0fa4cdeb-c2fc-4e0f-9e44-9e3a10d2a76f,admu,"Campus Life",ust,75,2026-06-28T17:17:04.173Z
0fa4cdeb-c2fc-4e0f-9e44-9e3a10d2a76f,admu,"Values & Identity",admu,96,2026-06-28T17:17:04.173Z
0fa4cdeb-c2fc-4e0f-9e44-9e3a10d2a76f,admu,"Values & Identity",dlsu,83,2026-06-28T17:17:04.173Z
0fa4cdeb-c2fc-4e0f-9e44-9e3a10d2a76f,admu,"Values & Identity",up,73,2026-06-28T17:17:04.173Z
0fa4cdeb-c2fc-4e0f-9e44-9e3a10d2a76f,admu,"Values & Identity",ust,45,2026-06-28T17:17:04.173Z
8c3974b3-44d1-4fac-9fe8-780c14513064,ust,"Academic Experience",admu,45,2026-06-28T19:28:40.521Z
8c3974b3-44d1-4fac-9fe8-780c14513064,ust,"Academic Experience",dlsu,40,2026-06-28T19:28:40.521Z
8c3974b3-44d1-4fac-9fe8-780c14513064,ust,"Academic Experience",up,10,2026-06-28T19:28:40.521Z
8c3974b3-44d1-4fac-9fe8-780c14513064,ust,"Academic Experience",ust,83,2026-06-28T19:28:40.521Z
8c3974b3-44d1-4fac-9fe8-780c14513064,ust,"Social & Cultural Fit",admu,32,2026-06-28T19:28:40.521Z
8c3974b3-44d1-4fac-9fe8-780c14513064,ust,"Social & Cultural Fit",dlsu,36,2026-06-28T19:28:40.521Z
8c3974b3-44d1-4fac-9fe8-780c14513064,ust,"Social & Cultural Fit",up,101,2026-06-28T19:28:40.521Z
8c3974b3-44d1-4fac-9fe8-780c14513064,ust,"Social & Cultural Fit",ust,98,2026-06-28T19:28:40.521Z
8c3974b3-44d1-4fac-9fe8-780c14513064,ust,"Campus Life",admu,83,2026-06-28T19:28:40.521Z
8c3974b3-44d1-4fac-9fe8-780c14513064,ust,"Campus Life",dlsu,51,2026-06-28T19:28:40.521Z
8c3974b3-44d1-4fac-9fe8-780c14513064,ust,"Campus Life",up,96,2026-06-28T19:28:40.521Z
8c3974b3-44d1-4fac-9fe8-780c14513064,ust,"Campus Life",ust,126,2026-06-28T19:28:40.521Z
8c3974b3-44d1-4fac-9fe8-780c14513064,ust,"Values & Identity",admu,47,2026-06-28T19:28:40.521Z
8c3974b3-44d1-4fac-9fe8-780c14513064,ust,"Values & Identity",dlsu,63,2026-06-28T19:28:40.521Z
8c3974b3-44d1-4fac-9fe8-780c14513064,ust,"Values & Identity",up,51,2026-06-28T19:28:40.521Z
8c3974b3-44d1-4fac-9fe8-780c14513064,ust,"Values & Identity",ust,113,2026-06-28T19:28:40.521Z
5d6b9dd9-788a-4eb4-950f-b47a6f75e05d,dlsu,"Academic Experience",admu,79,2026-06-28T23:12:15.751Z
5d6b9dd9-788a-4eb4-950f-b47a6f75e05d,dlsu,"Academic Experience",dlsu,92,2026-06-28T23:12:15.751Z
5d6b9dd9-788a-4eb4-950f-b47a6f75e05d,dlsu,"Academic Experience",up,9,2026-06-28T23:12:15.751Z
5d6b9dd9-788a-4eb4-950f-b47a6f75e05d,dlsu,"Academic Experience",ust,27,2026-06-28T23:12:15.751Z
5d6b9dd9-788a-4eb4-950f-b47a6f75e05d,dlsu,"Social & Cultural Fit",admu,100,2026-06-28T23:12:15.751Z
5d6b9dd9-788a-4eb4-950f-b47a6f75e05d,dlsu,"Social & Cultural Fit",dlsu,98,2026-06-28T23:12:15.751Z
5d6b9dd9-788a-4eb4-950f-b47a6f75e05d,dlsu,"Social & Cultural Fit",up,54,2026-06-28T23:12:15.751Z
5d6b9dd9-788a-4eb4-950f-b47a6f75e05d,dlsu,"Social & Cultural Fit",ust,49,2026-06-28T23:12:15.751Z
5d6b9dd9-788a-4eb4-950f-b47a6f75e05d,dlsu,"Campus Life",admu,81,2026-06-28T23:12:15.751Z
5d6b9dd9-788a-4eb4-950f-b47a6f75e05d,dlsu,"Campus Life",dlsu,139,2026-06-28T23:12:15.751Z
5d6b9dd9-788a-4eb4-950f-b47a6f75e05d,dlsu,"Campus Life",up,81,2026-06-28T23:12:15.751Z
5d6b9dd9-788a-4eb4-950f-b47a6f75e05d,dlsu,"Campus Life",ust,77,2026-06-28T23:12:15.751Z
5d6b9dd9-788a-4eb4-950f-b47a6f75e05d,dlsu,"Values & Identity",admu,66,2026-06-28T23:12:15.751Z
5d6b9dd9-788a-4eb4-950f-b47a6f75e05d,dlsu,"Values & Identity",dlsu,116,2026-06-28T23:12:15.751Z
5d6b9dd9-788a-4eb4-950f-b47a6f75e05d,dlsu,"Values & Identity",up,39,2026-06-28T23:12:15.751Z
5d6b9dd9-788a-4eb4-950f-b47a6f75e05d,dlsu,"Values & Identity",ust,49,2026-06-28T23:12:15.751Z
631d64c1-7b53-4ae8-a509-baf502893eb6,dlsu,"Academic Experience",admu,46,2026-06-28T23:13:48.157Z
631d64c1-7b53-4ae8-a509-baf502893eb6,dlsu,"Academic Experience",dlsu,90,2026-06-28T23:13:48.157Z
631d64c1-7b53-4ae8-a509-baf502893eb6,dlsu,"Academic Experience",up,2,2026-06-28T23:13:48.157Z
631d64c1-7b53-4ae8-a509-baf502893eb6,dlsu,"Academic Experience",ust,62,2026-06-28T23:13:48.157Z
631d64c1-7b53-4ae8-a509-baf502893eb6,dlsu,"Social & Cultural Fit",admu,65,2026-06-28T23:13:48.157Z
631d64c1-7b53-4ae8-a509-baf502893eb6,dlsu,"Social & Cultural Fit",dlsu,74,2026-06-28T23:13:48.157Z
631d64c1-7b53-4ae8-a509-baf502893eb6,dlsu,"Social & Cultural Fit",up,81,2026-06-28T23:13:48.157Z
631d64c1-7b53-4ae8-a509-baf502893eb6,dlsu,"Social & Cultural Fit",ust,66,2026-06-28T23:13:48.157Z
631d64c1-7b53-4ae8-a509-baf502893eb6,dlsu,"Campus Life",admu,83,2026-06-28T23:13:48.157Z
631d64c1-7b53-4ae8-a509-baf502893eb6,dlsu,"Campus Life",dlsu,147,2026-06-28T23:13:48.157Z
631d64c1-7b53-4ae8-a509-baf502893eb6,dlsu,"Campus Life",up,67,2026-06-28T23:13:48.157Z
631d64c1-7b53-4ae8-a509-baf502893eb6,dlsu,"Campus Life",ust,62,2026-06-28T23:13:48.157Z
631d64c1-7b53-4ae8-a509-baf502893eb6,dlsu,"Values & Identity",admu,69,2026-06-28T23:13:48.157Z
631d64c1-7b53-4ae8-a509-baf502893eb6,dlsu,"Values & Identity",dlsu,85,2026-06-28T23:13:48.157Z
631d64c1-7b53-4ae8-a509-baf502893eb6,dlsu,"Values & Identity",up,77,2026-06-28T23:13:48.157Z
631d64c1-7b53-4ae8-a509-baf502893eb6,dlsu,"Values & Identity",ust,43,2026-06-28T23:13:48.157Z
3bf13241-3d59-4dd0-8c5f-ab8f9e0b1742,dlsu,"Academic Experience",admu,38,2026-06-29T00:47:11.952Z
3bf13241-3d59-4dd0-8c5f-ab8f9e0b1742,dlsu,"Academic Experience",dlsu,99,2026-06-29T00:47:11.952Z
3bf13241-3d59-4dd0-8c5f-ab8f9e0b1742,dlsu,"Academic Experience",up,28,2026-06-29T00:47:11.952Z
3bf13241-3d59-4dd0-8c5f-ab8f9e0b1742,dlsu,"Academic Experience",ust,43,2026-06-29T00:47:11.952Z
3bf13241-3d59-4dd0-8c5f-ab8f9e0b1742,dlsu,"Social & Cultural Fit",admu,81,2026-06-29T00:47:11.952Z
3bf13241-3d59-4dd0-8c5f-ab8f9e0b1742,dlsu,"Social & Cultural Fit",dlsu,95,2026-06-29T00:47:11.952Z
3bf13241-3d59-4dd0-8c5f-ab8f9e0b1742,dlsu,"Social & Cultural Fit",up,50,2026-06-29T00:47:11.952Z
3bf13241-3d59-4dd0-8c5f-ab8f9e0b1742,dlsu,"Social & Cultural Fit",ust,68,2026-06-29T00:47:11.952Z
3bf13241-3d59-4dd0-8c5f-ab8f9e0b1742,dlsu,"Campus Life",admu,73,2026-06-29T00:47:11.952Z
3bf13241-3d59-4dd0-8c5f-ab8f9e0b1742,dlsu,"Campus Life",dlsu,90,2026-06-29T00:47:11.952Z
3bf13241-3d59-4dd0-8c5f-ab8f9e0b1742,dlsu,"Campus Life",up,90,2026-06-29T00:47:11.952Z
3bf13241-3d59-4dd0-8c5f-ab8f9e0b1742,dlsu,"Campus Life",ust,99,2026-06-29T00:47:11.952Z
3bf13241-3d59-4dd0-8c5f-ab8f9e0b1742,dlsu,"Values & Identity",admu,77,2026-06-29T00:47:11.952Z
3bf13241-3d59-4dd0-8c5f-ab8f9e0b1742,dlsu,"Values & Identity",dlsu,89,2026-06-29T00:47:11.952Z
3bf13241-3d59-4dd0-8c5f-ab8f9e0b1742,dlsu,"Values & Identity",up,60,2026-06-29T00:47:11.952Z
3bf13241-3d59-4dd0-8c5f-ab8f9e0b1742,dlsu,"Values & Identity",ust,66,2026-06-29T00:47:11.952Z
29e318b7-2259-47b4-9920-ee1111928b14,up,"Academic Experience",admu,44,2026-06-29T01:27:06.724Z
29e318b7-2259-47b4-9920-ee1111928b14,up,"Academic Experience",dlsu,34,2026-06-29T01:27:06.724Z
29e318b7-2259-47b4-9920-ee1111928b14,up,"Academic Experience",up,104,2026-06-29T01:27:06.724Z
29e318b7-2259-47b4-9920-ee1111928b14,up,"Academic Experience",ust,38,2026-06-29T01:27:06.724Z
29e318b7-2259-47b4-9920-ee1111928b14,up,"Social & Cultural Fit",admu,36,2026-06-29T01:27:06.724Z
29e318b7-2259-47b4-9920-ee1111928b14,up,"Social & Cultural Fit",dlsu,34,2026-06-29T01:27:06.724Z
29e318b7-2259-47b4-9920-ee1111928b14,up,"Social & Cultural Fit",up,117,2026-06-29T01:27:06.724Z
29e318b7-2259-47b4-9920-ee1111928b14,up,"Social & Cultural Fit",ust,86,2026-06-29T01:27:06.724Z
29e318b7-2259-47b4-9920-ee1111928b14,up,"Campus Life",admu,72,2026-06-29T01:27:06.724Z
29e318b7-2259-47b4-9920-ee1111928b14,up,"Campus Life",dlsu,108,2026-06-29T01:27:06.724Z
29e318b7-2259-47b4-9920-ee1111928b14,up,"Campus Life",up,105,2026-06-29T01:27:06.724Z
29e318b7-2259-47b4-9920-ee1111928b14,up,"Campus Life",ust,91,2026-06-29T01:27:06.724Z
29e318b7-2259-47b4-9920-ee1111928b14,up,"Values & Identity",admu,69,2026-06-29T01:27:06.724Z
29e318b7-2259-47b4-9920-ee1111928b14,up,"Values & Identity",dlsu,56,2026-06-29T01:27:06.724Z
29e318b7-2259-47b4-9920-ee1111928b14,up,"Values & Identity",up,124,2026-06-29T01:27:06.724Z
29e318b7-2259-47b4-9920-ee1111928b14,up,"Values & Identity",ust,38,2026-06-29T01:27:06.724Z
0a57af6c-d8c8-4ecd-8c14-2b23a579fda4,dlsu,"Academic Experience",admu,42,2026-06-29T01:53:51.856Z
0a57af6c-d8c8-4ecd-8c14-2b23a579fda4,dlsu,"Academic Experience",dlsu,59,2026-06-29T01:53:51.856Z
0a57af6c-d8c8-4ecd-8c14-2b23a579fda4,dlsu,"Academic Experience",up,31,2026-06-29T01:53:51.856Z
0a57af6c-d8c8-4ecd-8c14-2b23a579fda4,dlsu,"Academic Experience",ust,47,2026-06-29T01:53:51.856Z
0a57af6c-d8c8-4ecd-8c14-2b23a579fda4,dlsu,"Social & Cultural Fit",admu,93,2026-06-29T01:53:51.856Z
0a57af6c-d8c8-4ecd-8c14-2b23a579fda4,dlsu,"Social & Cultural Fit",dlsu,108,2026-06-29T01:53:51.856Z
0a57af6c-d8c8-4ecd-8c14-2b23a579fda4,dlsu,"Social & Cultural Fit",up,34,2026-06-29T01:53:51.856Z
0a57af6c-d8c8-4ecd-8c14-2b23a579fda4,dlsu,"Social & Cultural Fit",ust,47,2026-06-29T01:53:51.856Z
0a57af6c-d8c8-4ecd-8c14-2b23a579fda4,dlsu,"Campus Life",admu,79,2026-06-29T01:53:51.856Z
0a57af6c-d8c8-4ecd-8c14-2b23a579fda4,dlsu,"Campus Life",dlsu,169,2026-06-29T01:53:51.856Z
0a57af6c-d8c8-4ecd-8c14-2b23a579fda4,dlsu,"Campus Life",up,55,2026-06-29T01:53:51.856Z
0a57af6c-d8c8-4ecd-8c14-2b23a579fda4,dlsu,"Campus Life",ust,72,2026-06-29T01:53:51.856Z
0a57af6c-d8c8-4ecd-8c14-2b23a579fda4,dlsu,"Values & Identity",admu,63,2026-06-29T01:53:51.856Z
0a57af6c-d8c8-4ecd-8c14-2b23a579fda4,dlsu,"Values & Identity",dlsu,84,2026-06-29T01:53:51.856Z
0a57af6c-d8c8-4ecd-8c14-2b23a579fda4,dlsu,"Values & Identity",up,76,2026-06-29T01:53:51.856Z
0a57af6c-d8c8-4ecd-8c14-2b23a579fda4,dlsu,"Values & Identity",ust,40,2026-06-29T01:53:51.856Z
220ef697-9894-4d6f-9e60-6eec90dc2de9,dlsu,"Academic Experience",admu,64,2026-06-29T07:04:07.880Z
220ef697-9894-4d6f-9e60-6eec90dc2de9,dlsu,"Academic Experience",dlsu,88,2026-06-29T07:04:07.880Z
220ef697-9894-4d6f-9e60-6eec90dc2de9,dlsu,"Academic Experience",up,46,2026-06-29T07:04:07.880Z
220ef697-9894-4d6f-9e60-6eec90dc2de9,dlsu,"Academic Experience",ust,30,2026-06-29T07:04:07.880Z
220ef697-9894-4d6f-9e60-6eec90dc2de9,dlsu,"Social & Cultural Fit",admu,65,2026-06-29T07:04:07.880Z
220ef697-9894-4d6f-9e60-6eec90dc2de9,dlsu,"Social & Cultural Fit",dlsu,85,2026-06-29T07:04:07.880Z
220ef697-9894-4d6f-9e60-6eec90dc2de9,dlsu,"Social & Cultural Fit",up,43,2026-06-29T07:04:07.880Z
220ef697-9894-4d6f-9e60-6eec90dc2de9,dlsu,"Social & Cultural Fit",ust,44,2026-06-29T07:04:07.880Z
220ef697-9894-4d6f-9e60-6eec90dc2de9,dlsu,"Campus Life",admu,73,2026-06-29T07:04:07.880Z
220ef697-9894-4d6f-9e60-6eec90dc2de9,dlsu,"Campus Life",dlsu,146,2026-06-29T07:04:07.880Z
220ef697-9894-4d6f-9e60-6eec90dc2de9,dlsu,"Campus Life",up,53,2026-06-29T07:04:07.880Z
220ef697-9894-4d6f-9e60-6eec90dc2de9,dlsu,"Campus Life",ust,76,2026-06-29T07:04:07.880Z
220ef697-9894-4d6f-9e60-6eec90dc2de9,dlsu,"Values & Identity",admu,74,2026-06-29T07:04:07.880Z
220ef697-9894-4d6f-9e60-6eec90dc2de9,dlsu,"Values & Identity",dlsu,102,2026-06-29T07:04:07.880Z
220ef697-9894-4d6f-9e60-6eec90dc2de9,dlsu,"Values & Identity",up,25,2026-06-29T07:04:07.880Z
220ef697-9894-4d6f-9e60-6eec90dc2de9,dlsu,"Values & Identity",ust,59,2026-06-29T07:04:07.880Z
b08802d3-084a-42c4-9a10-7b98d4768871,ust,"Academic Experience",admu,56,2026-06-29T10:13:20.883Z
b08802d3-084a-42c4-9a10-7b98d4768871,ust,"Academic Experience",dlsu,36,2026-06-29T10:13:20.883Z
b08802d3-084a-42c4-9a10-7b98d4768871,ust,"Academic Experience",up,62,2026-06-29T10:13:20.883Z
b08802d3-084a-42c4-9a10-7b98d4768871,ust,"Academic Experience",ust,60,2026-06-29T10:13:20.883Z
b08802d3-084a-42c4-9a10-7b98d4768871,ust,"Social & Cultural Fit",admu,64,2026-06-29T10:13:20.883Z
b08802d3-084a-42c4-9a10-7b98d4768871,ust,"Social & Cultural Fit",dlsu,89,2026-06-29T10:13:20.883Z
b08802d3-084a-42c4-9a10-7b98d4768871,ust,"Social & Cultural Fit",up,77,2026-06-29T10:13:20.883Z
b08802d3-084a-42c4-9a10-7b98d4768871,ust,"Social & Cultural Fit",ust,85,2026-06-29T10:13:20.883Z
b08802d3-084a-42c4-9a10-7b98d4768871,ust,"Campus Life",admu,84,2026-06-29T10:13:20.883Z
b08802d3-084a-42c4-9a10-7b98d4768871,ust,"Campus Life",dlsu,94,2026-06-29T10:13:20.883Z
b08802d3-084a-42c4-9a10-7b98d4768871,ust,"Campus Life",up,113,2026-06-29T10:13:20.883Z
b08802d3-084a-42c4-9a10-7b98d4768871,ust,"Campus Life",ust,109,2026-06-29T10:13:20.883Z
b08802d3-084a-42c4-9a10-7b98d4768871,ust,"Values & Identity",admu,76,2026-06-29T10:13:20.883Z
b08802d3-084a-42c4-9a10-7b98d4768871,ust,"Values & Identity",dlsu,73,2026-06-29T10:13:20.883Z
b08802d3-084a-42c4-9a10-7b98d4768871,ust,"Values & Identity",up,84,2026-06-29T10:13:20.883Z
b08802d3-084a-42c4-9a10-7b98d4768871,ust,"Values & Identity",ust,38,2026-06-29T10:13:20.883Z
1a472f0c-f390-4294-9afc-220ce309eca0,up,"Academic Experience",admu,46,2026-06-29T11:16:01.581Z
1a472f0c-f390-4294-9afc-220ce309eca0,up,"Academic Experience",dlsu,16,2026-06-29T11:16:01.581Z
1a472f0c-f390-4294-9afc-220ce309eca0,up,"Academic Experience",up,127,2026-06-29T11:16:01.581Z
1a472f0c-f390-4294-9afc-220ce309eca0,up,"Academic Experience",ust,24,2026-06-29T11:16:01.581Z
1a472f0c-f390-4294-9afc-220ce309eca0,up,"Social & Cultural Fit",admu,41,2026-06-29T11:16:01.581Z
1a472f0c-f390-4294-9afc-220ce309eca0,up,"Social & Cultural Fit",dlsu,32,2026-06-29T11:16:01.581Z
1a472f0c-f390-4294-9afc-220ce309eca0,up,"Social & Cultural Fit",up,136,2026-06-29T11:16:01.581Z
1a472f0c-f390-4294-9afc-220ce309eca0,up,"Social & Cultural Fit",ust,91,2026-06-29T11:16:01.581Z
1a472f0c-f390-4294-9afc-220ce309eca0,up,"Campus Life",admu,78,2026-06-29T11:16:01.581Z
1a472f0c-f390-4294-9afc-220ce309eca0,up,"Campus Life",dlsu,55,2026-06-29T11:16:01.581Z
1a472f0c-f390-4294-9afc-220ce309eca0,up,"Campus Life",up,164,2026-06-29T11:16:01.581Z
1a472f0c-f390-4294-9afc-220ce309eca0,up,"Campus Life",ust,87,2026-06-29T11:16:01.581Z
1a472f0c-f390-4294-9afc-220ce309eca0,up,"Values & Identity",admu,45,2026-06-29T11:16:01.581Z
1a472f0c-f390-4294-9afc-220ce309eca0,up,"Values & Identity",dlsu,31,2026-06-29T11:16:01.581Z
1a472f0c-f390-4294-9afc-220ce309eca0,up,"Values & Identity",up,116,2026-06-29T11:16:01.581Z
1a472f0c-f390-4294-9afc-220ce309eca0,up,"Values & Identity",ust,52,2026-06-29T11:16:01.581Z
3319bff5-01ae-4240-b1ba-9cd565fc0119,up,"Academic Experience",admu,44,2026-06-29T11:18:11.786Z
3319bff5-01ae-4240-b1ba-9cd565fc0119,up,"Academic Experience",dlsu,22,2026-06-29T11:18:11.786Z
3319bff5-01ae-4240-b1ba-9cd565fc0119,up,"Academic Experience",up,124,2026-06-29T11:18:11.786Z
3319bff5-01ae-4240-b1ba-9cd565fc0119,up,"Academic Experience",ust,16,2026-06-29T11:18:11.786Z
3319bff5-01ae-4240-b1ba-9cd565fc0119,up,"Social & Cultural Fit",admu,41,2026-06-29T11:18:11.786Z
3319bff5-01ae-4240-b1ba-9cd565fc0119,up,"Social & Cultural Fit",dlsu,32,2026-06-29T11:18:11.786Z
3319bff5-01ae-4240-b1ba-9cd565fc0119,up,"Social & Cultural Fit",up,136,2026-06-29T11:18:11.786Z
3319bff5-01ae-4240-b1ba-9cd565fc0119,up,"Social & Cultural Fit",ust,91,2026-06-29T11:18:11.786Z
3319bff5-01ae-4240-b1ba-9cd565fc0119,up,"Campus Life",admu,76,2026-06-29T11:18:11.786Z
3319bff5-01ae-4240-b1ba-9cd565fc0119,up,"Campus Life",dlsu,75,2026-06-29T11:18:11.786Z
3319bff5-01ae-4240-b1ba-9cd565fc0119,up,"Campus Life",up,144,2026-06-29T11:18:11.786Z
3319bff5-01ae-4240-b1ba-9cd565fc0119,up,"Campus Life",ust,89,2026-06-29T11:18:11.786Z
3319bff5-01ae-4240-b1ba-9cd565fc0119,up,"Values & Identity",admu,55,2026-06-29T11:18:11.786Z
3319bff5-01ae-4240-b1ba-9cd565fc0119,up,"Values & Identity",dlsu,40,2026-06-29T11:18:11.786Z
3319bff5-01ae-4240-b1ba-9cd565fc0119,up,"Values & Identity",up,124,2026-06-29T11:18:11.786Z
3319bff5-01ae-4240-b1ba-9cd565fc0119,up,"Values & Identity",ust,34,2026-06-29T11:18:11.786Z
da2b49e0-1103-4475-87cc-d59fe4a57a3a,up,"Academic Experience",admu,19,2026-06-29T23:11:39.807Z
da2b49e0-1103-4475-87cc-d59fe4a57a3a,up,"Academic Experience",dlsu,35,2026-06-29T23:11:39.807Z
da2b49e0-1103-4475-87cc-d59fe4a57a3a,up,"Academic Experience",up,82,2026-06-29T23:11:39.807Z
da2b49e0-1103-4475-87cc-d59fe4a57a3a,up,"Academic Experience",ust,54,2026-06-29T23:11:39.807Z
da2b49e0-1103-4475-87cc-d59fe4a57a3a,up,"Social & Cultural Fit",admu,41,2026-06-29T23:11:39.807Z
da2b49e0-1103-4475-87cc-d59fe4a57a3a,up,"Social & Cultural Fit",dlsu,32,2026-06-29T23:11:39.807Z
da2b49e0-1103-4475-87cc-d59fe4a57a3a,up,"Social & Cultural Fit",up,136,2026-06-29T23:11:39.807Z
da2b49e0-1103-4475-87cc-d59fe4a57a3a,up,"Social & Cultural Fit",ust,91,2026-06-29T23:11:39.807Z
da2b49e0-1103-4475-87cc-d59fe4a57a3a,up,"Campus Life",admu,86,2026-06-29T23:11:39.807Z
da2b49e0-1103-4475-87cc-d59fe4a57a3a,up,"Campus Life",dlsu,71,2026-06-29T23:11:39.807Z
da2b49e0-1103-4475-87cc-d59fe4a57a3a,up,"Campus Life",up,144,2026-06-29T23:11:39.807Z
da2b49e0-1103-4475-87cc-d59fe4a57a3a,up,"Campus Life",ust,83,2026-06-29T23:11:39.807Z
da2b49e0-1103-4475-87cc-d59fe4a57a3a,up,"Values & Identity",admu,59,2026-06-29T23:11:39.807Z
da2b49e0-1103-4475-87cc-d59fe4a57a3a,up,"Values & Identity",dlsu,38,2026-06-29T23:11:39.807Z
da2b49e0-1103-4475-87cc-d59fe4a57a3a,up,"Values & Identity",up,136,2026-06-29T23:11:39.807Z
da2b49e0-1103-4475-87cc-d59fe4a57a3a,up,"Values & Identity",ust,32,2026-06-29T23:11:39.807Z
dbd46435-6aad-4343-8a75-b33b62b2c73f,admu,"Academic Experience",admu,60,2026-06-30T02:16:50.245Z
dbd46435-6aad-4343-8a75-b33b62b2c73f,admu,"Academic Experience",dlsu,55,2026-06-30T02:16:50.245Z
dbd46435-6aad-4343-8a75-b33b62b2c73f,admu,"Academic Experience",up,62,2026-06-30T02:16:50.245Z
dbd46435-6aad-4343-8a75-b33b62b2c73f,admu,"Academic Experience",ust,23,2026-06-30T02:16:50.245Z
dbd46435-6aad-4343-8a75-b33b62b2c73f,admu,"Social & Cultural Fit",admu,103,2026-06-30T02:16:50.245Z
dbd46435-6aad-4343-8a75-b33b62b2c73f,admu,"Social & Cultural Fit",dlsu,100,2026-06-30T02:16:50.245Z
dbd46435-6aad-4343-8a75-b33b62b2c73f,admu,"Social & Cultural Fit",up,24,2026-06-30T02:16:50.245Z
dbd46435-6aad-4343-8a75-b33b62b2c73f,admu,"Social & Cultural Fit",ust,53,2026-06-30T02:16:50.245Z
dbd46435-6aad-4343-8a75-b33b62b2c73f,admu,"Campus Life",admu,120,2026-06-30T02:16:50.245Z
dbd46435-6aad-4343-8a75-b33b62b2c73f,admu,"Campus Life",dlsu,85,2026-06-30T02:16:50.245Z
dbd46435-6aad-4343-8a75-b33b62b2c73f,admu,"Campus Life",up,109,2026-06-30T02:16:50.245Z
dbd46435-6aad-4343-8a75-b33b62b2c73f,admu,"Campus Life",ust,76,2026-06-30T02:16:50.245Z
dbd46435-6aad-4343-8a75-b33b62b2c73f,admu,"Values & Identity",admu,110,2026-06-30T02:16:50.245Z
dbd46435-6aad-4343-8a75-b33b62b2c73f,admu,"Values & Identity",dlsu,51,2026-06-30T02:16:50.245Z
dbd46435-6aad-4343-8a75-b33b62b2c73f,admu,"Values & Identity",up,66,2026-06-30T02:16:50.245Z
dbd46435-6aad-4343-8a75-b33b62b2c73f,admu,"Values & Identity",ust,36,2026-06-30T02:16:50.245Z
0e360b69-a2bc-47cc-859b-3c188ecea338,dlsu,"Academic Experience",admu,53,2026-06-30T03:42:56.828Z
0e360b69-a2bc-47cc-859b-3c188ecea338,dlsu,"Academic Experience",dlsu,105,2026-06-30T03:42:56.828Z
0e360b69-a2bc-47cc-859b-3c188ecea338,dlsu,"Academic Experience",up,11,2026-06-30T03:42:56.828Z
0e360b69-a2bc-47cc-859b-3c188ecea338,dlsu,"Academic Experience",ust,28,2026-06-30T03:42:56.828Z
0e360b69-a2bc-47cc-859b-3c188ecea338,dlsu,"Social & Cultural Fit",admu,93,2026-06-30T03:42:56.828Z
0e360b69-a2bc-47cc-859b-3c188ecea338,dlsu,"Social & Cultural Fit",dlsu,106,2026-06-30T03:42:56.828Z
0e360b69-a2bc-47cc-859b-3c188ecea338,dlsu,"Social & Cultural Fit",up,53,2026-06-30T03:42:56.828Z
0e360b69-a2bc-47cc-859b-3c188ecea338,dlsu,"Social & Cultural Fit",ust,62,2026-06-30T03:42:56.828Z
0e360b69-a2bc-47cc-859b-3c188ecea338,dlsu,"Campus Life",admu,79,2026-06-30T03:42:56.828Z
0e360b69-a2bc-47cc-859b-3c188ecea338,dlsu,"Campus Life",dlsu,169,2026-06-30T03:42:56.828Z
0e360b69-a2bc-47cc-859b-3c188ecea338,dlsu,"Campus Life",up,55,2026-06-30T03:42:56.828Z
0e360b69-a2bc-47cc-859b-3c188ecea338,dlsu,"Campus Life",ust,72,2026-06-30T03:42:56.828Z
0e360b69-a2bc-47cc-859b-3c188ecea338,dlsu,"Values & Identity",admu,69,2026-06-30T03:42:56.828Z
0e360b69-a2bc-47cc-859b-3c188ecea338,dlsu,"Values & Identity",dlsu,81,2026-06-30T03:42:56.828Z
0e360b69-a2bc-47cc-859b-3c188ecea338,dlsu,"Values & Identity",up,68,2026-06-30T03:42:56.828Z
0e360b69-a2bc-47cc-859b-3c188ecea338,dlsu,"Values & Identity",ust,78,2026-06-30T03:42:56.828Z
e5518832-0846-48c7-9526-6c0d993d18aa,dlsu,"Academic Experience",admu,65,2026-06-30T04:14:07.610Z
e5518832-0846-48c7-9526-6c0d993d18aa,dlsu,"Academic Experience",dlsu,83,2026-06-30T04:14:07.610Z
e5518832-0846-48c7-9526-6c0d993d18aa,dlsu,"Academic Experience",up,44,2026-06-30T04:14:07.610Z
e5518832-0846-48c7-9526-6c0d993d18aa,dlsu,"Academic Experience",ust,22,2026-06-30T04:14:07.610Z
e5518832-0846-48c7-9526-6c0d993d18aa,dlsu,"Social & Cultural Fit",admu,77,2026-06-30T04:14:07.610Z
e5518832-0846-48c7-9526-6c0d993d18aa,dlsu,"Social & Cultural Fit",dlsu,90,2026-06-30T04:14:07.610Z
e5518832-0846-48c7-9526-6c0d993d18aa,dlsu,"Social & Cultural Fit",up,72,2026-06-30T04:14:07.610Z
e5518832-0846-48c7-9526-6c0d993d18aa,dlsu,"Social & Cultural Fit",ust,75,2026-06-30T04:14:07.610Z
e5518832-0846-48c7-9526-6c0d993d18aa,dlsu,"Campus Life",admu,88,2026-06-30T04:14:07.610Z
e5518832-0846-48c7-9526-6c0d993d18aa,dlsu,"Campus Life",dlsu,142,2026-06-30T04:14:07.610Z
e5518832-0846-48c7-9526-6c0d993d18aa,dlsu,"Campus Life",up,75,2026-06-30T04:14:07.610Z
e5518832-0846-48c7-9526-6c0d993d18aa,dlsu,"Campus Life",ust,82,2026-06-30T04:14:07.610Z
e5518832-0846-48c7-9526-6c0d993d18aa,dlsu,"Values & Identity",admu,80,2026-06-30T04:14:07.610Z
e5518832-0846-48c7-9526-6c0d993d18aa,dlsu,"Values & Identity",dlsu,102,2026-06-30T04:14:07.610Z
e5518832-0846-48c7-9526-6c0d993d18aa,dlsu,"Values & Identity",up,41,2026-06-30T04:14:07.610Z
e5518832-0846-48c7-9526-6c0d993d18aa,dlsu,"Values & Identity",ust,47,2026-06-30T04:14:07.610Z
e47741d4-1631-46c5-8c8c-f15232747d9b,admu,"Academic Experience",admu,82,2026-06-30T06:24:58.707Z
e47741d4-1631-46c5-8c8c-f15232747d9b,admu,"Academic Experience",dlsu,72,2026-06-30T06:24:58.707Z
e47741d4-1631-46c5-8c8c-f15232747d9b,admu,"Academic Experience",up,16,2026-06-30T06:24:58.707Z
e47741d4-1631-46c5-8c8c-f15232747d9b,admu,"Academic Experience",ust,34,2026-06-30T06:24:58.707Z
e47741d4-1631-46c5-8c8c-f15232747d9b,admu,"Social & Cultural Fit",admu,97,2026-06-30T06:24:58.707Z
e47741d4-1631-46c5-8c8c-f15232747d9b,admu,"Social & Cultural Fit",dlsu,79,2026-06-30T06:24:58.707Z
e47741d4-1631-46c5-8c8c-f15232747d9b,admu,"Social & Cultural Fit",up,52,2026-06-30T06:24:58.707Z
e47741d4-1631-46c5-8c8c-f15232747d9b,admu,"Social & Cultural Fit",ust,72,2026-06-30T06:24:58.707Z
e47741d4-1631-46c5-8c8c-f15232747d9b,admu,"Campus Life",admu,138,2026-06-30T06:24:58.707Z
e47741d4-1631-46c5-8c8c-f15232747d9b,admu,"Campus Life",dlsu,92,2026-06-30T06:24:58.707Z
e47741d4-1631-46c5-8c8c-f15232747d9b,admu,"Campus Life",up,69,2026-06-30T06:24:58.707Z
e47741d4-1631-46c5-8c8c-f15232747d9b,admu,"Campus Life",ust,55,2026-06-30T06:24:58.707Z
e47741d4-1631-46c5-8c8c-f15232747d9b,admu,"Values & Identity",admu,115,2026-06-30T06:24:58.707Z
e47741d4-1631-46c5-8c8c-f15232747d9b,admu,"Values & Identity",dlsu,49,2026-06-30T06:24:58.707Z
e47741d4-1631-46c5-8c8c-f15232747d9b,admu,"Values & Identity",up,40,2026-06-30T06:24:58.707Z
e47741d4-1631-46c5-8c8c-f15232747d9b,admu,"Values & Identity",ust,48,2026-06-30T06:24:58.707Z
ce06233c-24ee-496a-9c4b-883deb0fbaaa,admu,"Academic Experience",admu,101,2026-06-30T08:17:34.414Z
ce06233c-24ee-496a-9c4b-883deb0fbaaa,admu,"Academic Experience",dlsu,38,2026-06-30T08:17:34.414Z
ce06233c-24ee-496a-9c4b-883deb0fbaaa,admu,"Academic Experience",up,41,2026-06-30T08:17:34.414Z
ce06233c-24ee-496a-9c4b-883deb0fbaaa,admu,"Academic Experience",ust,32,2026-06-30T08:17:34.414Z
ce06233c-24ee-496a-9c4b-883deb0fbaaa,admu,"Social & Cultural Fit",admu,92,2026-06-30T08:17:34.414Z
ce06233c-24ee-496a-9c4b-883deb0fbaaa,admu,"Social & Cultural Fit",dlsu,80,2026-06-30T08:17:34.414Z
ce06233c-24ee-496a-9c4b-883deb0fbaaa,admu,"Social & Cultural Fit",up,25,2026-06-30T08:17:34.414Z
ce06233c-24ee-496a-9c4b-883deb0fbaaa,admu,"Social & Cultural Fit",ust,52,2026-06-30T08:17:34.414Z
ce06233c-24ee-496a-9c4b-883deb0fbaaa,admu,"Campus Life",admu,133,2026-06-30T08:17:34.414Z
ce06233c-24ee-496a-9c4b-883deb0fbaaa,admu,"Campus Life",dlsu,83,2026-06-30T08:17:34.414Z
ce06233c-24ee-496a-9c4b-883deb0fbaaa,admu,"Campus Life",up,99,2026-06-30T08:17:34.414Z
ce06233c-24ee-496a-9c4b-883deb0fbaaa,admu,"Campus Life",ust,53,2026-06-30T08:17:34.414Z
ce06233c-24ee-496a-9c4b-883deb0fbaaa,admu,"Values & Identity",admu,129,2026-06-30T08:17:34.414Z
ce06233c-24ee-496a-9c4b-883deb0fbaaa,admu,"Values & Identity",dlsu,56,2026-06-30T08:17:34.414Z
ce06233c-24ee-496a-9c4b-883deb0fbaaa,admu,"Values & Identity",up,60,2026-06-30T08:17:34.414Z
ce06233c-24ee-496a-9c4b-883deb0fbaaa,admu,"Values & Identity",ust,28,2026-06-30T08:17:34.414Z
19f17f97-a85e-4e53-816d-722041762618,up,"Academic Experience",admu,45,2026-06-30T11:42:29.731Z
19f17f97-a85e-4e53-816d-722041762618,up,"Academic Experience",dlsu,20,2026-06-30T11:42:29.731Z
19f17f97-a85e-4e53-816d-722041762618,up,"Academic Experience",up,107,2026-06-30T11:42:29.731Z
19f17f97-a85e-4e53-816d-722041762618,up,"Academic Experience",ust,24,2026-06-30T11:42:29.731Z
19f17f97-a85e-4e53-816d-722041762618,up,"Social & Cultural Fit",admu,41,2026-06-30T11:42:29.731Z
19f17f97-a85e-4e53-816d-722041762618,up,"Social & Cultural Fit",dlsu,32,2026-06-30T11:42:29.731Z
19f17f97-a85e-4e53-816d-722041762618,up,"Social & Cultural Fit",up,136,2026-06-30T11:42:29.731Z
19f17f97-a85e-4e53-816d-722041762618,up,"Social & Cultural Fit",ust,91,2026-06-30T11:42:29.731Z
19f17f97-a85e-4e53-816d-722041762618,up,"Campus Life",admu,78,2026-06-30T11:42:29.731Z
19f17f97-a85e-4e53-816d-722041762618,up,"Campus Life",dlsu,55,2026-06-30T11:42:29.731Z
19f17f97-a85e-4e53-816d-722041762618,up,"Campus Life",up,164,2026-06-30T11:42:29.731Z
19f17f97-a85e-4e53-816d-722041762618,up,"Campus Life",ust,87,2026-06-30T11:42:29.731Z
19f17f97-a85e-4e53-816d-722041762618,up,"Values & Identity",admu,79,2026-06-30T11:42:29.731Z
19f17f97-a85e-4e53-816d-722041762618,up,"Values & Identity",dlsu,44,2026-06-30T11:42:29.731Z
19f17f97-a85e-4e53-816d-722041762618,up,"Values & Identity",up,118,2026-06-30T11:42:29.731Z
19f17f97-a85e-4e53-816d-722041762618,up,"Values & Identity",ust,36,2026-06-30T11:42:29.731Z
61e014ad-026b-4ec1-b0fe-88a71037489f,up,"Academic Experience",admu,35,2026-06-30T14:39:32.670Z
61e014ad-026b-4ec1-b0fe-88a71037489f,up,"Academic Experience",dlsu,49,2026-06-30T14:39:32.670Z
61e014ad-026b-4ec1-b0fe-88a71037489f,up,"Academic Experience",up,86,2026-06-30T14:39:32.670Z
61e014ad-026b-4ec1-b0fe-88a71037489f,up,"Academic Experience",ust,41,2026-06-30T14:39:32.670Z
61e014ad-026b-4ec1-b0fe-88a71037489f,up,"Social & Cultural Fit",admu,41,2026-06-30T14:39:32.670Z
61e014ad-026b-4ec1-b0fe-88a71037489f,up,"Social & Cultural Fit",dlsu,32,2026-06-30T14:39:32.670Z
61e014ad-026b-4ec1-b0fe-88a71037489f,up,"Social & Cultural Fit",up,136,2026-06-30T14:39:32.670Z
61e014ad-026b-4ec1-b0fe-88a71037489f,up,"Social & Cultural Fit",ust,91,2026-06-30T14:39:32.670Z
61e014ad-026b-4ec1-b0fe-88a71037489f,up,"Campus Life",admu,62,2026-06-30T14:39:32.670Z
61e014ad-026b-4ec1-b0fe-88a71037489f,up,"Campus Life",dlsu,66,2026-06-30T14:39:32.670Z
61e014ad-026b-4ec1-b0fe-88a71037489f,up,"Campus Life",up,129,2026-06-30T14:39:32.670Z
61e014ad-026b-4ec1-b0fe-88a71037489f,up,"Campus Life",ust,106,2026-06-30T14:39:32.670Z
61e014ad-026b-4ec1-b0fe-88a71037489f,up,"Values & Identity",admu,78,2026-06-30T14:39:32.670Z
61e014ad-026b-4ec1-b0fe-88a71037489f,up,"Values & Identity",dlsu,89,2026-06-30T14:39:32.670Z
61e014ad-026b-4ec1-b0fe-88a71037489f,up,"Values & Identity",up,78,2026-06-30T14:39:32.670Z
61e014ad-026b-4ec1-b0fe-88a71037489f,up,"Values & Identity",ust,46,2026-06-30T14:39:32.670Z
88305278-a19f-437a-80ae-004a8c5c8f33,up,"Academic Experience",admu,25,2026-06-30T19:15:19.413Z
88305278-a19f-437a-80ae-004a8c5c8f33,up,"Academic Experience",dlsu,36,2026-06-30T19:15:19.413Z
88305278-a19f-437a-80ae-004a8c5c8f33,up,"Academic Experience",up,120,2026-06-30T19:15:19.413Z
88305278-a19f-437a-80ae-004a8c5c8f33,up,"Academic Experience",ust,19,2026-06-30T19:15:19.413Z
88305278-a19f-437a-80ae-004a8c5c8f33,up,"Social & Cultural Fit",admu,48,2026-06-30T19:15:19.413Z
88305278-a19f-437a-80ae-004a8c5c8f33,up,"Social & Cultural Fit",dlsu,48,2026-06-30T19:15:19.413Z
88305278-a19f-437a-80ae-004a8c5c8f33,up,"Social & Cultural Fit",up,121,2026-06-30T19:15:19.413Z
88305278-a19f-437a-80ae-004a8c5c8f33,up,"Social & Cultural Fit",ust,83,2026-06-30T19:15:19.413Z
88305278-a19f-437a-80ae-004a8c5c8f33,up,"Campus Life",admu,91,2026-06-30T19:15:19.413Z
88305278-a19f-437a-80ae-004a8c5c8f33,up,"Campus Life",dlsu,57,2026-06-30T19:15:19.413Z
88305278-a19f-437a-80ae-004a8c5c8f33,up,"Campus Life",up,117,2026-06-30T19:15:19.413Z
88305278-a19f-437a-80ae-004a8c5c8f33,up,"Campus Life",ust,98,2026-06-30T19:15:19.413Z
88305278-a19f-437a-80ae-004a8c5c8f33,up,"Values & Identity",admu,59,2026-06-30T19:15:19.413Z
88305278-a19f-437a-80ae-004a8c5c8f33,up,"Values & Identity",dlsu,38,2026-06-30T19:15:19.413Z
88305278-a19f-437a-80ae-004a8c5c8f33,up,"Values & Identity",up,136,2026-06-30T19:15:19.413Z
88305278-a19f-437a-80ae-004a8c5c8f33,up,"Values & Identity",ust,32,2026-06-30T19:15:19.413Z
96650262-c396-40ae-868e-d022d3d7b961,up,"Academic Experience",admu,50,2026-07-01T00:03:06.658Z
96650262-c396-40ae-868e-d022d3d7b961,up,"Academic Experience",dlsu,31,2026-07-01T00:03:06.658Z
96650262-c396-40ae-868e-d022d3d7b961,up,"Academic Experience",up,120,2026-07-01T00:03:06.658Z
96650262-c396-40ae-868e-d022d3d7b961,up,"Academic Experience",ust,19,2026-07-01T00:03:06.658Z
96650262-c396-40ae-868e-d022d3d7b961,up,"Social & Cultural Fit",admu,37,2026-07-01T00:03:06.658Z
96650262-c396-40ae-868e-d022d3d7b961,up,"Social & Cultural Fit",dlsu,27,2026-07-01T00:03:06.658Z
96650262-c396-40ae-868e-d022d3d7b961,up,"Social & Cultural Fit",up,118,2026-07-01T00:03:06.658Z
96650262-c396-40ae-868e-d022d3d7b961,up,"Social & Cultural Fit",ust,83,2026-07-01T00:03:06.658Z
96650262-c396-40ae-868e-d022d3d7b961,up,"Campus Life",admu,103,2026-07-01T00:03:06.658Z
96650262-c396-40ae-868e-d022d3d7b961,up,"Campus Life",dlsu,82,2026-07-01T00:03:06.658Z
96650262-c396-40ae-868e-d022d3d7b961,up,"Campus Life",up,115,2026-07-01T00:03:06.658Z
96650262-c396-40ae-868e-d022d3d7b961,up,"Campus Life",ust,73,2026-07-01T00:03:06.658Z
96650262-c396-40ae-868e-d022d3d7b961,up,"Values & Identity",admu,59,2026-07-01T00:03:06.658Z
96650262-c396-40ae-868e-d022d3d7b961,up,"Values & Identity",dlsu,38,2026-07-01T00:03:06.658Z
96650262-c396-40ae-868e-d022d3d7b961,up,"Values & Identity",up,136,2026-07-01T00:03:06.658Z
96650262-c396-40ae-868e-d022d3d7b961,up,"Values & Identity",ust,32,2026-07-01T00:03:06.658Z
f5183759-a18b-4735-aaca-973631c0d8e8,ust,"Academic Experience",admu,22,2026-07-01T00:22:11.681Z
f5183759-a18b-4735-aaca-973631c0d8e8,ust,"Academic Experience",dlsu,20,2026-07-01T00:22:11.681Z
f5183759-a18b-4735-aaca-973631c0d8e8,ust,"Academic Experience",up,32,2026-07-01T00:22:11.681Z
f5183759-a18b-4735-aaca-973631c0d8e8,ust,"Academic Experience",ust,102,2026-07-01T00:22:11.681Z
f5183759-a18b-4735-aaca-973631c0d8e8,ust,"Social & Cultural Fit",admu,35,2026-07-01T00:22:11.681Z
f5183759-a18b-4735-aaca-973631c0d8e8,ust,"Social & Cultural Fit",dlsu,40,2026-07-01T00:22:11.681Z
f5183759-a18b-4735-aaca-973631c0d8e8,ust,"Social & Cultural Fit",up,110,2026-07-01T00:22:11.681Z
f5183759-a18b-4735-aaca-973631c0d8e8,ust,"Social & Cultural Fit",ust,105,2026-07-01T00:22:11.681Z
f5183759-a18b-4735-aaca-973631c0d8e8,ust,"Campus Life",admu,74,2026-07-01T00:22:11.681Z
f5183759-a18b-4735-aaca-973631c0d8e8,ust,"Campus Life",dlsu,99,2026-07-01T00:22:11.681Z
f5183759-a18b-4735-aaca-973631c0d8e8,ust,"Campus Life",up,95,2026-07-01T00:22:11.681Z
f5183759-a18b-4735-aaca-973631c0d8e8,ust,"Campus Life",ust,105,2026-07-01T00:22:11.681Z
f5183759-a18b-4735-aaca-973631c0d8e8,ust,"Values & Identity",admu,81,2026-07-01T00:22:11.681Z
f5183759-a18b-4735-aaca-973631c0d8e8,ust,"Values & Identity",dlsu,64,2026-07-01T00:22:11.681Z
f5183759-a18b-4735-aaca-973631c0d8e8,ust,"Values & Identity",up,77,2026-07-01T00:22:11.681Z
f5183759-a18b-4735-aaca-973631c0d8e8,ust,"Values & Identity",ust,61,2026-07-01T00:22:11.681Z
1ac07acd-f063-45e5-8ee5-9a412abfb911,dlsu,"Academic Experience",admu,42,2026-07-01T01:20:41.226Z
1ac07acd-f063-45e5-8ee5-9a412abfb911,dlsu,"Academic Experience",dlsu,101,2026-07-01T01:20:41.226Z
1ac07acd-f063-45e5-8ee5-9a412abfb911,dlsu,"Academic Experience",up,24,2026-07-01T01:20:41.226Z
1ac07acd-f063-45e5-8ee5-9a412abfb911,dlsu,"Academic Experience",ust,43,2026-07-01T01:20:41.226Z
1ac07acd-f063-45e5-8ee5-9a412abfb911,dlsu,"Social & Cultural Fit",admu,81,2026-07-01T01:20:41.226Z
1ac07acd-f063-45e5-8ee5-9a412abfb911,dlsu,"Social & Cultural Fit",dlsu,92,2026-07-01T01:20:41.226Z
1ac07acd-f063-45e5-8ee5-9a412abfb911,dlsu,"Social & Cultural Fit",up,53,2026-07-01T01:20:41.226Z
1ac07acd-f063-45e5-8ee5-9a412abfb911,dlsu,"Social & Cultural Fit",ust,50,2026-07-01T01:20:41.226Z
1ac07acd-f063-45e5-8ee5-9a412abfb911,dlsu,"Campus Life",admu,78,2026-07-01T01:20:41.226Z
1ac07acd-f063-45e5-8ee5-9a412abfb911,dlsu,"Campus Life",dlsu,127,2026-07-01T01:20:41.226Z
1ac07acd-f063-45e5-8ee5-9a412abfb911,dlsu,"Campus Life",up,81,2026-07-01T01:20:41.226Z
1ac07acd-f063-45e5-8ee5-9a412abfb911,dlsu,"Campus Life",ust,80,2026-07-01T01:20:41.226Z
1ac07acd-f063-45e5-8ee5-9a412abfb911,dlsu,"Values & Identity",admu,68,2026-07-01T01:20:41.226Z
1ac07acd-f063-45e5-8ee5-9a412abfb911,dlsu,"Values & Identity",dlsu,95,2026-07-01T01:20:41.226Z
1ac07acd-f063-45e5-8ee5-9a412abfb911,dlsu,"Values & Identity",up,44,2026-07-01T01:20:41.226Z
1ac07acd-f063-45e5-8ee5-9a412abfb911,dlsu,"Values & Identity",ust,55,2026-07-01T01:20:41.226Z
52455c89-160c-4295-9331-9b409bcdc23b,ust,"Academic Experience",admu,23,2026-07-01T05:54:24.572Z
52455c89-160c-4295-9331-9b409bcdc23b,ust,"Academic Experience",dlsu,29,2026-07-01T05:54:24.572Z
52455c89-160c-4295-9331-9b409bcdc23b,ust,"Academic Experience",up,44,2026-07-01T05:54:24.572Z
52455c89-160c-4295-9331-9b409bcdc23b,ust,"Academic Experience",ust,92,2026-07-01T05:54:24.572Z
52455c89-160c-4295-9331-9b409bcdc23b,ust,"Social & Cultural Fit",admu,44,2026-07-01T05:54:24.572Z
52455c89-160c-4295-9331-9b409bcdc23b,ust,"Social & Cultural Fit",dlsu,38,2026-07-01T05:54:24.572Z
52455c89-160c-4295-9331-9b409bcdc23b,ust,"Social & Cultural Fit",up,128,2026-07-01T05:54:24.572Z
52455c89-160c-4295-9331-9b409bcdc23b,ust,"Social & Cultural Fit",ust,109,2026-07-01T05:54:24.572Z
52455c89-160c-4295-9331-9b409bcdc23b,ust,"Campus Life",admu,55,2026-07-01T05:54:24.572Z
52455c89-160c-4295-9331-9b409bcdc23b,ust,"Campus Life",dlsu,81,2026-07-01T05:54:24.572Z
52455c89-160c-4295-9331-9b409bcdc23b,ust,"Campus Life",up,85,2026-07-01T05:54:24.572Z
52455c89-160c-4295-9331-9b409bcdc23b,ust,"Campus Life",ust,125,2026-07-01T05:54:24.572Z
52455c89-160c-4295-9331-9b409bcdc23b,ust,"Values & Identity",admu,65,2026-07-01T05:54:24.572Z
52455c89-160c-4295-9331-9b409bcdc23b,ust,"Values & Identity",dlsu,58,2026-07-01T05:54:24.572Z
52455c89-160c-4295-9331-9b409bcdc23b,ust,"Values & Identity",up,81,2026-07-01T05:54:24.572Z
52455c89-160c-4295-9331-9b409bcdc23b,ust,"Values & Identity",ust,89,2026-07-01T05:54:24.572Z
70329f89-b7d9-4201-93fe-f94995888a48,up,"Academic Experience",admu,58,2026-07-01T08:04:34.683Z
70329f89-b7d9-4201-93fe-f94995888a48,up,"Academic Experience",dlsu,37,2026-07-01T08:04:34.683Z
70329f89-b7d9-4201-93fe-f94995888a48,up,"Academic Experience",up,80,2026-07-01T08:04:34.683Z
70329f89-b7d9-4201-93fe-f94995888a48,up,"Academic Experience",ust,41,2026-07-01T08:04:34.683Z
70329f89-b7d9-4201-93fe-f94995888a48,up,"Social & Cultural Fit",admu,32,2026-07-01T08:04:34.683Z
70329f89-b7d9-4201-93fe-f94995888a48,up,"Social & Cultural Fit",dlsu,36,2026-07-01T08:04:34.683Z
70329f89-b7d9-4201-93fe-f94995888a48,up,"Social & Cultural Fit",up,101,2026-07-01T08:04:34.683Z
70329f89-b7d9-4201-93fe-f94995888a48,up,"Social & Cultural Fit",ust,98,2026-07-01T08:04:34.683Z
70329f89-b7d9-4201-93fe-f94995888a48,up,"Campus Life",admu,86,2026-07-01T08:04:34.683Z
70329f89-b7d9-4201-93fe-f94995888a48,up,"Campus Life",dlsu,65,2026-07-01T08:04:34.683Z
70329f89-b7d9-4201-93fe-f94995888a48,up,"Campus Life",up,130,2026-07-01T08:04:34.683Z
70329f89-b7d9-4201-93fe-f94995888a48,up,"Campus Life",ust,85,2026-07-01T08:04:34.683Z
70329f89-b7d9-4201-93fe-f94995888a48,up,"Values & Identity",admu,54,2026-07-01T08:04:34.683Z
70329f89-b7d9-4201-93fe-f94995888a48,up,"Values & Identity",dlsu,32,2026-07-01T08:04:34.683Z
70329f89-b7d9-4201-93fe-f94995888a48,up,"Values & Identity",up,104,2026-07-01T08:04:34.683Z
70329f89-b7d9-4201-93fe-f94995888a48,up,"Values & Identity",ust,58,2026-07-01T08:04:34.683Z
76551917-06fe-46e8-a4a9-e704df0aab43,dlsu,"Academic Experience",admu,78,2026-07-01T11:05:20.998Z
76551917-06fe-46e8-a4a9-e704df0aab43,dlsu,"Academic Experience",dlsu,59,2026-07-01T11:05:20.998Z
76551917-06fe-46e8-a4a9-e704df0aab43,dlsu,"Academic Experience",up,53,2026-07-01T11:05:20.998Z
76551917-06fe-46e8-a4a9-e704df0aab43,dlsu,"Academic Experience",ust,23,2026-07-01T11:05:20.998Z
76551917-06fe-46e8-a4a9-e704df0aab43,dlsu,"Social & Cultural Fit",admu,77,2026-07-01T11:05:20.998Z
76551917-06fe-46e8-a4a9-e704df0aab43,dlsu,"Social & Cultural Fit",dlsu,87,2026-07-01T11:05:20.998Z
76551917-06fe-46e8-a4a9-e704df0aab43,dlsu,"Social & Cultural Fit",up,35,2026-07-01T11:05:20.998Z
76551917-06fe-46e8-a4a9-e704df0aab43,dlsu,"Social & Cultural Fit",ust,42,2026-07-01T11:05:20.998Z
76551917-06fe-46e8-a4a9-e704df0aab43,dlsu,"Campus Life",admu,71,2026-07-01T11:05:20.998Z
76551917-06fe-46e8-a4a9-e704df0aab43,dlsu,"Campus Life",dlsu,145,2026-07-01T11:05:20.998Z
76551917-06fe-46e8-a4a9-e704df0aab43,dlsu,"Campus Life",up,43,2026-07-01T11:05:20.998Z
76551917-06fe-46e8-a4a9-e704df0aab43,dlsu,"Campus Life",ust,68,2026-07-01T11:05:20.998Z
76551917-06fe-46e8-a4a9-e704df0aab43,dlsu,"Values & Identity",admu,79,2026-07-01T11:05:20.998Z
76551917-06fe-46e8-a4a9-e704df0aab43,dlsu,"Values & Identity",dlsu,69,2026-07-01T11:05:20.998Z
76551917-06fe-46e8-a4a9-e704df0aab43,dlsu,"Values & Identity",up,62,2026-07-01T11:05:20.998Z
76551917-06fe-46e8-a4a9-e704df0aab43,dlsu,"Values & Identity",ust,76,2026-07-01T11:05:20.998Z
65e05f6d-e376-44a8-a996-358d53d2e660,up,"Academic Experience",admu,42,2026-07-01T12:48:35.705Z
65e05f6d-e376-44a8-a996-358d53d2e660,up,"Academic Experience",dlsu,18,2026-07-01T12:48:35.705Z
65e05f6d-e376-44a8-a996-358d53d2e660,up,"Academic Experience",up,140,2026-07-01T12:48:35.705Z
65e05f6d-e376-44a8-a996-358d53d2e660,up,"Academic Experience",ust,16,2026-07-01T12:48:35.705Z
65e05f6d-e376-44a8-a996-358d53d2e660,up,"Social & Cultural Fit",admu,58,2026-07-01T12:48:35.705Z
65e05f6d-e376-44a8-a996-358d53d2e660,up,"Social & Cultural Fit",dlsu,45,2026-07-01T12:48:35.705Z
65e05f6d-e376-44a8-a996-358d53d2e660,up,"Social & Cultural Fit",up,120,2026-07-01T12:48:35.705Z
65e05f6d-e376-44a8-a996-358d53d2e660,up,"Social & Cultural Fit",ust,91,2026-07-01T12:48:35.705Z
65e05f6d-e376-44a8-a996-358d53d2e660,up,"Campus Life",admu,73,2026-07-01T12:48:35.705Z
65e05f6d-e376-44a8-a996-358d53d2e660,up,"Campus Life",dlsu,66,2026-07-01T12:48:35.705Z
65e05f6d-e376-44a8-a996-358d53d2e660,up,"Campus Life",up,149,2026-07-01T12:48:35.705Z
65e05f6d-e376-44a8-a996-358d53d2e660,up,"Campus Life",ust,97,2026-07-01T12:48:35.705Z
65e05f6d-e376-44a8-a996-358d53d2e660,up,"Values & Identity",admu,76,2026-07-01T12:48:35.705Z
65e05f6d-e376-44a8-a996-358d53d2e660,up,"Values & Identity",dlsu,47,2026-07-01T12:48:35.705Z
65e05f6d-e376-44a8-a996-358d53d2e660,up,"Values & Identity",up,116,2026-07-01T12:48:35.705Z
65e05f6d-e376-44a8-a996-358d53d2e660,up,"Values & Identity",ust,26,2026-07-01T12:48:35.705Z
265b9219-550e-493b-a639-ec9ba18dc8b0,dlsu,"Academic Experience",admu,53,2026-07-01T15:47:30.100Z
265b9219-550e-493b-a639-ec9ba18dc8b0,dlsu,"Academic Experience",dlsu,124,2026-07-01T15:47:30.100Z
265b9219-550e-493b-a639-ec9ba18dc8b0,dlsu,"Academic Experience",up,6,2026-07-01T15:47:30.100Z
265b9219-550e-493b-a639-ec9ba18dc8b0,dlsu,"Academic Experience",ust,31,2026-07-01T15:47:30.100Z
265b9219-550e-493b-a639-ec9ba18dc8b0,dlsu,"Social & Cultural Fit",admu,100,2026-07-01T15:47:30.100Z
265b9219-550e-493b-a639-ec9ba18dc8b0,dlsu,"Social & Cultural Fit",dlsu,122,2026-07-01T15:47:30.100Z
265b9219-550e-493b-a639-ec9ba18dc8b0,dlsu,"Social & Cultural Fit",up,38,2026-07-01T15:47:30.100Z
265b9219-550e-493b-a639-ec9ba18dc8b0,dlsu,"Social & Cultural Fit",ust,54,2026-07-01T15:47:30.100Z
265b9219-550e-493b-a639-ec9ba18dc8b0,dlsu,"Campus Life",admu,66,2026-07-01T15:47:30.100Z
265b9219-550e-493b-a639-ec9ba18dc8b0,dlsu,"Campus Life",dlsu,150,2026-07-01T15:47:30.100Z
265b9219-550e-493b-a639-ec9ba18dc8b0,dlsu,"Campus Life",up,74,2026-07-01T15:47:30.100Z
265b9219-550e-493b-a639-ec9ba18dc8b0,dlsu,"Campus Life",ust,71,2026-07-01T15:47:30.100Z
265b9219-550e-493b-a639-ec9ba18dc8b0,dlsu,"Values & Identity",admu,66,2026-07-01T15:47:30.100Z
265b9219-550e-493b-a639-ec9ba18dc8b0,dlsu,"Values & Identity",dlsu,116,2026-07-01T15:47:30.100Z
265b9219-550e-493b-a639-ec9ba18dc8b0,dlsu,"Values & Identity",up,39,2026-07-01T15:47:30.100Z
265b9219-550e-493b-a639-ec9ba18dc8b0,dlsu,"Values & Identity",ust,49,2026-07-01T15:47:30.100Z
9bd6ac4c-93ca-4007-aa45-f426e218fa29,dlsu,"Academic Experience",admu,48,2026-07-01T16:13:01.461Z
9bd6ac4c-93ca-4007-aa45-f426e218fa29,dlsu,"Academic Experience",dlsu,117,2026-07-01T16:13:01.461Z
9bd6ac4c-93ca-4007-aa45-f426e218fa29,dlsu,"Academic Experience",up,7,2026-07-01T16:13:01.461Z
9bd6ac4c-93ca-4007-aa45-f426e218fa29,dlsu,"Academic Experience",ust,33,2026-07-01T16:13:01.461Z
9bd6ac4c-93ca-4007-aa45-f426e218fa29,dlsu,"Social & Cultural Fit",admu,100,2026-07-01T16:13:01.461Z
9bd6ac4c-93ca-4007-aa45-f426e218fa29,dlsu,"Social & Cultural Fit",dlsu,122,2026-07-01T16:13:01.461Z
9bd6ac4c-93ca-4007-aa45-f426e218fa29,dlsu,"Social & Cultural Fit",up,38,2026-07-01T16:13:01.461Z
9bd6ac4c-93ca-4007-aa45-f426e218fa29,dlsu,"Social & Cultural Fit",ust,54,2026-07-01T16:13:01.461Z
9bd6ac4c-93ca-4007-aa45-f426e218fa29,dlsu,"Campus Life",admu,86,2026-07-01T16:13:01.461Z
9bd6ac4c-93ca-4007-aa45-f426e218fa29,dlsu,"Campus Life",dlsu,137,2026-07-01T16:13:01.461Z
9bd6ac4c-93ca-4007-aa45-f426e218fa29,dlsu,"Campus Life",up,78,2026-07-01T16:13:01.461Z
9bd6ac4c-93ca-4007-aa45-f426e218fa29,dlsu,"Campus Life",ust,85,2026-07-01T16:13:01.461Z
9bd6ac4c-93ca-4007-aa45-f426e218fa29,dlsu,"Values & Identity",admu,80,2026-07-01T16:13:01.461Z
9bd6ac4c-93ca-4007-aa45-f426e218fa29,dlsu,"Values & Identity",dlsu,91,2026-07-01T16:13:01.461Z
9bd6ac4c-93ca-4007-aa45-f426e218fa29,dlsu,"Values & Identity",up,60,2026-07-01T16:13:01.461Z
9bd6ac4c-93ca-4007-aa45-f426e218fa29,dlsu,"Values & Identity",ust,30,2026-07-01T16:13:01.461Z
2395fed4-4f36-4033-b473-b471a0de46b2,admu,"Academic Experience",admu,83,2026-07-01T16:52:50.854Z
2395fed4-4f36-4033-b473-b471a0de46b2,admu,"Academic Experience",dlsu,41,2026-07-01T16:52:50.854Z
2395fed4-4f36-4033-b473-b471a0de46b2,admu,"Academic Experience",up,73,2026-07-01T16:52:50.854Z
2395fed4-4f36-4033-b473-b471a0de46b2,admu,"Academic Experience",ust,26,2026-07-01T16:52:50.854Z
2395fed4-4f36-4033-b473-b471a0de46b2,admu,"Social & Cultural Fit",admu,106,2026-07-01T16:52:50.854Z
2395fed4-4f36-4033-b473-b471a0de46b2,admu,"Social & Cultural Fit",dlsu,96,2026-07-01T16:52:50.854Z
2395fed4-4f36-4033-b473-b471a0de46b2,admu,"Social & Cultural Fit",up,21,2026-07-01T16:52:50.854Z
2395fed4-4f36-4033-b473-b471a0de46b2,admu,"Social & Cultural Fit",ust,36,2026-07-01T16:52:50.854Z
2395fed4-4f36-4033-b473-b471a0de46b2,admu,"Campus Life",admu,95,2026-07-01T16:52:50.854Z
2395fed4-4f36-4033-b473-b471a0de46b2,admu,"Campus Life",dlsu,84,2026-07-01T16:52:50.854Z
2395fed4-4f36-4033-b473-b471a0de46b2,admu,"Campus Life",up,88,2026-07-01T16:52:50.854Z
2395fed4-4f36-4033-b473-b471a0de46b2,admu,"Campus Life",ust,65,2026-07-01T16:52:50.854Z
2395fed4-4f36-4033-b473-b471a0de46b2,admu,"Values & Identity",admu,88,2026-07-01T16:52:50.854Z
2395fed4-4f36-4033-b473-b471a0de46b2,admu,"Values & Identity",dlsu,66,2026-07-01T16:52:50.854Z
2395fed4-4f36-4033-b473-b471a0de46b2,admu,"Values & Identity",up,69,2026-07-01T16:52:50.854Z
2395fed4-4f36-4033-b473-b471a0de46b2,admu,"Values & Identity",ust,44,2026-07-01T16:52:50.854Z
56481d6b-5804-4760-b84f-29dde5ab907a,admu,"Academic Experience",admu,113,2026-07-01T18:21:06.138Z
56481d6b-5804-4760-b84f-29dde5ab907a,admu,"Academic Experience",dlsu,43,2026-07-01T18:21:06.138Z
56481d6b-5804-4760-b84f-29dde5ab907a,admu,"Academic Experience",up,37,2026-07-01T18:21:06.138Z
56481d6b-5804-4760-b84f-29dde5ab907a,admu,"Academic Experience",ust,34,2026-07-01T18:21:06.138Z
56481d6b-5804-4760-b84f-29dde5ab907a,admu,"Social & Cultural Fit",admu,116,2026-07-01T18:21:06.138Z
56481d6b-5804-4760-b84f-29dde5ab907a,admu,"Social & Cultural Fit",dlsu,99,2026-07-01T18:21:06.138Z
56481d6b-5804-4760-b84f-29dde5ab907a,admu,"Social & Cultural Fit",up,34,2026-07-01T18:21:06.138Z
56481d6b-5804-4760-b84f-29dde5ab907a,admu,"Social & Cultural Fit",ust,52,2026-07-01T18:21:06.138Z
56481d6b-5804-4760-b84f-29dde5ab907a,admu,"Campus Life",admu,108,2026-07-01T18:21:06.138Z
56481d6b-5804-4760-b84f-29dde5ab907a,admu,"Campus Life",dlsu,127,2026-07-01T18:21:06.138Z
56481d6b-5804-4760-b84f-29dde5ab907a,admu,"Campus Life",up,75,2026-07-01T18:21:06.138Z
56481d6b-5804-4760-b84f-29dde5ab907a,admu,"Campus Life",ust,70,2026-07-01T18:21:06.138Z
56481d6b-5804-4760-b84f-29dde5ab907a,admu,"Values & Identity",admu,129,2026-07-01T18:21:06.138Z
56481d6b-5804-4760-b84f-29dde5ab907a,admu,"Values & Identity",dlsu,56,2026-07-01T18:21:06.138Z
56481d6b-5804-4760-b84f-29dde5ab907a,admu,"Values & Identity",up,60,2026-07-01T18:21:06.138Z
56481d6b-5804-4760-b84f-29dde5ab907a,admu,"Values & Identity",ust,28,2026-07-01T18:21:06.138Z
f0c58b0d-b758-4e57-adb0-fde7c42cb767,admu,"Academic Experience",admu,87,2026-07-01T22:33:35.572Z
f0c58b0d-b758-4e57-adb0-fde7c42cb767,admu,"Academic Experience",dlsu,43,2026-07-01T22:33:35.572Z
f0c58b0d-b758-4e57-adb0-fde7c42cb767,admu,"Academic Experience",up,69,2026-07-01T22:33:35.572Z
f0c58b0d-b758-4e57-adb0-fde7c42cb767,admu,"Academic Experience",ust,20,2026-07-01T22:33:35.572Z
f0c58b0d-b758-4e57-adb0-fde7c42cb767,admu,"Social & Cultural Fit",admu,120,2026-07-01T22:33:35.572Z
f0c58b0d-b758-4e57-adb0-fde7c42cb767,admu,"Social & Cultural Fit",dlsu,115,2026-07-01T22:33:35.572Z
f0c58b0d-b758-4e57-adb0-fde7c42cb767,admu,"Social & Cultural Fit",up,14,2026-07-01T22:33:35.572Z
f0c58b0d-b758-4e57-adb0-fde7c42cb767,admu,"Social & Cultural Fit",ust,38,2026-07-01T22:33:35.572Z
f0c58b0d-b758-4e57-adb0-fde7c42cb767,admu,"Campus Life",admu,114,2026-07-01T22:33:35.572Z
f0c58b0d-b758-4e57-adb0-fde7c42cb767,admu,"Campus Life",dlsu,110,2026-07-01T22:33:35.572Z
f0c58b0d-b758-4e57-adb0-fde7c42cb767,admu,"Campus Life",up,69,2026-07-01T22:33:35.572Z
f0c58b0d-b758-4e57-adb0-fde7c42cb767,admu,"Campus Life",ust,57,2026-07-01T22:33:35.572Z
f0c58b0d-b758-4e57-adb0-fde7c42cb767,admu,"Values & Identity",admu,119,2026-07-01T22:33:35.572Z
f0c58b0d-b758-4e57-adb0-fde7c42cb767,admu,"Values & Identity",dlsu,70,2026-07-01T22:33:35.572Z
f0c58b0d-b758-4e57-adb0-fde7c42cb767,admu,"Values & Identity",up,54,2026-07-01T22:33:35.572Z
f0c58b0d-b758-4e57-adb0-fde7c42cb767,admu,"Values & Identity",ust,26,2026-07-01T22:33:35.572Z
e19b85cf-6c48-4f7d-b68f-a3897a57cb76,dlsu,"Academic Experience",admu,53,2026-07-02T02:26:18.929Z
e19b85cf-6c48-4f7d-b68f-a3897a57cb76,dlsu,"Academic Experience",dlsu,124,2026-07-02T02:26:18.929Z
e19b85cf-6c48-4f7d-b68f-a3897a57cb76,dlsu,"Academic Experience",up,6,2026-07-02T02:26:18.929Z
e19b85cf-6c48-4f7d-b68f-a3897a57cb76,dlsu,"Academic Experience",ust,31,2026-07-02T02:26:18.929Z
e19b85cf-6c48-4f7d-b68f-a3897a57cb76,dlsu,"Social & Cultural Fit",admu,101,2026-07-02T02:26:18.929Z
e19b85cf-6c48-4f7d-b68f-a3897a57cb76,dlsu,"Social & Cultural Fit",dlsu,98,2026-07-02T02:26:18.929Z
e19b85cf-6c48-4f7d-b68f-a3897a57cb76,dlsu,"Social & Cultural Fit",up,51,2026-07-02T02:26:18.929Z
e19b85cf-6c48-4f7d-b68f-a3897a57cb76,dlsu,"Social & Cultural Fit",ust,43,2026-07-02T02:26:18.929Z
e19b85cf-6c48-4f7d-b68f-a3897a57cb76,dlsu,"Campus Life",admu,85,2026-07-02T02:26:18.929Z
e19b85cf-6c48-4f7d-b68f-a3897a57cb76,dlsu,"Campus Life",dlsu,163,2026-07-02T02:26:18.929Z
e19b85cf-6c48-4f7d-b68f-a3897a57cb76,dlsu,"Campus Life",up,61,2026-07-02T02:26:18.929Z
e19b85cf-6c48-4f7d-b68f-a3897a57cb76,dlsu,"Campus Life",ust,76,2026-07-02T02:26:18.929Z
e19b85cf-6c48-4f7d-b68f-a3897a57cb76,dlsu,"Values & Identity",admu,76,2026-07-02T02:26:18.929Z
e19b85cf-6c48-4f7d-b68f-a3897a57cb76,dlsu,"Values & Identity",dlsu,110,2026-07-02T02:26:18.929Z
e19b85cf-6c48-4f7d-b68f-a3897a57cb76,dlsu,"Values & Identity",up,33,2026-07-02T02:26:18.929Z
e19b85cf-6c48-4f7d-b68f-a3897a57cb76,dlsu,"Values & Identity",ust,45,2026-07-02T02:26:18.929Z
34b4c80e-09f8-44a1-91bd-bd4361df7727,admu,"Academic Experience",admu,96,2026-07-02T05:44:58.494Z
34b4c80e-09f8-44a1-91bd-bd4361df7727,admu,"Academic Experience",dlsu,50,2026-07-02T05:44:58.494Z
34b4c80e-09f8-44a1-91bd-bd4361df7727,admu,"Academic Experience",up,37,2026-07-02T05:44:58.494Z
34b4c80e-09f8-44a1-91bd-bd4361df7727,admu,"Academic Experience",ust,37,2026-07-02T05:44:58.494Z
34b4c80e-09f8-44a1-91bd-bd4361df7727,admu,"Social & Cultural Fit",admu,105,2026-07-02T05:44:58.494Z
34b4c80e-09f8-44a1-91bd-bd4361df7727,admu,"Social & Cultural Fit",dlsu,110,2026-07-02T05:44:58.494Z
34b4c80e-09f8-44a1-91bd-bd4361df7727,admu,"Social & Cultural Fit",up,26,2026-07-02T05:44:58.494Z
34b4c80e-09f8-44a1-91bd-bd4361df7727,admu,"Social & Cultural Fit",ust,45,2026-07-02T05:44:58.494Z
34b4c80e-09f8-44a1-91bd-bd4361df7727,admu,"Campus Life",admu,140,2026-07-02T05:44:58.494Z
34b4c80e-09f8-44a1-91bd-bd4361df7727,admu,"Campus Life",dlsu,90,2026-07-02T05:44:58.494Z
34b4c80e-09f8-44a1-91bd-bd4361df7727,admu,"Campus Life",up,87,2026-07-02T05:44:58.494Z
34b4c80e-09f8-44a1-91bd-bd4361df7727,admu,"Campus Life",ust,55,2026-07-02T05:44:58.494Z
34b4c80e-09f8-44a1-91bd-bd4361df7727,admu,"Values & Identity",admu,111,2026-07-02T05:44:58.494Z
34b4c80e-09f8-44a1-91bd-bd4361df7727,admu,"Values & Identity",dlsu,54,2026-07-02T05:44:58.494Z
34b4c80e-09f8-44a1-91bd-bd4361df7727,admu,"Values & Identity",up,74,2026-07-02T05:44:58.494Z
34b4c80e-09f8-44a1-91bd-bd4361df7727,admu,"Values & Identity",ust,44,2026-07-02T05:44:58.494Z
f30a79e5-e763-44a8-b0c3-15822e1a781e,dlsu,"Academic Experience",admu,51,2026-07-02T06:17:26.543Z
f30a79e5-e763-44a8-b0c3-15822e1a781e,dlsu,"Academic Experience",dlsu,90,2026-07-02T06:17:26.543Z
f30a79e5-e763-44a8-b0c3-15822e1a781e,dlsu,"Academic Experience",up,28,2026-07-02T06:17:26.543Z
f30a79e5-e763-44a8-b0c3-15822e1a781e,dlsu,"Academic Experience",ust,44,2026-07-02T06:17:26.543Z
f30a79e5-e763-44a8-b0c3-15822e1a781e,dlsu,"Social & Cultural Fit",admu,100,2026-07-02T06:17:26.543Z
f30a79e5-e763-44a8-b0c3-15822e1a781e,dlsu,"Social & Cultural Fit",dlsu,122,2026-07-02T06:17:26.543Z
f30a79e5-e763-44a8-b0c3-15822e1a781e,dlsu,"Social & Cultural Fit",up,38,2026-07-02T06:17:26.543Z
f30a79e5-e763-44a8-b0c3-15822e1a781e,dlsu,"Social & Cultural Fit",ust,54,2026-07-02T06:17:26.543Z
f30a79e5-e763-44a8-b0c3-15822e1a781e,dlsu,"Campus Life",admu,104,2026-07-02T06:17:26.543Z
f30a79e5-e763-44a8-b0c3-15822e1a781e,dlsu,"Campus Life",dlsu,148,2026-07-02T06:17:26.543Z
f30a79e5-e763-44a8-b0c3-15822e1a781e,dlsu,"Campus Life",up,51,2026-07-02T06:17:26.543Z
f30a79e5-e763-44a8-b0c3-15822e1a781e,dlsu,"Campus Life",ust,63,2026-07-02T06:17:26.543Z
f30a79e5-e763-44a8-b0c3-15822e1a781e,dlsu,"Values & Identity",admu,64,2026-07-02T06:17:26.543Z
f30a79e5-e763-44a8-b0c3-15822e1a781e,dlsu,"Values & Identity",dlsu,83,2026-07-02T06:17:26.543Z
f30a79e5-e763-44a8-b0c3-15822e1a781e,dlsu,"Values & Identity",up,78,2026-07-02T06:17:26.543Z
f30a79e5-e763-44a8-b0c3-15822e1a781e,dlsu,"Values & Identity",ust,42,2026-07-02T06:17:26.543Z
41ee02db-b390-4694-a012-2091312842af,up,"Academic Experience",admu,50,2026-07-02T07:01:57.951Z
41ee02db-b390-4694-a012-2091312842af,up,"Academic Experience",dlsu,31,2026-07-02T07:01:57.951Z
41ee02db-b390-4694-a012-2091312842af,up,"Academic Experience",up,120,2026-07-02T07:01:57.951Z
41ee02db-b390-4694-a012-2091312842af,up,"Academic Experience",ust,19,2026-07-02T07:01:57.951Z
41ee02db-b390-4694-a012-2091312842af,up,"Social & Cultural Fit",admu,53,2026-07-02T07:01:57.951Z
41ee02db-b390-4694-a012-2091312842af,up,"Social & Cultural Fit",dlsu,59,2026-07-02T07:01:57.951Z
41ee02db-b390-4694-a012-2091312842af,up,"Social & Cultural Fit",up,113,2026-07-02T07:01:57.951Z
41ee02db-b390-4694-a012-2091312842af,up,"Social & Cultural Fit",ust,85,2026-07-02T07:01:57.951Z
41ee02db-b390-4694-a012-2091312842af,up,"Campus Life",admu,69,2026-07-02T07:01:57.951Z
41ee02db-b390-4694-a012-2091312842af,up,"Campus Life",dlsu,70,2026-07-02T07:01:57.951Z
41ee02db-b390-4694-a012-2091312842af,up,"Campus Life",up,135,2026-07-02T07:01:57.951Z
41ee02db-b390-4694-a012-2091312842af,up,"Campus Life",ust,85,2026-07-02T07:01:57.951Z
41ee02db-b390-4694-a012-2091312842af,up,"Values & Identity",admu,48,2026-07-02T07:01:57.951Z
41ee02db-b390-4694-a012-2091312842af,up,"Values & Identity",dlsu,38,2026-07-02T07:01:57.951Z
41ee02db-b390-4694-a012-2091312842af,up,"Values & Identity",up,96,2026-07-02T07:01:57.951Z
41ee02db-b390-4694-a012-2091312842af,up,"Values & Identity",ust,62,2026-07-02T07:01:57.951Z
528b625d-0399-4cb1-8aa8-1527ca7da306,admu,"Academic Experience",admu,66,2026-07-02T07:29:22.166Z
528b625d-0399-4cb1-8aa8-1527ca7da306,admu,"Academic Experience",dlsu,33,2026-07-02T07:29:22.166Z
528b625d-0399-4cb1-8aa8-1527ca7da306,admu,"Academic Experience",up,34,2026-07-02T07:29:22.166Z
528b625d-0399-4cb1-8aa8-1527ca7da306,admu,"Academic Experience",ust,63,2026-07-02T07:29:22.166Z
528b625d-0399-4cb1-8aa8-1527ca7da306,admu,"Social & Cultural Fit",admu,82,2026-07-02T07:29:22.166Z
528b625d-0399-4cb1-8aa8-1527ca7da306,admu,"Social & Cultural Fit",dlsu,76,2026-07-02T07:29:22.166Z
528b625d-0399-4cb1-8aa8-1527ca7da306,admu,"Social & Cultural Fit",up,47,2026-07-02T07:29:22.166Z
528b625d-0399-4cb1-8aa8-1527ca7da306,admu,"Social & Cultural Fit",ust,59,2026-07-02T07:29:22.166Z
528b625d-0399-4cb1-8aa8-1527ca7da306,admu,"Campus Life",admu,134,2026-07-02T07:29:22.166Z
528b625d-0399-4cb1-8aa8-1527ca7da306,admu,"Campus Life",dlsu,94,2026-07-02T07:29:22.166Z
528b625d-0399-4cb1-8aa8-1527ca7da306,admu,"Campus Life",up,75,2026-07-02T07:29:22.166Z
528b625d-0399-4cb1-8aa8-1527ca7da306,admu,"Campus Life",ust,41,2026-07-02T07:29:22.166Z
528b625d-0399-4cb1-8aa8-1527ca7da306,admu,"Values & Identity",admu,111,2026-07-02T07:29:22.166Z
528b625d-0399-4cb1-8aa8-1527ca7da306,admu,"Values & Identity",dlsu,54,2026-07-02T07:29:22.166Z
528b625d-0399-4cb1-8aa8-1527ca7da306,admu,"Values & Identity",up,74,2026-07-02T07:29:22.166Z
528b625d-0399-4cb1-8aa8-1527ca7da306,admu,"Values & Identity",ust,44,2026-07-02T07:29:22.166Z
3a3e72cd-f640-46ec-bf7c-1f9e689b6204,ust,"Academic Experience",admu,22,2026-07-02T11:30:07.874Z
3a3e72cd-f640-46ec-bf7c-1f9e689b6204,ust,"Academic Experience",dlsu,20,2026-07-02T11:30:07.874Z
3a3e72cd-f640-46ec-bf7c-1f9e689b6204,ust,"Academic Experience",up,32,2026-07-02T11:30:07.874Z
3a3e72cd-f640-46ec-bf7c-1f9e689b6204,ust,"Academic Experience",ust,102,2026-07-02T11:30:07.874Z
3a3e72cd-f640-46ec-bf7c-1f9e689b6204,ust,"Social & Cultural Fit",admu,59,2026-07-02T11:30:07.874Z
3a3e72cd-f640-46ec-bf7c-1f9e689b6204,ust,"Social & Cultural Fit",dlsu,46,2026-07-02T11:30:07.874Z
3a3e72cd-f640-46ec-bf7c-1f9e689b6204,ust,"Social & Cultural Fit",up,90,2026-07-02T11:30:07.874Z
3a3e72cd-f640-46ec-bf7c-1f9e689b6204,ust,"Social & Cultural Fit",ust,86,2026-07-02T11:30:07.874Z
3a3e72cd-f640-46ec-bf7c-1f9e689b6204,ust,"Campus Life",admu,68,2026-07-02T11:30:07.874Z
3a3e72cd-f640-46ec-bf7c-1f9e689b6204,ust,"Campus Life",dlsu,67,2026-07-02T11:30:07.874Z
3a3e72cd-f640-46ec-bf7c-1f9e689b6204,ust,"Campus Life",up,77,2026-07-02T11:30:07.874Z
3a3e72cd-f640-46ec-bf7c-1f9e689b6204,ust,"Campus Life",ust,120,2026-07-02T11:30:07.874Z
3a3e72cd-f640-46ec-bf7c-1f9e689b6204,ust,"Values & Identity",admu,62,2026-07-02T11:30:07.874Z
3a3e72cd-f640-46ec-bf7c-1f9e689b6204,ust,"Values & Identity",dlsu,48,2026-07-02T11:30:07.874Z
3a3e72cd-f640-46ec-bf7c-1f9e689b6204,ust,"Values & Identity",up,46,2026-07-02T11:30:07.874Z
3a3e72cd-f640-46ec-bf7c-1f9e689b6204,ust,"Values & Identity",ust,90,2026-07-02T11:30:07.874Z
4ca434f4-49ad-4db0-9604-5becb2378c09,admu,"Academic Experience",admu,83,2026-07-02T12:22:11.332Z
4ca434f4-49ad-4db0-9604-5becb2378c09,admu,"Academic Experience",dlsu,80,2026-07-02T12:22:11.332Z
4ca434f4-49ad-4db0-9604-5becb2378c09,admu,"Academic Experience",up,12,2026-07-02T12:22:11.332Z
4ca434f4-49ad-4db0-9604-5becb2378c09,admu,"Academic Experience",ust,28,2026-07-02T12:22:11.332Z
4ca434f4-49ad-4db0-9604-5becb2378c09,admu,"Social & Cultural Fit",admu,94,2026-07-02T12:22:11.332Z
4ca434f4-49ad-4db0-9604-5becb2378c09,admu,"Social & Cultural Fit",dlsu,107,2026-07-02T12:22:11.332Z
4ca434f4-49ad-4db0-9604-5becb2378c09,admu,"Social & Cultural Fit",up,30,2026-07-02T12:22:11.332Z
4ca434f4-49ad-4db0-9604-5becb2378c09,admu,"Social & Cultural Fit",ust,49,2026-07-02T12:22:11.332Z
4ca434f4-49ad-4db0-9604-5becb2378c09,admu,"Campus Life",admu,125,2026-07-02T12:22:11.332Z
4ca434f4-49ad-4db0-9604-5becb2378c09,admu,"Campus Life",dlsu,94,2026-07-02T12:22:11.332Z
4ca434f4-49ad-4db0-9604-5becb2378c09,admu,"Campus Life",up,93,2026-07-02T12:22:11.332Z
4ca434f4-49ad-4db0-9604-5becb2378c09,admu,"Campus Life",ust,72,2026-07-02T12:22:11.332Z
4ca434f4-49ad-4db0-9604-5becb2378c09,admu,"Values & Identity",admu,112,2026-07-02T12:22:11.332Z
4ca434f4-49ad-4db0-9604-5becb2378c09,admu,"Values & Identity",dlsu,57,2026-07-02T12:22:11.332Z
4ca434f4-49ad-4db0-9604-5becb2378c09,admu,"Values & Identity",up,68,2026-07-02T12:22:11.332Z
4ca434f4-49ad-4db0-9604-5becb2378c09,admu,"Values & Identity",ust,38,2026-07-02T12:22:11.332Z
d4d69037-b1ef-4d86-b951-5eaac7851d67,dlsu,"Academic Experience",admu,33,2026-07-02T12:42:20.337Z
d4d69037-b1ef-4d86-b951-5eaac7851d67,dlsu,"Academic Experience",dlsu,108,2026-07-02T12:42:20.337Z
d4d69037-b1ef-4d86-b951-5eaac7851d67,dlsu,"Academic Experience",up,7,2026-07-02T12:42:20.337Z
d4d69037-b1ef-4d86-b951-5eaac7851d67,dlsu,"Academic Experience",ust,48,2026-07-02T12:42:20.337Z
d4d69037-b1ef-4d86-b951-5eaac7851d67,dlsu,"Social & Cultural Fit",admu,100,2026-07-02T12:42:20.337Z
d4d69037-b1ef-4d86-b951-5eaac7851d67,dlsu,"Social & Cultural Fit",dlsu,122,2026-07-02T12:42:20.337Z
d4d69037-b1ef-4d86-b951-5eaac7851d67,dlsu,"Social & Cultural Fit",up,38,2026-07-02T12:42:20.337Z
d4d69037-b1ef-4d86-b951-5eaac7851d67,dlsu,"Social & Cultural Fit",ust,54,2026-07-02T12:42:20.337Z
d4d69037-b1ef-4d86-b951-5eaac7851d67,dlsu,"Campus Life",admu,88,2026-07-02T12:42:20.337Z
d4d69037-b1ef-4d86-b951-5eaac7851d67,dlsu,"Campus Life",dlsu,150,2026-07-02T12:42:20.337Z
d4d69037-b1ef-4d86-b951-5eaac7851d67,dlsu,"Campus Life",up,61,2026-07-02T12:42:20.337Z
d4d69037-b1ef-4d86-b951-5eaac7851d67,dlsu,"Campus Life",ust,55,2026-07-02T12:42:20.337Z
d4d69037-b1ef-4d86-b951-5eaac7851d67,dlsu,"Values & Identity",admu,70,2026-07-02T12:42:20.337Z
d4d69037-b1ef-4d86-b951-5eaac7851d67,dlsu,"Values & Identity",dlsu,114,2026-07-02T12:42:20.337Z
d4d69037-b1ef-4d86-b951-5eaac7851d67,dlsu,"Values & Identity",up,51,2026-07-02T12:42:20.337Z
d4d69037-b1ef-4d86-b951-5eaac7851d67,dlsu,"Values & Identity",ust,47,2026-07-02T12:42:20.337Z
4e59eb33-8ea0-40ed-bb32-4c05a70d7b5d,dlsu,"Academic Experience",admu,43,2026-07-02T13:46:09.995Z
4e59eb33-8ea0-40ed-bb32-4c05a70d7b5d,dlsu,"Academic Experience",dlsu,94,2026-07-02T13:46:09.995Z
4e59eb33-8ea0-40ed-bb32-4c05a70d7b5d,dlsu,"Academic Experience",up,24,2026-07-02T13:46:09.995Z
4e59eb33-8ea0-40ed-bb32-4c05a70d7b5d,dlsu,"Academic Experience",ust,45,2026-07-02T13:46:09.995Z
4e59eb33-8ea0-40ed-bb32-4c05a70d7b5d,dlsu,"Social & Cultural Fit",admu,89,2026-07-02T13:46:09.995Z
4e59eb33-8ea0-40ed-bb32-4c05a70d7b5d,dlsu,"Social & Cultural Fit",dlsu,90,2026-07-02T13:46:09.995Z
4e59eb33-8ea0-40ed-bb32-4c05a70d7b5d,dlsu,"Social & Cultural Fit",up,73,2026-07-02T13:46:09.995Z
4e59eb33-8ea0-40ed-bb32-4c05a70d7b5d,dlsu,"Social & Cultural Fit",ust,76,2026-07-02T13:46:09.995Z
4e59eb33-8ea0-40ed-bb32-4c05a70d7b5d,dlsu,"Campus Life",admu,90,2026-07-02T13:46:09.995Z
4e59eb33-8ea0-40ed-bb32-4c05a70d7b5d,dlsu,"Campus Life",dlsu,122,2026-07-02T13:46:09.995Z
4e59eb33-8ea0-40ed-bb32-4c05a70d7b5d,dlsu,"Campus Life",up,66,2026-07-02T13:46:09.995Z
4e59eb33-8ea0-40ed-bb32-4c05a70d7b5d,dlsu,"Campus Life",ust,81,2026-07-02T13:46:09.995Z
4e59eb33-8ea0-40ed-bb32-4c05a70d7b5d,dlsu,"Values & Identity",admu,68,2026-07-02T13:46:09.995Z
4e59eb33-8ea0-40ed-bb32-4c05a70d7b5d,dlsu,"Values & Identity",dlsu,100,2026-07-02T13:46:09.995Z
4e59eb33-8ea0-40ed-bb32-4c05a70d7b5d,dlsu,"Values & Identity",up,59,2026-07-02T13:46:09.995Z
4e59eb33-8ea0-40ed-bb32-4c05a70d7b5d,dlsu,"Values & Identity",ust,47,2026-07-02T13:46:09.995Z
c9fe5a6d-13b7-4791-ae36-977fd62e9998,up,"Academic Experience",admu,42,2026-07-02T13:56:04.950Z
c9fe5a6d-13b7-4791-ae36-977fd62e9998,up,"Academic Experience",dlsu,18,2026-07-02T13:56:04.950Z
c9fe5a6d-13b7-4791-ae36-977fd62e9998,up,"Academic Experience",up,140,2026-07-02T13:56:04.950Z
c9fe5a6d-13b7-4791-ae36-977fd62e9998,up,"Academic Experience",ust,16,2026-07-02T13:56:04.950Z
c9fe5a6d-13b7-4791-ae36-977fd62e9998,up,"Social & Cultural Fit",admu,41,2026-07-02T13:56:04.950Z
c9fe5a6d-13b7-4791-ae36-977fd62e9998,up,"Social & Cultural Fit",dlsu,32,2026-07-02T13:56:04.950Z
c9fe5a6d-13b7-4791-ae36-977fd62e9998,up,"Social & Cultural Fit",up,136,2026-07-02T13:56:04.950Z
c9fe5a6d-13b7-4791-ae36-977fd62e9998,up,"Social & Cultural Fit",ust,91,2026-07-02T13:56:04.950Z
c9fe5a6d-13b7-4791-ae36-977fd62e9998,up,"Campus Life",admu,83,2026-07-02T13:56:04.950Z
c9fe5a6d-13b7-4791-ae36-977fd62e9998,up,"Campus Life",dlsu,67,2026-07-02T13:56:04.950Z
c9fe5a6d-13b7-4791-ae36-977fd62e9998,up,"Campus Life",up,156,2026-07-02T13:56:04.950Z
c9fe5a6d-13b7-4791-ae36-977fd62e9998,up,"Campus Life",ust,77,2026-07-02T13:56:04.950Z
c9fe5a6d-13b7-4791-ae36-977fd62e9998,up,"Values & Identity",admu,68,2026-07-02T13:56:04.950Z
c9fe5a6d-13b7-4791-ae36-977fd62e9998,up,"Values & Identity",dlsu,39,2026-07-02T13:56:04.950Z
c9fe5a6d-13b7-4791-ae36-977fd62e9998,up,"Values & Identity",up,124,2026-07-02T13:56:04.950Z
c9fe5a6d-13b7-4791-ae36-977fd62e9998,up,"Values & Identity",ust,38,2026-07-02T13:56:04.950Z
4c34d328-f17d-45c2-916d-f942f64c70e2,up,"Academic Experience",admu,42,2026-07-02T15:47:22.166Z
4c34d328-f17d-45c2-916d-f942f64c70e2,up,"Academic Experience",dlsu,18,2026-07-02T15:47:22.166Z
4c34d328-f17d-45c2-916d-f942f64c70e2,up,"Academic Experience",up,140,2026-07-02T15:47:22.166Z
4c34d328-f17d-45c2-916d-f942f64c70e2,up,"Academic Experience",ust,16,2026-07-02T15:47:22.166Z
4c34d328-f17d-45c2-916d-f942f64c70e2,up,"Social & Cultural Fit",admu,34,2026-07-02T15:47:22.166Z
4c34d328-f17d-45c2-916d-f942f64c70e2,up,"Social & Cultural Fit",dlsu,32,2026-07-02T15:47:22.166Z
4c34d328-f17d-45c2-916d-f942f64c70e2,up,"Social & Cultural Fit",up,105,2026-07-02T15:47:22.166Z
4c34d328-f17d-45c2-916d-f942f64c70e2,up,"Social & Cultural Fit",ust,72,2026-07-02T15:47:22.166Z
4c34d328-f17d-45c2-916d-f942f64c70e2,up,"Campus Life",admu,70,2026-07-02T15:47:22.166Z
4c34d328-f17d-45c2-916d-f942f64c70e2,up,"Campus Life",dlsu,81,2026-07-02T15:47:22.166Z
4c34d328-f17d-45c2-916d-f942f64c70e2,up,"Campus Life",up,138,2026-07-02T15:47:22.166Z
4c34d328-f17d-45c2-916d-f942f64c70e2,up,"Campus Life",ust,85,2026-07-02T15:47:22.166Z
4c34d328-f17d-45c2-916d-f942f64c70e2,up,"Values & Identity",admu,59,2026-07-02T15:47:22.166Z
4c34d328-f17d-45c2-916d-f942f64c70e2,up,"Values & Identity",dlsu,38,2026-07-02T15:47:22.166Z
4c34d328-f17d-45c2-916d-f942f64c70e2,up,"Values & Identity",up,136,2026-07-02T15:47:22.166Z
4c34d328-f17d-45c2-916d-f942f64c70e2,up,"Values & Identity",ust,32,2026-07-02T15:47:22.166Z
4431826d-7f58-41e3-b581-79e2ebf50ed3,dlsu,"Academic Experience",admu,42,2026-07-02T20:24:02.550Z
4431826d-7f58-41e3-b581-79e2ebf50ed3,dlsu,"Academic Experience",dlsu,89,2026-07-02T20:24:02.550Z
4431826d-7f58-41e3-b581-79e2ebf50ed3,dlsu,"Academic Experience",up,24,2026-07-02T20:24:02.550Z
4431826d-7f58-41e3-b581-79e2ebf50ed3,dlsu,"Academic Experience",ust,47,2026-07-02T20:24:02.550Z
4431826d-7f58-41e3-b581-79e2ebf50ed3,dlsu,"Social & Cultural Fit",admu,78,2026-07-02T20:24:02.550Z
4431826d-7f58-41e3-b581-79e2ebf50ed3,dlsu,"Social & Cultural Fit",dlsu,90,2026-07-02T20:24:02.550Z
4431826d-7f58-41e3-b581-79e2ebf50ed3,dlsu,"Social & Cultural Fit",up,77,2026-07-02T20:24:02.550Z
4431826d-7f58-41e3-b581-79e2ebf50ed3,dlsu,"Social & Cultural Fit",ust,81,2026-07-02T20:24:02.550Z
4431826d-7f58-41e3-b581-79e2ebf50ed3,dlsu,"Campus Life",admu,80,2026-07-02T20:24:02.550Z
4431826d-7f58-41e3-b581-79e2ebf50ed3,dlsu,"Campus Life",dlsu,112,2026-07-02T20:24:02.550Z
4431826d-7f58-41e3-b581-79e2ebf50ed3,dlsu,"Campus Life",up,86,2026-07-02T20:24:02.550Z
4431826d-7f58-41e3-b581-79e2ebf50ed3,dlsu,"Campus Life",ust,87,2026-07-02T20:24:02.550Z
4431826d-7f58-41e3-b581-79e2ebf50ed3,dlsu,"Values & Identity",admu,89,2026-07-02T20:24:02.550Z
4431826d-7f58-41e3-b581-79e2ebf50ed3,dlsu,"Values & Identity",dlsu,60,2026-07-02T20:24:02.550Z
4431826d-7f58-41e3-b581-79e2ebf50ed3,dlsu,"Values & Identity",up,68,2026-07-02T20:24:02.550Z
4431826d-7f58-41e3-b581-79e2ebf50ed3,dlsu,"Values & Identity",ust,48,2026-07-02T20:24:02.550Z
760d4167-628c-4909-b27c-162b3eb6fced,admu,"Academic Experience",admu,113,2026-07-02T21:36:11.212Z
760d4167-628c-4909-b27c-162b3eb6fced,admu,"Academic Experience",dlsu,43,2026-07-02T21:36:11.212Z
760d4167-628c-4909-b27c-162b3eb6fced,admu,"Academic Experience",up,37,2026-07-02T21:36:11.212Z
760d4167-628c-4909-b27c-162b3eb6fced,admu,"Academic Experience",ust,34,2026-07-02T21:36:11.212Z
760d4167-628c-4909-b27c-162b3eb6fced,admu,"Social & Cultural Fit",admu,120,2026-07-02T21:36:11.212Z
760d4167-628c-4909-b27c-162b3eb6fced,admu,"Social & Cultural Fit",dlsu,115,2026-07-02T21:36:11.212Z
760d4167-628c-4909-b27c-162b3eb6fced,admu,"Social & Cultural Fit",up,14,2026-07-02T21:36:11.212Z
760d4167-628c-4909-b27c-162b3eb6fced,admu,"Social & Cultural Fit",ust,38,2026-07-02T21:36:11.212Z
760d4167-628c-4909-b27c-162b3eb6fced,admu,"Campus Life",admu,117,2026-07-02T21:36:11.212Z
760d4167-628c-4909-b27c-162b3eb6fced,admu,"Campus Life",dlsu,82,2026-07-02T21:36:11.212Z
760d4167-628c-4909-b27c-162b3eb6fced,admu,"Campus Life",up,85,2026-07-02T21:36:11.212Z
760d4167-628c-4909-b27c-162b3eb6fced,admu,"Campus Life",ust,72,2026-07-02T21:36:11.212Z
760d4167-628c-4909-b27c-162b3eb6fced,admu,"Values & Identity",admu,105,2026-07-02T21:36:11.212Z
760d4167-628c-4909-b27c-162b3eb6fced,admu,"Values & Identity",dlsu,61,2026-07-02T21:36:11.212Z
760d4167-628c-4909-b27c-162b3eb6fced,admu,"Values & Identity",up,46,2026-07-02T21:36:11.212Z
760d4167-628c-4909-b27c-162b3eb6fced,admu,"Values & Identity",ust,50,2026-07-02T21:36:11.212Z
0624e178-b6fe-49bd-80b2-e394ed01a696,ust,"Academic Experience",admu,21,2026-07-02T23:06:19.219Z
0624e178-b6fe-49bd-80b2-e394ed01a696,ust,"Academic Experience",dlsu,41,2026-07-02T23:06:19.219Z
0624e178-b6fe-49bd-80b2-e394ed01a696,ust,"Academic Experience",up,43,2026-07-02T23:06:19.219Z
0624e178-b6fe-49bd-80b2-e394ed01a696,ust,"Academic Experience",ust,76,2026-07-02T23:06:19.219Z
0624e178-b6fe-49bd-80b2-e394ed01a696,ust,"Social & Cultural Fit",admu,57,2026-07-02T23:06:19.219Z
0624e178-b6fe-49bd-80b2-e394ed01a696,ust,"Social & Cultural Fit",dlsu,48,2026-07-02T23:06:19.219Z
0624e178-b6fe-49bd-80b2-e394ed01a696,ust,"Social & Cultural Fit",up,106,2026-07-02T23:06:19.219Z
0624e178-b6fe-49bd-80b2-e394ed01a696,ust,"Social & Cultural Fit",ust,108,2026-07-02T23:06:19.219Z
0624e178-b6fe-49bd-80b2-e394ed01a696,ust,"Campus Life",admu,67,2026-07-02T23:06:19.219Z
0624e178-b6fe-49bd-80b2-e394ed01a696,ust,"Campus Life",dlsu,82,2026-07-02T23:06:19.219Z
0624e178-b6fe-49bd-80b2-e394ed01a696,ust,"Campus Life",up,69,2026-07-02T23:06:19.219Z
0624e178-b6fe-49bd-80b2-e394ed01a696,ust,"Campus Life",ust,129,2026-07-02T23:06:19.219Z
0624e178-b6fe-49bd-80b2-e394ed01a696,ust,"Values & Identity",admu,39,2026-07-02T23:06:19.219Z
0624e178-b6fe-49bd-80b2-e394ed01a696,ust,"Values & Identity",dlsu,55,2026-07-02T23:06:19.219Z
0624e178-b6fe-49bd-80b2-e394ed01a696,ust,"Values & Identity",up,59,2026-07-02T23:06:19.219Z
0624e178-b6fe-49bd-80b2-e394ed01a696,ust,"Values & Identity",ust,125,2026-07-02T23:06:19.219Z
be7e1084-8ea8-491e-bb24-a6b44d0cd0e8,admu,"Academic Experience",admu,101,2026-07-03T01:18:53.298Z
be7e1084-8ea8-491e-bb24-a6b44d0cd0e8,admu,"Academic Experience",dlsu,57,2026-07-03T01:18:53.298Z
be7e1084-8ea8-491e-bb24-a6b44d0cd0e8,admu,"Academic Experience",up,36,2026-07-03T01:18:53.298Z
be7e1084-8ea8-491e-bb24-a6b44d0cd0e8,admu,"Academic Experience",ust,35,2026-07-03T01:18:53.298Z
be7e1084-8ea8-491e-bb24-a6b44d0cd0e8,admu,"Social & Cultural Fit",admu,102,2026-07-03T01:18:53.298Z
be7e1084-8ea8-491e-bb24-a6b44d0cd0e8,admu,"Social & Cultural Fit",dlsu,95,2026-07-03T01:18:53.298Z
be7e1084-8ea8-491e-bb24-a6b44d0cd0e8,admu,"Social & Cultural Fit",up,48,2026-07-03T01:18:53.298Z
be7e1084-8ea8-491e-bb24-a6b44d0cd0e8,admu,"Social & Cultural Fit",ust,64,2026-07-03T01:18:53.298Z
be7e1084-8ea8-491e-bb24-a6b44d0cd0e8,admu,"Campus Life",admu,99,2026-07-03T01:18:53.298Z
be7e1084-8ea8-491e-bb24-a6b44d0cd0e8,admu,"Campus Life",dlsu,101,2026-07-03T01:18:53.298Z
be7e1084-8ea8-491e-bb24-a6b44d0cd0e8,admu,"Campus Life",up,78,2026-07-03T01:18:53.298Z
be7e1084-8ea8-491e-bb24-a6b44d0cd0e8,admu,"Campus Life",ust,59,2026-07-03T01:18:53.298Z
be7e1084-8ea8-491e-bb24-a6b44d0cd0e8,admu,"Values & Identity",admu,117,2026-07-03T01:18:53.298Z
be7e1084-8ea8-491e-bb24-a6b44d0cd0e8,admu,"Values & Identity",dlsu,60,2026-07-03T01:18:53.298Z
be7e1084-8ea8-491e-bb24-a6b44d0cd0e8,admu,"Values & Identity",up,58,2026-07-03T01:18:53.298Z
be7e1084-8ea8-491e-bb24-a6b44d0cd0e8,admu,"Values & Identity",ust,44,2026-07-03T01:18:53.298Z
f55e46cf-98b6-40ae-b5c1-99d5ed8386c4,admu,"Academic Experience",admu,66,2026-07-03T01:31:42.715Z
f55e46cf-98b6-40ae-b5c1-99d5ed8386c4,admu,"Academic Experience",dlsu,46,2026-07-03T01:31:42.715Z
f55e46cf-98b6-40ae-b5c1-99d5ed8386c4,admu,"Academic Experience",up,34,2026-07-03T01:31:42.715Z
f55e46cf-98b6-40ae-b5c1-99d5ed8386c4,admu,"Academic Experience",ust,49,2026-07-03T01:31:42.715Z
f55e46cf-98b6-40ae-b5c1-99d5ed8386c4,admu,"Social & Cultural Fit",admu,103,2026-07-03T01:31:42.715Z
f55e46cf-98b6-40ae-b5c1-99d5ed8386c4,admu,"Social & Cultural Fit",dlsu,100,2026-07-03T01:31:42.715Z
f55e46cf-98b6-40ae-b5c1-99d5ed8386c4,admu,"Social & Cultural Fit",up,49,2026-07-03T01:31:42.715Z
f55e46cf-98b6-40ae-b5c1-99d5ed8386c4,admu,"Social & Cultural Fit",ust,53,2026-07-03T01:31:42.715Z
f55e46cf-98b6-40ae-b5c1-99d5ed8386c4,admu,"Campus Life",admu,136,2026-07-03T01:31:42.715Z
f55e46cf-98b6-40ae-b5c1-99d5ed8386c4,admu,"Campus Life",dlsu,96,2026-07-03T01:31:42.715Z
f55e46cf-98b6-40ae-b5c1-99d5ed8386c4,admu,"Campus Life",up,80,2026-07-03T01:31:42.715Z
f55e46cf-98b6-40ae-b5c1-99d5ed8386c4,admu,"Campus Life",ust,59,2026-07-03T01:31:42.715Z
f55e46cf-98b6-40ae-b5c1-99d5ed8386c4,admu,"Values & Identity",admu,115,2026-07-03T01:31:42.715Z
f55e46cf-98b6-40ae-b5c1-99d5ed8386c4,admu,"Values & Identity",dlsu,49,2026-07-03T01:31:42.715Z
f55e46cf-98b6-40ae-b5c1-99d5ed8386c4,admu,"Values & Identity",up,40,2026-07-03T01:31:42.715Z
f55e46cf-98b6-40ae-b5c1-99d5ed8386c4,admu,"Values & Identity",ust,48,2026-07-03T01:31:42.715Z
cc6e289a-f44a-463c-8499-bc2fe0cd5a94,dlsu,"Academic Experience",admu,45,2026-07-03T01:45:42.572Z
cc6e289a-f44a-463c-8499-bc2fe0cd5a94,dlsu,"Academic Experience",dlsu,111,2026-07-03T01:45:42.572Z
cc6e289a-f44a-463c-8499-bc2fe0cd5a94,dlsu,"Academic Experience",up,26,2026-07-03T01:45:42.572Z
cc6e289a-f44a-463c-8499-bc2fe0cd5a94,dlsu,"Academic Experience",ust,28,2026-07-03T01:45:42.572Z
cc6e289a-f44a-463c-8499-bc2fe0cd5a94,dlsu,"Social & Cultural Fit",admu,100,2026-07-03T01:45:42.572Z
cc6e289a-f44a-463c-8499-bc2fe0cd5a94,dlsu,"Social & Cultural Fit",dlsu,122,2026-07-03T01:45:42.572Z
cc6e289a-f44a-463c-8499-bc2fe0cd5a94,dlsu,"Social & Cultural Fit",up,38,2026-07-03T01:45:42.572Z
cc6e289a-f44a-463c-8499-bc2fe0cd5a94,dlsu,"Social & Cultural Fit",ust,54,2026-07-03T01:45:42.572Z
cc6e289a-f44a-463c-8499-bc2fe0cd5a94,dlsu,"Campus Life",admu,119,2026-07-03T01:45:42.572Z
cc6e289a-f44a-463c-8499-bc2fe0cd5a94,dlsu,"Campus Life",dlsu,134,2026-07-03T01:45:42.572Z
cc6e289a-f44a-463c-8499-bc2fe0cd5a94,dlsu,"Campus Life",up,53,2026-07-03T01:45:42.572Z
cc6e289a-f44a-463c-8499-bc2fe0cd5a94,dlsu,"Campus Life",ust,63,2026-07-03T01:45:42.572Z
cc6e289a-f44a-463c-8499-bc2fe0cd5a94,dlsu,"Values & Identity",admu,75,2026-07-03T01:45:42.572Z
cc6e289a-f44a-463c-8499-bc2fe0cd5a94,dlsu,"Values & Identity",dlsu,99,2026-07-03T01:45:42.572Z
cc6e289a-f44a-463c-8499-bc2fe0cd5a94,dlsu,"Values & Identity",up,65,2026-07-03T01:45:42.572Z
cc6e289a-f44a-463c-8499-bc2fe0cd5a94,dlsu,"Values & Identity",ust,35,2026-07-03T01:45:42.572Z
4fff71be-f6cd-4f99-9c41-59b49c42213f,admu,"Academic Experience",admu,108,2026-07-03T05:14:55.661Z
4fff71be-f6cd-4f99-9c41-59b49c42213f,admu,"Academic Experience",dlsu,36,2026-07-03T05:14:55.661Z
4fff71be-f6cd-4f99-9c41-59b49c42213f,admu,"Academic Experience",up,38,2026-07-03T05:14:55.661Z
4fff71be-f6cd-4f99-9c41-59b49c42213f,admu,"Academic Experience",ust,36,2026-07-03T05:14:55.661Z
4fff71be-f6cd-4f99-9c41-59b49c42213f,admu,"Social & Cultural Fit",admu,91,2026-07-03T05:14:55.661Z
4fff71be-f6cd-4f99-9c41-59b49c42213f,admu,"Social & Cultural Fit",dlsu,106,2026-07-03T05:14:55.661Z
4fff71be-f6cd-4f99-9c41-59b49c42213f,admu,"Social & Cultural Fit",up,28,2026-07-03T05:14:55.661Z
4fff71be-f6cd-4f99-9c41-59b49c42213f,admu,"Social & Cultural Fit",ust,44,2026-07-03T05:14:55.661Z
4fff71be-f6cd-4f99-9c41-59b49c42213f,admu,"Campus Life",admu,136,2026-07-03T05:14:55.661Z
4fff71be-f6cd-4f99-9c41-59b49c42213f,admu,"Campus Life",dlsu,96,2026-07-03T05:14:55.661Z
4fff71be-f6cd-4f99-9c41-59b49c42213f,admu,"Campus Life",up,80,2026-07-03T05:14:55.661Z
4fff71be-f6cd-4f99-9c41-59b49c42213f,admu,"Campus Life",ust,59,2026-07-03T05:14:55.661Z
4fff71be-f6cd-4f99-9c41-59b49c42213f,admu,"Values & Identity",admu,129,2026-07-03T05:14:55.661Z
4fff71be-f6cd-4f99-9c41-59b49c42213f,admu,"Values & Identity",dlsu,56,2026-07-03T05:14:55.661Z
4fff71be-f6cd-4f99-9c41-59b49c42213f,admu,"Values & Identity",up,60,2026-07-03T05:14:55.661Z
4fff71be-f6cd-4f99-9c41-59b49c42213f,admu,"Values & Identity",ust,28,2026-07-03T05:14:55.661Z
cf959aad-9a6c-4c50-9d85-25291c7dbdbc,up,"Academic Experience",admu,55,2026-07-03T05:24:31.501Z
cf959aad-9a6c-4c50-9d85-25291c7dbdbc,up,"Academic Experience",dlsu,60,2026-07-03T05:24:31.501Z
cf959aad-9a6c-4c50-9d85-25291c7dbdbc,up,"Academic Experience",up,45,2026-07-03T05:24:31.501Z
cf959aad-9a6c-4c50-9d85-25291c7dbdbc,up,"Academic Experience",ust,49,2026-07-03T05:24:31.501Z
cf959aad-9a6c-4c50-9d85-25291c7dbdbc,up,"Social & Cultural Fit",admu,57,2026-07-03T05:24:31.501Z
cf959aad-9a6c-4c50-9d85-25291c7dbdbc,up,"Social & Cultural Fit",dlsu,45,2026-07-03T05:24:31.501Z
cf959aad-9a6c-4c50-9d85-25291c7dbdbc,up,"Social & Cultural Fit",up,100,2026-07-03T05:24:31.501Z
cf959aad-9a6c-4c50-9d85-25291c7dbdbc,up,"Social & Cultural Fit",ust,79,2026-07-03T05:24:31.501Z
cf959aad-9a6c-4c50-9d85-25291c7dbdbc,up,"Campus Life",admu,81,2026-07-03T05:24:31.501Z
cf959aad-9a6c-4c50-9d85-25291c7dbdbc,up,"Campus Life",dlsu,57,2026-07-03T05:24:31.501Z
cf959aad-9a6c-4c50-9d85-25291c7dbdbc,up,"Campus Life",up,152,2026-07-03T05:24:31.501Z
cf959aad-9a6c-4c50-9d85-25291c7dbdbc,up,"Campus Life",ust,79,2026-07-03T05:24:31.501Z
cf959aad-9a6c-4c50-9d85-25291c7dbdbc,up,"Values & Identity",admu,59,2026-07-03T05:24:31.501Z
cf959aad-9a6c-4c50-9d85-25291c7dbdbc,up,"Values & Identity",dlsu,38,2026-07-03T05:24:31.501Z
cf959aad-9a6c-4c50-9d85-25291c7dbdbc,up,"Values & Identity",up,136,2026-07-03T05:24:31.501Z
cf959aad-9a6c-4c50-9d85-25291c7dbdbc,up,"Values & Identity",ust,32,2026-07-03T05:24:31.501Z
3f4a662d-6155-449c-a283-479cf6a31921,up,"Academic Experience",admu,40,2026-07-03T06:13:13.785Z
3f4a662d-6155-449c-a283-479cf6a31921,up,"Academic Experience",dlsu,17,2026-07-03T06:13:13.785Z
3f4a662d-6155-449c-a283-479cf6a31921,up,"Academic Experience",up,122,2026-07-03T06:13:13.785Z
3f4a662d-6155-449c-a283-479cf6a31921,up,"Academic Experience",ust,35,2026-07-03T06:13:13.785Z
3f4a662d-6155-449c-a283-479cf6a31921,up,"Social & Cultural Fit",admu,41,2026-07-03T06:13:13.785Z
3f4a662d-6155-449c-a283-479cf6a31921,up,"Social & Cultural Fit",dlsu,32,2026-07-03T06:13:13.785Z
3f4a662d-6155-449c-a283-479cf6a31921,up,"Social & Cultural Fit",up,136,2026-07-03T06:13:13.785Z
3f4a662d-6155-449c-a283-479cf6a31921,up,"Social & Cultural Fit",ust,91,2026-07-03T06:13:13.785Z
3f4a662d-6155-449c-a283-479cf6a31921,up,"Campus Life",admu,81,2026-07-03T06:13:13.785Z
3f4a662d-6155-449c-a283-479cf6a31921,up,"Campus Life",dlsu,71,2026-07-03T06:13:13.785Z
3f4a662d-6155-449c-a283-479cf6a31921,up,"Campus Life",up,153,2026-07-03T06:13:13.785Z
3f4a662d-6155-449c-a283-479cf6a31921,up,"Campus Life",ust,87,2026-07-03T06:13:13.785Z
3f4a662d-6155-449c-a283-479cf6a31921,up,"Values & Identity",admu,73,2026-07-03T06:13:13.785Z
3f4a662d-6155-449c-a283-479cf6a31921,up,"Values & Identity",dlsu,42,2026-07-03T06:13:13.785Z
3f4a662d-6155-449c-a283-479cf6a31921,up,"Values & Identity",up,110,2026-07-03T06:13:13.785Z
3f4a662d-6155-449c-a283-479cf6a31921,up,"Values & Identity",ust,18,2026-07-03T06:13:13.785Z
34c07466-b53d-4ce0-a7ca-a4a252e03150,dlsu,"Academic Experience",admu,67,2026-07-03T11:37:12.253Z
34c07466-b53d-4ce0-a7ca-a4a252e03150,dlsu,"Academic Experience",dlsu,106,2026-07-03T11:37:12.253Z
34c07466-b53d-4ce0-a7ca-a4a252e03150,dlsu,"Academic Experience",up,8,2026-07-03T11:37:12.253Z
34c07466-b53d-4ce0-a7ca-a4a252e03150,dlsu,"Academic Experience",ust,28,2026-07-03T11:37:12.253Z
34c07466-b53d-4ce0-a7ca-a4a252e03150,dlsu,"Social & Cultural Fit",admu,93,2026-07-03T11:37:12.253Z
34c07466-b53d-4ce0-a7ca-a4a252e03150,dlsu,"Social & Cultural Fit",dlsu,111,2026-07-03T11:37:12.253Z
34c07466-b53d-4ce0-a7ca-a4a252e03150,dlsu,"Social & Cultural Fit",up,45,2026-07-03T11:37:12.253Z
34c07466-b53d-4ce0-a7ca-a4a252e03150,dlsu,"Social & Cultural Fit",ust,57,2026-07-03T11:37:12.253Z
34c07466-b53d-4ce0-a7ca-a4a252e03150,dlsu,"Campus Life",admu,92,2026-07-03T11:37:12.253Z
34c07466-b53d-4ce0-a7ca-a4a252e03150,dlsu,"Campus Life",dlsu,142,2026-07-03T11:37:12.253Z
34c07466-b53d-4ce0-a7ca-a4a252e03150,dlsu,"Campus Life",up,45,2026-07-03T11:37:12.253Z
34c07466-b53d-4ce0-a7ca-a4a252e03150,dlsu,"Campus Life",ust,75,2026-07-03T11:37:12.253Z
34c07466-b53d-4ce0-a7ca-a4a252e03150,dlsu,"Values & Identity",admu,76,2026-07-03T11:37:12.253Z
34c07466-b53d-4ce0-a7ca-a4a252e03150,dlsu,"Values & Identity",dlsu,104,2026-07-03T11:37:12.253Z
34c07466-b53d-4ce0-a7ca-a4a252e03150,dlsu,"Values & Identity",up,33,2026-07-03T11:37:12.253Z
34c07466-b53d-4ce0-a7ca-a4a252e03150,dlsu,"Values & Identity",ust,47,2026-07-03T11:37:12.253Z
79262a44-18a7-4c40-8040-ee7279dedef7,admu,"Academic Experience",admu,80,2026-07-03T12:47:11.321Z
79262a44-18a7-4c40-8040-ee7279dedef7,admu,"Academic Experience",dlsu,30,2026-07-03T12:47:11.321Z
79262a44-18a7-4c40-8040-ee7279dedef7,admu,"Academic Experience",up,56,2026-07-03T12:47:11.321Z
79262a44-18a7-4c40-8040-ee7279dedef7,admu,"Academic Experience",ust,52,2026-07-03T12:47:11.321Z
79262a44-18a7-4c40-8040-ee7279dedef7,admu,"Social & Cultural Fit",admu,103,2026-07-03T12:47:11.321Z
79262a44-18a7-4c40-8040-ee7279dedef7,admu,"Social & Cultural Fit",dlsu,95,2026-07-03T12:47:11.321Z
79262a44-18a7-4c40-8040-ee7279dedef7,admu,"Social & Cultural Fit",up,32,2026-07-03T12:47:11.321Z
79262a44-18a7-4c40-8040-ee7279dedef7,admu,"Social & Cultural Fit",ust,58,2026-07-03T12:47:11.321Z
79262a44-18a7-4c40-8040-ee7279dedef7,admu,"Campus Life",admu,128,2026-07-03T12:47:11.321Z
79262a44-18a7-4c40-8040-ee7279dedef7,admu,"Campus Life",dlsu,96,2026-07-03T12:47:11.321Z
79262a44-18a7-4c40-8040-ee7279dedef7,admu,"Campus Life",up,67,2026-07-03T12:47:11.321Z
79262a44-18a7-4c40-8040-ee7279dedef7,admu,"Campus Life",ust,65,2026-07-03T12:47:11.321Z
79262a44-18a7-4c40-8040-ee7279dedef7,admu,"Values & Identity",admu,120,2026-07-03T12:47:11.321Z
79262a44-18a7-4c40-8040-ee7279dedef7,admu,"Values & Identity",dlsu,55,2026-07-03T12:47:11.321Z
79262a44-18a7-4c40-8040-ee7279dedef7,admu,"Values & Identity",up,72,2026-07-03T12:47:11.321Z
79262a44-18a7-4c40-8040-ee7279dedef7,admu,"Values & Identity",ust,22,2026-07-03T12:47:11.321Z
77ecb839-6947-41e7-9bd8-e68879d3cdf1,up,"Academic Experience",admu,30,2026-07-03T18:56:50.558Z
77ecb839-6947-41e7-9bd8-e68879d3cdf1,up,"Academic Experience",dlsu,38,2026-07-03T18:56:50.558Z
77ecb839-6947-41e7-9bd8-e68879d3cdf1,up,"Academic Experience",up,102,2026-07-03T18:56:50.558Z
77ecb839-6947-41e7-9bd8-e68879d3cdf1,up,"Academic Experience",ust,31,2026-07-03T18:56:50.558Z
77ecb839-6947-41e7-9bd8-e68879d3cdf1,up,"Social & Cultural Fit",admu,54,2026-07-03T18:56:50.558Z
77ecb839-6947-41e7-9bd8-e68879d3cdf1,up,"Social & Cultural Fit",dlsu,53,2026-07-03T18:56:50.558Z
77ecb839-6947-41e7-9bd8-e68879d3cdf1,up,"Social & Cultural Fit",up,104,2026-07-03T18:56:50.558Z
77ecb839-6947-41e7-9bd8-e68879d3cdf1,up,"Social & Cultural Fit",ust,67,2026-07-03T18:56:50.558Z
77ecb839-6947-41e7-9bd8-e68879d3cdf1,up,"Campus Life",admu,70,2026-07-03T18:56:50.558Z
77ecb839-6947-41e7-9bd8-e68879d3cdf1,up,"Campus Life",dlsu,65,2026-07-03T18:56:50.558Z
77ecb839-6947-41e7-9bd8-e68879d3cdf1,up,"Campus Life",up,155,2026-07-03T18:56:50.558Z
77ecb839-6947-41e7-9bd8-e68879d3cdf1,up,"Campus Life",ust,93,2026-07-03T18:56:50.558Z
77ecb839-6947-41e7-9bd8-e68879d3cdf1,up,"Values & Identity",admu,65,2026-07-03T18:56:50.558Z
77ecb839-6947-41e7-9bd8-e68879d3cdf1,up,"Values & Identity",dlsu,52,2026-07-03T18:56:50.558Z
77ecb839-6947-41e7-9bd8-e68879d3cdf1,up,"Values & Identity",up,76,2026-07-03T18:56:50.558Z
77ecb839-6947-41e7-9bd8-e68879d3cdf1,up,"Values & Identity",ust,62,2026-07-03T18:56:50.558Z
9f04e3b3-bc54-4483-a3a4-eeff78e92c42,admu,"Academic Experience",admu,113,2026-07-03T20:58:41.048Z
9f04e3b3-bc54-4483-a3a4-eeff78e92c42,admu,"Academic Experience",dlsu,43,2026-07-03T20:58:41.048Z
9f04e3b3-bc54-4483-a3a4-eeff78e92c42,admu,"Academic Experience",up,37,2026-07-03T20:58:41.048Z
9f04e3b3-bc54-4483-a3a4-eeff78e92c42,admu,"Academic Experience",ust,34,2026-07-03T20:58:41.048Z
9f04e3b3-bc54-4483-a3a4-eeff78e92c42,admu,"Social & Cultural Fit",admu,120,2026-07-03T20:58:41.048Z
9f04e3b3-bc54-4483-a3a4-eeff78e92c42,admu,"Social & Cultural Fit",dlsu,115,2026-07-03T20:58:41.048Z
9f04e3b3-bc54-4483-a3a4-eeff78e92c42,admu,"Social & Cultural Fit",up,14,2026-07-03T20:58:41.048Z
9f04e3b3-bc54-4483-a3a4-eeff78e92c42,admu,"Social & Cultural Fit",ust,38,2026-07-03T20:58:41.048Z
9f04e3b3-bc54-4483-a3a4-eeff78e92c42,admu,"Campus Life",admu,140,2026-07-03T20:58:41.048Z
9f04e3b3-bc54-4483-a3a4-eeff78e92c42,admu,"Campus Life",dlsu,102,2026-07-03T20:58:41.048Z
9f04e3b3-bc54-4483-a3a4-eeff78e92c42,admu,"Campus Life",up,73,2026-07-03T20:58:41.048Z
9f04e3b3-bc54-4483-a3a4-eeff78e92c42,admu,"Campus Life",ust,53,2026-07-03T20:58:41.048Z
9f04e3b3-bc54-4483-a3a4-eeff78e92c42,admu,"Values & Identity",admu,121,2026-07-03T20:58:41.048Z
9f04e3b3-bc54-4483-a3a4-eeff78e92c42,admu,"Values & Identity",dlsu,58,2026-07-03T20:58:41.048Z
9f04e3b3-bc54-4483-a3a4-eeff78e92c42,admu,"Values & Identity",up,52,2026-07-03T20:58:41.048Z
9f04e3b3-bc54-4483-a3a4-eeff78e92c42,admu,"Values & Identity",ust,38,2026-07-03T20:58:41.048Z
8dd06ed8-a4b7-4632-b9d4-6ac29b6fee3b,dlsu,"Academic Experience",admu,52,2026-07-03T21:18:04.618Z
8dd06ed8-a4b7-4632-b9d4-6ac29b6fee3b,dlsu,"Academic Experience",dlsu,103,2026-07-03T21:18:04.618Z
8dd06ed8-a4b7-4632-b9d4-6ac29b6fee3b,dlsu,"Academic Experience",up,25,2026-07-03T21:18:04.618Z
8dd06ed8-a4b7-4632-b9d4-6ac29b6fee3b,dlsu,"Academic Experience",ust,30,2026-07-03T21:18:04.618Z
8dd06ed8-a4b7-4632-b9d4-6ac29b6fee3b,dlsu,"Social & Cultural Fit",admu,69,2026-07-03T21:18:04.618Z
8dd06ed8-a4b7-4632-b9d4-6ac29b6fee3b,dlsu,"Social & Cultural Fit",dlsu,86,2026-07-03T21:18:04.618Z
8dd06ed8-a4b7-4632-b9d4-6ac29b6fee3b,dlsu,"Social & Cultural Fit",up,60,2026-07-03T21:18:04.618Z
8dd06ed8-a4b7-4632-b9d4-6ac29b6fee3b,dlsu,"Social & Cultural Fit",ust,90,2026-07-03T21:18:04.618Z
8dd06ed8-a4b7-4632-b9d4-6ac29b6fee3b,dlsu,"Campus Life",admu,79,2026-07-03T21:18:04.618Z
8dd06ed8-a4b7-4632-b9d4-6ac29b6fee3b,dlsu,"Campus Life",dlsu,169,2026-07-03T21:18:04.618Z
8dd06ed8-a4b7-4632-b9d4-6ac29b6fee3b,dlsu,"Campus Life",up,55,2026-07-03T21:18:04.618Z
8dd06ed8-a4b7-4632-b9d4-6ac29b6fee3b,dlsu,"Campus Life",ust,72,2026-07-03T21:18:04.618Z
8dd06ed8-a4b7-4632-b9d4-6ac29b6fee3b,dlsu,"Values & Identity",admu,64,2026-07-03T21:18:04.618Z
8dd06ed8-a4b7-4632-b9d4-6ac29b6fee3b,dlsu,"Values & Identity",dlsu,114,2026-07-03T21:18:04.618Z
8dd06ed8-a4b7-4632-b9d4-6ac29b6fee3b,dlsu,"Values & Identity",up,37,2026-07-03T21:18:04.618Z
8dd06ed8-a4b7-4632-b9d4-6ac29b6fee3b,dlsu,"Values & Identity",ust,47,2026-07-03T21:18:04.618Z
7a5008b4-a2b4-41ae-8f86-37524600fd1b,ust,"Academic Experience",admu,46,2026-07-03T21:24:06.555Z
7a5008b4-a2b4-41ae-8f86-37524600fd1b,ust,"Academic Experience",dlsu,30,2026-07-03T21:24:06.555Z
7a5008b4-a2b4-41ae-8f86-37524600fd1b,ust,"Academic Experience",up,47,2026-07-03T21:24:06.555Z
7a5008b4-a2b4-41ae-8f86-37524600fd1b,ust,"Academic Experience",ust,64,2026-07-03T21:24:06.555Z
7a5008b4-a2b4-41ae-8f86-37524600fd1b,ust,"Social & Cultural Fit",admu,51,2026-07-03T21:24:06.555Z
7a5008b4-a2b4-41ae-8f86-37524600fd1b,ust,"Social & Cultural Fit",dlsu,54,2026-07-03T21:24:06.555Z
7a5008b4-a2b4-41ae-8f86-37524600fd1b,ust,"Social & Cultural Fit",up,90,2026-07-03T21:24:06.555Z
7a5008b4-a2b4-41ae-8f86-37524600fd1b,ust,"Social & Cultural Fit",ust,92,2026-07-03T21:24:06.555Z
7a5008b4-a2b4-41ae-8f86-37524600fd1b,ust,"Campus Life",admu,67,2026-07-03T21:24:06.555Z
7a5008b4-a2b4-41ae-8f86-37524600fd1b,ust,"Campus Life",dlsu,68,2026-07-03T21:24:06.555Z
7a5008b4-a2b4-41ae-8f86-37524600fd1b,ust,"Campus Life",up,94,2026-07-03T21:24:06.555Z
7a5008b4-a2b4-41ae-8f86-37524600fd1b,ust,"Campus Life",ust,129,2026-07-03T21:24:06.555Z
7a5008b4-a2b4-41ae-8f86-37524600fd1b,ust,"Values & Identity",admu,57,2026-07-03T21:24:06.555Z
7a5008b4-a2b4-41ae-8f86-37524600fd1b,ust,"Values & Identity",dlsu,57,2026-07-03T21:24:06.555Z
7a5008b4-a2b4-41ae-8f86-37524600fd1b,ust,"Values & Identity",up,45,2026-07-03T21:24:06.555Z
7a5008b4-a2b4-41ae-8f86-37524600fd1b,ust,"Values & Identity",ust,109,2026-07-03T21:24:06.555Z
a08c7dae-7486-494f-9876-4544e8b702e8,dlsu,"Academic Experience",admu,53,2026-07-03T22:39:09.388Z
a08c7dae-7486-494f-9876-4544e8b702e8,dlsu,"Academic Experience",dlsu,104,2026-07-03T22:39:09.388Z
a08c7dae-7486-494f-9876-4544e8b702e8,dlsu,"Academic Experience",up,27,2026-07-03T22:39:09.388Z
a08c7dae-7486-494f-9876-4544e8b702e8,dlsu,"Academic Experience",ust,32,2026-07-03T22:39:09.388Z
a08c7dae-7486-494f-9876-4544e8b702e8,dlsu,"Social & Cultural Fit",admu,80,2026-07-03T22:39:09.388Z
a08c7dae-7486-494f-9876-4544e8b702e8,dlsu,"Social & Cultural Fit",dlsu,102,2026-07-03T22:39:09.388Z
a08c7dae-7486-494f-9876-4544e8b702e8,dlsu,"Social & Cultural Fit",up,61,2026-07-03T22:39:09.388Z
a08c7dae-7486-494f-9876-4544e8b702e8,dlsu,"Social & Cultural Fit",ust,66,2026-07-03T22:39:09.388Z
a08c7dae-7486-494f-9876-4544e8b702e8,dlsu,"Campus Life",admu,79,2026-07-03T22:39:09.388Z
a08c7dae-7486-494f-9876-4544e8b702e8,dlsu,"Campus Life",dlsu,151,2026-07-03T22:39:09.388Z
a08c7dae-7486-494f-9876-4544e8b702e8,dlsu,"Campus Life",up,33,2026-07-03T22:39:09.388Z
a08c7dae-7486-494f-9876-4544e8b702e8,dlsu,"Campus Life",ust,72,2026-07-03T22:39:09.388Z
a08c7dae-7486-494f-9876-4544e8b702e8,dlsu,"Values & Identity",admu,59,2026-07-03T22:39:09.388Z
a08c7dae-7486-494f-9876-4544e8b702e8,dlsu,"Values & Identity",dlsu,103,2026-07-03T22:39:09.388Z
a08c7dae-7486-494f-9876-4544e8b702e8,dlsu,"Values & Identity",up,53,2026-07-03T22:39:09.388Z
a08c7dae-7486-494f-9876-4544e8b702e8,dlsu,"Values & Identity",ust,61,2026-07-03T22:39:09.388Z
c41b781e-1fb6-428e-93f9-e3aa57888cca,up,"Academic Experience",admu,69,2026-07-04T01:18:23.564Z
c41b781e-1fb6-428e-93f9-e3aa57888cca,up,"Academic Experience",dlsu,19,2026-07-04T01:18:23.564Z
c41b781e-1fb6-428e-93f9-e3aa57888cca,up,"Academic Experience",up,109,2026-07-04T01:18:23.564Z
c41b781e-1fb6-428e-93f9-e3aa57888cca,up,"Academic Experience",ust,24,2026-07-04T01:18:23.564Z
c41b781e-1fb6-428e-93f9-e3aa57888cca,up,"Social & Cultural Fit",admu,56,2026-07-04T01:18:23.564Z
c41b781e-1fb6-428e-93f9-e3aa57888cca,up,"Social & Cultural Fit",dlsu,61,2026-07-04T01:18:23.564Z
c41b781e-1fb6-428e-93f9-e3aa57888cca,up,"Social & Cultural Fit",up,108,2026-07-04T01:18:23.564Z
c41b781e-1fb6-428e-93f9-e3aa57888cca,up,"Social & Cultural Fit",ust,89,2026-07-04T01:18:23.564Z
c41b781e-1fb6-428e-93f9-e3aa57888cca,up,"Campus Life",admu,62,2026-07-04T01:18:23.564Z
c41b781e-1fb6-428e-93f9-e3aa57888cca,up,"Campus Life",dlsu,61,2026-07-04T01:18:23.564Z
c41b781e-1fb6-428e-93f9-e3aa57888cca,up,"Campus Life",up,113,2026-07-04T01:18:23.564Z
c41b781e-1fb6-428e-93f9-e3aa57888cca,up,"Campus Life",ust,114,2026-07-04T01:18:23.564Z
c41b781e-1fb6-428e-93f9-e3aa57888cca,up,"Values & Identity",admu,65,2026-07-04T01:18:23.564Z
c41b781e-1fb6-428e-93f9-e3aa57888cca,up,"Values & Identity",dlsu,47,2026-07-04T01:18:23.564Z
c41b781e-1fb6-428e-93f9-e3aa57888cca,up,"Values & Identity",up,76,2026-07-04T01:18:23.564Z
c41b781e-1fb6-428e-93f9-e3aa57888cca,up,"Values & Identity",ust,56,2026-07-04T01:18:23.564Z
ab4257f0-0c35-414c-9a9b-3bcdfa2e4a13,ust,"Academic Experience",admu,19,2026-07-04T02:42:04.699Z
ab4257f0-0c35-414c-9a9b-3bcdfa2e4a13,ust,"Academic Experience",dlsu,40,2026-07-04T02:42:04.699Z
ab4257f0-0c35-414c-9a9b-3bcdfa2e4a13,ust,"Academic Experience",up,25,2026-07-04T02:42:04.699Z
ab4257f0-0c35-414c-9a9b-3bcdfa2e4a13,ust,"Academic Experience",ust,95,2026-07-04T02:42:04.699Z
ab4257f0-0c35-414c-9a9b-3bcdfa2e4a13,ust,"Social & Cultural Fit",admu,52,2026-07-04T02:42:04.699Z
ab4257f0-0c35-414c-9a9b-3bcdfa2e4a13,ust,"Social & Cultural Fit",dlsu,39,2026-07-04T02:42:04.699Z
ab4257f0-0c35-414c-9a9b-3bcdfa2e4a13,ust,"Social & Cultural Fit",up,88,2026-07-04T02:42:04.699Z
ab4257f0-0c35-414c-9a9b-3bcdfa2e4a13,ust,"Social & Cultural Fit",ust,84,2026-07-04T02:42:04.699Z
ab4257f0-0c35-414c-9a9b-3bcdfa2e4a13,ust,"Campus Life",admu,56,2026-07-04T02:42:04.699Z
ab4257f0-0c35-414c-9a9b-3bcdfa2e4a13,ust,"Campus Life",dlsu,85,2026-07-04T02:42:04.699Z
ab4257f0-0c35-414c-9a9b-3bcdfa2e4a13,ust,"Campus Life",up,76,2026-07-04T02:42:04.699Z
ab4257f0-0c35-414c-9a9b-3bcdfa2e4a13,ust,"Campus Life",ust,114,2026-07-04T02:42:04.699Z
ab4257f0-0c35-414c-9a9b-3bcdfa2e4a13,ust,"Values & Identity",admu,44,2026-07-04T02:42:04.699Z
ab4257f0-0c35-414c-9a9b-3bcdfa2e4a13,ust,"Values & Identity",dlsu,66,2026-07-04T02:42:04.699Z
ab4257f0-0c35-414c-9a9b-3bcdfa2e4a13,ust,"Values & Identity",up,43,2026-07-04T02:42:04.699Z
ab4257f0-0c35-414c-9a9b-3bcdfa2e4a13,ust,"Values & Identity",ust,111,2026-07-04T02:42:04.699Z
ef03ee98-14e7-4890-a0b6-821dcae6818f,ust,"Academic Experience",admu,22,2026-07-04T03:11:54.091Z
ef03ee98-14e7-4890-a0b6-821dcae6818f,ust,"Academic Experience",dlsu,20,2026-07-04T03:11:54.091Z
ef03ee98-14e7-4890-a0b6-821dcae6818f,ust,"Academic Experience",up,32,2026-07-04T03:11:54.091Z
ef03ee98-14e7-4890-a0b6-821dcae6818f,ust,"Academic Experience",ust,102,2026-07-04T03:11:54.091Z
ef03ee98-14e7-4890-a0b6-821dcae6818f,ust,"Social & Cultural Fit",admu,40,2026-07-04T03:11:54.091Z
ef03ee98-14e7-4890-a0b6-821dcae6818f,ust,"Social & Cultural Fit",dlsu,40,2026-07-04T03:11:54.091Z
ef03ee98-14e7-4890-a0b6-821dcae6818f,ust,"Social & Cultural Fit",up,112,2026-07-04T03:11:54.091Z
ef03ee98-14e7-4890-a0b6-821dcae6818f,ust,"Social & Cultural Fit",ust,121,2026-07-04T03:11:54.091Z
ef03ee98-14e7-4890-a0b6-821dcae6818f,ust,"Campus Life",admu,77,2026-07-04T03:11:54.091Z
ef03ee98-14e7-4890-a0b6-821dcae6818f,ust,"Campus Life",dlsu,56,2026-07-04T03:11:54.091Z
ef03ee98-14e7-4890-a0b6-821dcae6818f,ust,"Campus Life",up,112,2026-07-04T03:11:54.091Z
ef03ee98-14e7-4890-a0b6-821dcae6818f,ust,"Campus Life",ust,127,2026-07-04T03:11:54.091Z
ef03ee98-14e7-4890-a0b6-821dcae6818f,ust,"Values & Identity",admu,69,2026-07-04T03:11:54.091Z
ef03ee98-14e7-4890-a0b6-821dcae6818f,ust,"Values & Identity",dlsu,60,2026-07-04T03:11:54.091Z
ef03ee98-14e7-4890-a0b6-821dcae6818f,ust,"Values & Identity",up,51,2026-07-04T03:11:54.091Z
ef03ee98-14e7-4890-a0b6-821dcae6818f,ust,"Values & Identity",ust,94,2026-07-04T03:11:54.091Z
5373f27f-b69a-46ea-8bc1-40edbfa4260f,dlsu,"Academic Experience",admu,53,2026-07-04T03:15:59.895Z
5373f27f-b69a-46ea-8bc1-40edbfa4260f,dlsu,"Academic Experience",dlsu,124,2026-07-04T03:15:59.895Z
5373f27f-b69a-46ea-8bc1-40edbfa4260f,dlsu,"Academic Experience",up,6,2026-07-04T03:15:59.895Z
5373f27f-b69a-46ea-8bc1-40edbfa4260f,dlsu,"Academic Experience",ust,31,2026-07-04T03:15:59.895Z
5373f27f-b69a-46ea-8bc1-40edbfa4260f,dlsu,"Social & Cultural Fit",admu,86,2026-07-04T03:15:59.895Z
5373f27f-b69a-46ea-8bc1-40edbfa4260f,dlsu,"Social & Cultural Fit",dlsu,103,2026-07-04T03:15:59.895Z
5373f27f-b69a-46ea-8bc1-40edbfa4260f,dlsu,"Social & Cultural Fit",up,45,2026-07-04T03:15:59.895Z
5373f27f-b69a-46ea-8bc1-40edbfa4260f,dlsu,"Social & Cultural Fit",ust,52,2026-07-04T03:15:59.895Z
5373f27f-b69a-46ea-8bc1-40edbfa4260f,dlsu,"Campus Life",admu,76,2026-07-04T03:15:59.895Z
5373f27f-b69a-46ea-8bc1-40edbfa4260f,dlsu,"Campus Life",dlsu,157,2026-07-04T03:15:59.895Z
5373f27f-b69a-46ea-8bc1-40edbfa4260f,dlsu,"Campus Life",up,58,2026-07-04T03:15:59.895Z
5373f27f-b69a-46ea-8bc1-40edbfa4260f,dlsu,"Campus Life",ust,86,2026-07-04T03:15:59.895Z
5373f27f-b69a-46ea-8bc1-40edbfa4260f,dlsu,"Values & Identity",admu,65,2026-07-04T03:15:59.895Z
5373f27f-b69a-46ea-8bc1-40edbfa4260f,dlsu,"Values & Identity",dlsu,106,2026-07-04T03:15:59.895Z
5373f27f-b69a-46ea-8bc1-40edbfa4260f,dlsu,"Values & Identity",up,38,2026-07-04T03:15:59.895Z
5373f27f-b69a-46ea-8bc1-40edbfa4260f,dlsu,"Values & Identity",ust,54,2026-07-04T03:15:59.895Z
849af77f-72a5-4bdd-910b-c599c6a36d0f,up,"Academic Experience",admu,42,2026-07-04T04:38:01.925Z
849af77f-72a5-4bdd-910b-c599c6a36d0f,up,"Academic Experience",dlsu,18,2026-07-04T04:38:01.925Z
849af77f-72a5-4bdd-910b-c599c6a36d0f,up,"Academic Experience",up,140,2026-07-04T04:38:01.925Z
849af77f-72a5-4bdd-910b-c599c6a36d0f,up,"Academic Experience",ust,16,2026-07-04T04:38:01.925Z
849af77f-72a5-4bdd-910b-c599c6a36d0f,up,"Social & Cultural Fit",admu,39,2026-07-04T04:38:01.925Z
849af77f-72a5-4bdd-910b-c599c6a36d0f,up,"Social & Cultural Fit",dlsu,29,2026-07-04T04:38:01.925Z
849af77f-72a5-4bdd-910b-c599c6a36d0f,up,"Social & Cultural Fit",up,130,2026-07-04T04:38:01.925Z
849af77f-72a5-4bdd-910b-c599c6a36d0f,up,"Social & Cultural Fit",ust,97,2026-07-04T04:38:01.925Z
849af77f-72a5-4bdd-910b-c599c6a36d0f,up,"Campus Life",admu,91,2026-07-04T04:38:01.925Z
849af77f-72a5-4bdd-910b-c599c6a36d0f,up,"Campus Life",dlsu,62,2026-07-04T04:38:01.925Z
849af77f-72a5-4bdd-910b-c599c6a36d0f,up,"Campus Life",up,159,2026-07-04T04:38:01.925Z
849af77f-72a5-4bdd-910b-c599c6a36d0f,up,"Campus Life",ust,90,2026-07-04T04:38:01.925Z
849af77f-72a5-4bdd-910b-c599c6a36d0f,up,"Values & Identity",admu,81,2026-07-04T04:38:01.925Z
849af77f-72a5-4bdd-910b-c599c6a36d0f,up,"Values & Identity",dlsu,55,2026-07-04T04:38:01.925Z
849af77f-72a5-4bdd-910b-c599c6a36d0f,up,"Values & Identity",up,64,2026-07-04T04:38:01.925Z
849af77f-72a5-4bdd-910b-c599c6a36d0f,up,"Values & Identity",ust,42,2026-07-04T04:38:01.925Z
c3901b55-cf99-4da9-9ec8-8057db960056,up,"Academic Experience",admu,42,2026-07-04T05:38:27.269Z
c3901b55-cf99-4da9-9ec8-8057db960056,up,"Academic Experience",dlsu,40,2026-07-04T05:38:27.269Z
c3901b55-cf99-4da9-9ec8-8057db960056,up,"Academic Experience",up,100,2026-07-04T05:38:27.269Z
c3901b55-cf99-4da9-9ec8-8057db960056,up,"Academic Experience",ust,17,2026-07-04T05:38:27.269Z
c3901b55-cf99-4da9-9ec8-8057db960056,up,"Social & Cultural Fit",admu,37,2026-07-04T05:38:27.269Z
c3901b55-cf99-4da9-9ec8-8057db960056,up,"Social & Cultural Fit",dlsu,34,2026-07-04T05:38:27.269Z
c3901b55-cf99-4da9-9ec8-8057db960056,up,"Social & Cultural Fit",up,120,2026-07-04T05:38:27.269Z
c3901b55-cf99-4da9-9ec8-8057db960056,up,"Social & Cultural Fit",ust,103,2026-07-04T05:38:27.269Z
c3901b55-cf99-4da9-9ec8-8057db960056,up,"Campus Life",admu,78,2026-07-04T05:38:27.269Z
c3901b55-cf99-4da9-9ec8-8057db960056,up,"Campus Life",dlsu,55,2026-07-04T05:38:27.269Z
c3901b55-cf99-4da9-9ec8-8057db960056,up,"Campus Life",up,164,2026-07-04T05:38:27.269Z
c3901b55-cf99-4da9-9ec8-8057db960056,up,"Campus Life",ust,87,2026-07-04T05:38:27.269Z
c3901b55-cf99-4da9-9ec8-8057db960056,up,"Values & Identity",admu,51,2026-07-04T05:38:27.269Z
c3901b55-cf99-4da9-9ec8-8057db960056,up,"Values & Identity",dlsu,40,2026-07-04T05:38:27.269Z
c3901b55-cf99-4da9-9ec8-8057db960056,up,"Values & Identity",up,128,2026-07-04T05:38:27.269Z
c3901b55-cf99-4da9-9ec8-8057db960056,up,"Values & Identity",ust,42,2026-07-04T05:38:27.269Z
e00ce721-23fa-4b61-a090-a24f1ebff750,dlsu,"Academic Experience",admu,51,2026-07-04T06:05:11.005Z
e00ce721-23fa-4b61-a090-a24f1ebff750,dlsu,"Academic Experience",dlsu,101,2026-07-04T06:05:11.005Z
e00ce721-23fa-4b61-a090-a24f1ebff750,dlsu,"Academic Experience",up,27,2026-07-04T06:05:11.005Z
e00ce721-23fa-4b61-a090-a24f1ebff750,dlsu,"Academic Experience",ust,28,2026-07-04T06:05:11.005Z
e00ce721-23fa-4b61-a090-a24f1ebff750,dlsu,"Social & Cultural Fit",admu,69,2026-07-04T06:05:11.005Z
e00ce721-23fa-4b61-a090-a24f1ebff750,dlsu,"Social & Cultural Fit",dlsu,91,2026-07-04T06:05:11.005Z
e00ce721-23fa-4b61-a090-a24f1ebff750,dlsu,"Social & Cultural Fit",up,52,2026-07-04T06:05:11.005Z
e00ce721-23fa-4b61-a090-a24f1ebff750,dlsu,"Social & Cultural Fit",ust,85,2026-07-04T06:05:11.005Z
e00ce721-23fa-4b61-a090-a24f1ebff750,dlsu,"Campus Life",admu,59,2026-07-04T06:05:11.005Z
e00ce721-23fa-4b61-a090-a24f1ebff750,dlsu,"Campus Life",dlsu,84,2026-07-04T06:05:11.005Z
e00ce721-23fa-4b61-a090-a24f1ebff750,dlsu,"Campus Life",up,84,2026-07-04T06:05:11.005Z
e00ce721-23fa-4b61-a090-a24f1ebff750,dlsu,"Campus Life",ust,77,2026-07-04T06:05:11.005Z
e00ce721-23fa-4b61-a090-a24f1ebff750,dlsu,"Values & Identity",admu,77,2026-07-04T06:05:11.005Z
e00ce721-23fa-4b61-a090-a24f1ebff750,dlsu,"Values & Identity",dlsu,81,2026-07-04T06:05:11.005Z
e00ce721-23fa-4b61-a090-a24f1ebff750,dlsu,"Values & Identity",up,64,2026-07-04T06:05:11.005Z
e00ce721-23fa-4b61-a090-a24f1ebff750,dlsu,"Values & Identity",ust,64,2026-07-04T06:05:11.005Z
4fd66103-0998-465b-b621-f1ba79d042f6,admu,"Academic Experience",admu,101,2026-07-04T06:15:24.872Z
4fd66103-0998-465b-b621-f1ba79d042f6,admu,"Academic Experience",dlsu,38,2026-07-04T06:15:24.872Z
4fd66103-0998-465b-b621-f1ba79d042f6,admu,"Academic Experience",up,41,2026-07-04T06:15:24.872Z
4fd66103-0998-465b-b621-f1ba79d042f6,admu,"Academic Experience",ust,32,2026-07-04T06:15:24.872Z
4fd66103-0998-465b-b621-f1ba79d042f6,admu,"Social & Cultural Fit",admu,110,2026-07-04T06:15:24.872Z
4fd66103-0998-465b-b621-f1ba79d042f6,admu,"Social & Cultural Fit",dlsu,97,2026-07-04T06:15:24.872Z
4fd66103-0998-465b-b621-f1ba79d042f6,admu,"Social & Cultural Fit",up,34,2026-07-04T06:15:24.872Z
4fd66103-0998-465b-b621-f1ba79d042f6,admu,"Social & Cultural Fit",ust,42,2026-07-04T06:15:24.872Z
4fd66103-0998-465b-b621-f1ba79d042f6,admu,"Campus Life",admu,125,2026-07-04T06:15:24.872Z
4fd66103-0998-465b-b621-f1ba79d042f6,admu,"Campus Life",dlsu,102,2026-07-04T06:15:24.872Z
4fd66103-0998-465b-b621-f1ba79d042f6,admu,"Campus Life",up,63,2026-07-04T06:15:24.872Z
4fd66103-0998-465b-b621-f1ba79d042f6,admu,"Campus Life",ust,65,2026-07-04T06:15:24.872Z
4fd66103-0998-465b-b621-f1ba79d042f6,admu,"Values & Identity",admu,119,2026-07-04T06:15:24.872Z
4fd66103-0998-465b-b621-f1ba79d042f6,admu,"Values & Identity",dlsu,70,2026-07-04T06:15:24.872Z
4fd66103-0998-465b-b621-f1ba79d042f6,admu,"Values & Identity",up,54,2026-07-04T06:15:24.872Z
4fd66103-0998-465b-b621-f1ba79d042f6,admu,"Values & Identity",ust,26,2026-07-04T06:15:24.872Z
7195d206-94ee-4ae3-9655-91c780c40ad0,dlsu,"Academic Experience",admu,52,2026-07-04T06:28:01.154Z
7195d206-94ee-4ae3-9655-91c780c40ad0,dlsu,"Academic Experience",dlsu,106,2026-07-04T06:28:01.154Z
7195d206-94ee-4ae3-9655-91c780c40ad0,dlsu,"Academic Experience",up,26,2026-07-04T06:28:01.154Z
7195d206-94ee-4ae3-9655-91c780c40ad0,dlsu,"Academic Experience",ust,30,2026-07-04T06:28:01.154Z
7195d206-94ee-4ae3-9655-91c780c40ad0,dlsu,"Social & Cultural Fit",admu,95,2026-07-04T06:28:01.154Z
7195d206-94ee-4ae3-9655-91c780c40ad0,dlsu,"Social & Cultural Fit",dlsu,111,2026-07-04T06:28:01.154Z
7195d206-94ee-4ae3-9655-91c780c40ad0,dlsu,"Social & Cultural Fit",up,46,2026-07-04T06:28:01.154Z
7195d206-94ee-4ae3-9655-91c780c40ad0,dlsu,"Social & Cultural Fit",ust,52,2026-07-04T06:28:01.154Z
7195d206-94ee-4ae3-9655-91c780c40ad0,dlsu,"Campus Life",admu,85,2026-07-04T06:28:01.154Z
7195d206-94ee-4ae3-9655-91c780c40ad0,dlsu,"Campus Life",dlsu,163,2026-07-04T06:28:01.154Z
7195d206-94ee-4ae3-9655-91c780c40ad0,dlsu,"Campus Life",up,61,2026-07-04T06:28:01.154Z
7195d206-94ee-4ae3-9655-91c780c40ad0,dlsu,"Campus Life",ust,76,2026-07-04T06:28:01.154Z
7195d206-94ee-4ae3-9655-91c780c40ad0,dlsu,"Values & Identity",admu,65,2026-07-04T06:28:01.154Z
7195d206-94ee-4ae3-9655-91c780c40ad0,dlsu,"Values & Identity",dlsu,106,2026-07-04T06:28:01.154Z
7195d206-94ee-4ae3-9655-91c780c40ad0,dlsu,"Values & Identity",up,38,2026-07-04T06:28:01.154Z
7195d206-94ee-4ae3-9655-91c780c40ad0,dlsu,"Values & Identity",ust,54,2026-07-04T06:28:01.154Z
1b6ac44f-7415-4b41-b02f-069be438bd91,dlsu,"Academic Experience",admu,69,2026-07-04T06:31:03.698Z
1b6ac44f-7415-4b41-b02f-069be438bd91,dlsu,"Academic Experience",dlsu,110,2026-07-04T06:31:03.698Z
1b6ac44f-7415-4b41-b02f-069be438bd91,dlsu,"Academic Experience",up,6,2026-07-04T06:31:03.698Z
1b6ac44f-7415-4b41-b02f-069be438bd91,dlsu,"Academic Experience",ust,28,2026-07-04T06:31:03.698Z
1b6ac44f-7415-4b41-b02f-069be438bd91,dlsu,"Social & Cultural Fit",admu,90,2026-07-04T06:31:03.698Z
1b6ac44f-7415-4b41-b02f-069be438bd91,dlsu,"Social & Cultural Fit",dlsu,104,2026-07-04T06:31:03.698Z
1b6ac44f-7415-4b41-b02f-069be438bd91,dlsu,"Social & Cultural Fit",up,58,2026-07-04T06:31:03.698Z
1b6ac44f-7415-4b41-b02f-069be438bd91,dlsu,"Social & Cultural Fit",ust,58,2026-07-04T06:31:03.698Z
1b6ac44f-7415-4b41-b02f-069be438bd91,dlsu,"Campus Life",admu,91,2026-07-04T06:31:03.698Z
1b6ac44f-7415-4b41-b02f-069be438bd91,dlsu,"Campus Life",dlsu,129,2026-07-04T06:31:03.698Z
1b6ac44f-7415-4b41-b02f-069be438bd91,dlsu,"Campus Life",up,95,2026-07-04T06:31:03.698Z
1b6ac44f-7415-4b41-b02f-069be438bd91,dlsu,"Campus Life",ust,69,2026-07-04T06:31:03.698Z
1b6ac44f-7415-4b41-b02f-069be438bd91,dlsu,"Values & Identity",admu,66,2026-07-04T06:31:03.698Z
1b6ac44f-7415-4b41-b02f-069be438bd91,dlsu,"Values & Identity",dlsu,116,2026-07-04T06:31:03.698Z
1b6ac44f-7415-4b41-b02f-069be438bd91,dlsu,"Values & Identity",up,39,2026-07-04T06:31:03.698Z
1b6ac44f-7415-4b41-b02f-069be438bd91,dlsu,"Values & Identity",ust,49,2026-07-04T06:31:03.698Z
ab20103c-f718-44e8-98be-3c2a2723ff10,dlsu,"Academic Experience",admu,50,2026-07-04T07:01:54.387Z
ab20103c-f718-44e8-98be-3c2a2723ff10,dlsu,"Academic Experience",dlsu,108,2026-07-04T07:01:54.387Z
ab20103c-f718-44e8-98be-3c2a2723ff10,dlsu,"Academic Experience",up,22,2026-07-04T07:01:54.387Z
ab20103c-f718-44e8-98be-3c2a2723ff10,dlsu,"Academic Experience",ust,26,2026-07-04T07:01:54.387Z
ab20103c-f718-44e8-98be-3c2a2723ff10,dlsu,"Social & Cultural Fit",admu,86,2026-07-04T07:01:54.387Z
ab20103c-f718-44e8-98be-3c2a2723ff10,dlsu,"Social & Cultural Fit",dlsu,103,2026-07-04T07:01:54.387Z
ab20103c-f718-44e8-98be-3c2a2723ff10,dlsu,"Social & Cultural Fit",up,45,2026-07-04T07:01:54.387Z
ab20103c-f718-44e8-98be-3c2a2723ff10,dlsu,"Social & Cultural Fit",ust,52,2026-07-04T07:01:54.387Z
ab20103c-f718-44e8-98be-3c2a2723ff10,dlsu,"Campus Life",admu,87,2026-07-04T07:01:54.387Z
ab20103c-f718-44e8-98be-3c2a2723ff10,dlsu,"Campus Life",dlsu,137,2026-07-04T07:01:54.387Z
ab20103c-f718-44e8-98be-3c2a2723ff10,dlsu,"Campus Life",up,61,2026-07-04T07:01:54.387Z
ab20103c-f718-44e8-98be-3c2a2723ff10,dlsu,"Campus Life",ust,84,2026-07-04T07:01:54.387Z
ab20103c-f718-44e8-98be-3c2a2723ff10,dlsu,"Values & Identity",admu,66,2026-07-04T07:01:54.387Z
ab20103c-f718-44e8-98be-3c2a2723ff10,dlsu,"Values & Identity",dlsu,116,2026-07-04T07:01:54.387Z
ab20103c-f718-44e8-98be-3c2a2723ff10,dlsu,"Values & Identity",up,39,2026-07-04T07:01:54.387Z
ab20103c-f718-44e8-98be-3c2a2723ff10,dlsu,"Values & Identity",ust,49,2026-07-04T07:01:54.387Z
dbc8af47-f909-4ae0-90d9-f3c7b005d7cb,up,"Academic Experience",admu,56,2026-07-04T07:17:05.328Z
dbc8af47-f909-4ae0-90d9-f3c7b005d7cb,up,"Academic Experience",dlsu,27,2026-07-04T07:17:05.328Z
dbc8af47-f909-4ae0-90d9-f3c7b005d7cb,up,"Academic Experience",up,120,2026-07-04T07:17:05.328Z
dbc8af47-f909-4ae0-90d9-f3c7b005d7cb,up,"Academic Experience",ust,18,2026-07-04T07:17:05.328Z
dbc8af47-f909-4ae0-90d9-f3c7b005d7cb,up,"Social & Cultural Fit",admu,37,2026-07-04T07:17:05.328Z
dbc8af47-f909-4ae0-90d9-f3c7b005d7cb,up,"Social & Cultural Fit",dlsu,27,2026-07-04T07:17:05.328Z
dbc8af47-f909-4ae0-90d9-f3c7b005d7cb,up,"Social & Cultural Fit",up,118,2026-07-04T07:17:05.328Z
dbc8af47-f909-4ae0-90d9-f3c7b005d7cb,up,"Social & Cultural Fit",ust,83,2026-07-04T07:17:05.328Z
dbc8af47-f909-4ae0-90d9-f3c7b005d7cb,up,"Campus Life",admu,68,2026-07-04T07:17:05.328Z
dbc8af47-f909-4ae0-90d9-f3c7b005d7cb,up,"Campus Life",dlsu,54,2026-07-04T07:17:05.328Z
dbc8af47-f909-4ae0-90d9-f3c7b005d7cb,up,"Campus Life",up,157,2026-07-04T07:17:05.328Z
dbc8af47-f909-4ae0-90d9-f3c7b005d7cb,up,"Campus Life",ust,107,2026-07-04T07:17:05.328Z
dbc8af47-f909-4ae0-90d9-f3c7b005d7cb,up,"Values & Identity",admu,59,2026-07-04T07:17:05.328Z
dbc8af47-f909-4ae0-90d9-f3c7b005d7cb,up,"Values & Identity",dlsu,38,2026-07-04T07:17:05.328Z
dbc8af47-f909-4ae0-90d9-f3c7b005d7cb,up,"Values & Identity",up,136,2026-07-04T07:17:05.328Z
dbc8af47-f909-4ae0-90d9-f3c7b005d7cb,up,"Values & Identity",ust,32,2026-07-04T07:17:05.328Z
7b70b5eb-fe49-485f-b81f-cbab29152e56,up,"Academic Experience",admu,42,2026-07-04T07:33:22.505Z
7b70b5eb-fe49-485f-b81f-cbab29152e56,up,"Academic Experience",dlsu,18,2026-07-04T07:33:22.505Z
7b70b5eb-fe49-485f-b81f-cbab29152e56,up,"Academic Experience",up,140,2026-07-04T07:33:22.505Z
7b70b5eb-fe49-485f-b81f-cbab29152e56,up,"Academic Experience",ust,16,2026-07-04T07:33:22.505Z
7b70b5eb-fe49-485f-b81f-cbab29152e56,up,"Social & Cultural Fit",admu,44,2026-07-04T07:33:22.505Z
7b70b5eb-fe49-485f-b81f-cbab29152e56,up,"Social & Cultural Fit",dlsu,32,2026-07-04T07:33:22.505Z
7b70b5eb-fe49-485f-b81f-cbab29152e56,up,"Social & Cultural Fit",up,118,2026-07-04T07:33:22.505Z
7b70b5eb-fe49-485f-b81f-cbab29152e56,up,"Social & Cultural Fit",ust,88,2026-07-04T07:33:22.505Z
7b70b5eb-fe49-485f-b81f-cbab29152e56,up,"Campus Life",admu,86,2026-07-04T07:33:22.505Z
7b70b5eb-fe49-485f-b81f-cbab29152e56,up,"Campus Life",dlsu,74,2026-07-04T07:33:22.505Z
7b70b5eb-fe49-485f-b81f-cbab29152e56,up,"Campus Life",up,134,2026-07-04T07:33:22.505Z
7b70b5eb-fe49-485f-b81f-cbab29152e56,up,"Campus Life",ust,74,2026-07-04T07:33:22.505Z
7b70b5eb-fe49-485f-b81f-cbab29152e56,up,"Values & Identity",admu,68,2026-07-04T07:33:22.505Z
7b70b5eb-fe49-485f-b81f-cbab29152e56,up,"Values & Identity",dlsu,39,2026-07-04T07:33:22.505Z
7b70b5eb-fe49-485f-b81f-cbab29152e56,up,"Values & Identity",up,124,2026-07-04T07:33:22.505Z
7b70b5eb-fe49-485f-b81f-cbab29152e56,up,"Values & Identity",ust,38,2026-07-04T07:33:22.505Z
a16fd402-80cf-473d-9654-15816481dcee,up,"Academic Experience",admu,66,2026-07-04T07:56:31.210Z
a16fd402-80cf-473d-9654-15816481dcee,up,"Academic Experience",dlsu,30,2026-07-04T07:56:31.210Z
a16fd402-80cf-473d-9654-15816481dcee,up,"Academic Experience",up,103,2026-07-04T07:56:31.210Z
a16fd402-80cf-473d-9654-15816481dcee,up,"Academic Experience",ust,24,2026-07-04T07:56:31.210Z
a16fd402-80cf-473d-9654-15816481dcee,up,"Social & Cultural Fit",admu,41,2026-07-04T07:56:31.210Z
a16fd402-80cf-473d-9654-15816481dcee,up,"Social & Cultural Fit",dlsu,32,2026-07-04T07:56:31.210Z
a16fd402-80cf-473d-9654-15816481dcee,up,"Social & Cultural Fit",up,136,2026-07-04T07:56:31.210Z
a16fd402-80cf-473d-9654-15816481dcee,up,"Social & Cultural Fit",ust,91,2026-07-04T07:56:31.210Z
a16fd402-80cf-473d-9654-15816481dcee,up,"Campus Life",admu,82,2026-07-04T07:56:31.210Z
a16fd402-80cf-473d-9654-15816481dcee,up,"Campus Life",dlsu,69,2026-07-04T07:56:31.210Z
a16fd402-80cf-473d-9654-15816481dcee,up,"Campus Life",up,138,2026-07-04T07:56:31.210Z
a16fd402-80cf-473d-9654-15816481dcee,up,"Campus Life",ust,108,2026-07-04T07:56:31.210Z
a16fd402-80cf-473d-9654-15816481dcee,up,"Values & Identity",admu,52,2026-07-04T07:56:31.210Z
a16fd402-80cf-473d-9654-15816481dcee,up,"Values & Identity",dlsu,45,2026-07-04T07:56:31.210Z
a16fd402-80cf-473d-9654-15816481dcee,up,"Values & Identity",up,106,2026-07-04T07:56:31.210Z
a16fd402-80cf-473d-9654-15816481dcee,up,"Values & Identity",ust,50,2026-07-04T07:56:31.210Z
cfadce07-fa7f-4ce3-9701-6cc69637b19e,ust,"Academic Experience",admu,38,2026-07-04T09:30:02.629Z
cfadce07-fa7f-4ce3-9701-6cc69637b19e,ust,"Academic Experience",dlsu,39,2026-07-04T09:30:02.629Z
cfadce07-fa7f-4ce3-9701-6cc69637b19e,ust,"Academic Experience",up,29,2026-07-04T09:30:02.629Z
cfadce07-fa7f-4ce3-9701-6cc69637b19e,ust,"Academic Experience",ust,78,2026-07-04T09:30:02.629Z
cfadce07-fa7f-4ce3-9701-6cc69637b19e,ust,"Social & Cultural Fit",admu,44,2026-07-04T09:30:02.629Z
cfadce07-fa7f-4ce3-9701-6cc69637b19e,ust,"Social & Cultural Fit",dlsu,61,2026-07-04T09:30:02.629Z
cfadce07-fa7f-4ce3-9701-6cc69637b19e,ust,"Social & Cultural Fit",up,84,2026-07-04T09:30:02.629Z
cfadce07-fa7f-4ce3-9701-6cc69637b19e,ust,"Social & Cultural Fit",ust,102,2026-07-04T09:30:02.629Z
cfadce07-fa7f-4ce3-9701-6cc69637b19e,ust,"Campus Life",admu,60,2026-07-04T09:30:02.629Z
cfadce07-fa7f-4ce3-9701-6cc69637b19e,ust,"Campus Life",dlsu,60,2026-07-04T09:30:02.629Z
cfadce07-fa7f-4ce3-9701-6cc69637b19e,ust,"Campus Life",up,99,2026-07-04T09:30:02.629Z
cfadce07-fa7f-4ce3-9701-6cc69637b19e,ust,"Campus Life",ust,149,2026-07-04T09:30:02.629Z
cfadce07-fa7f-4ce3-9701-6cc69637b19e,ust,"Values & Identity",admu,76,2026-07-04T09:30:02.629Z
cfadce07-fa7f-4ce3-9701-6cc69637b19e,ust,"Values & Identity",dlsu,62,2026-07-04T09:30:02.629Z
cfadce07-fa7f-4ce3-9701-6cc69637b19e,ust,"Values & Identity",up,73,2026-07-04T09:30:02.629Z
cfadce07-fa7f-4ce3-9701-6cc69637b19e,ust,"Values & Identity",ust,80,2026-07-04T09:30:02.629Z
b8098388-33f2-456b-966f-83b2fee23294,admu,"Academic Experience",admu,113,2026-07-04T09:56:39.266Z
b8098388-33f2-456b-966f-83b2fee23294,admu,"Academic Experience",dlsu,43,2026-07-04T09:56:39.266Z
b8098388-33f2-456b-966f-83b2fee23294,admu,"Academic Experience",up,37,2026-07-04T09:56:39.266Z
b8098388-33f2-456b-966f-83b2fee23294,admu,"Academic Experience",ust,34,2026-07-04T09:56:39.266Z
b8098388-33f2-456b-966f-83b2fee23294,admu,"Social & Cultural Fit",admu,120,2026-07-04T09:56:39.266Z
b8098388-33f2-456b-966f-83b2fee23294,admu,"Social & Cultural Fit",dlsu,115,2026-07-04T09:56:39.266Z
b8098388-33f2-456b-966f-83b2fee23294,admu,"Social & Cultural Fit",up,14,2026-07-04T09:56:39.266Z
b8098388-33f2-456b-966f-83b2fee23294,admu,"Social & Cultural Fit",ust,38,2026-07-04T09:56:39.266Z
b8098388-33f2-456b-966f-83b2fee23294,admu,"Campus Life",admu,138,2026-07-04T09:56:39.266Z
b8098388-33f2-456b-966f-83b2fee23294,admu,"Campus Life",dlsu,92,2026-07-04T09:56:39.266Z
b8098388-33f2-456b-966f-83b2fee23294,admu,"Campus Life",up,83,2026-07-04T09:56:39.266Z
b8098388-33f2-456b-966f-83b2fee23294,admu,"Campus Life",ust,49,2026-07-04T09:56:39.266Z
b8098388-33f2-456b-966f-83b2fee23294,admu,"Values & Identity",admu,94,2026-07-04T09:56:39.266Z
b8098388-33f2-456b-966f-83b2fee23294,admu,"Values & Identity",dlsu,55,2026-07-04T09:56:39.266Z
b8098388-33f2-456b-966f-83b2fee23294,admu,"Values & Identity",up,82,2026-07-04T09:56:39.266Z
b8098388-33f2-456b-966f-83b2fee23294,admu,"Values & Identity",ust,54,2026-07-04T09:56:39.266Z
71f154f7-72d0-4c03-b688-421ee12ec8c4,up,"Academic Experience",admu,41,2026-07-04T10:30:39.607Z
71f154f7-72d0-4c03-b688-421ee12ec8c4,up,"Academic Experience",dlsu,37,2026-07-04T10:30:39.607Z
71f154f7-72d0-4c03-b688-421ee12ec8c4,up,"Academic Experience",up,80,2026-07-04T10:30:39.607Z
71f154f7-72d0-4c03-b688-421ee12ec8c4,up,"Academic Experience",ust,34,2026-07-04T10:30:39.607Z
71f154f7-72d0-4c03-b688-421ee12ec8c4,up,"Social & Cultural Fit",admu,69,2026-07-04T10:30:39.607Z
71f154f7-72d0-4c03-b688-421ee12ec8c4,up,"Social & Cultural Fit",dlsu,77,2026-07-04T10:30:39.607Z
71f154f7-72d0-4c03-b688-421ee12ec8c4,up,"Social & Cultural Fit",up,85,2026-07-04T10:30:39.607Z
71f154f7-72d0-4c03-b688-421ee12ec8c4,up,"Social & Cultural Fit",ust,69,2026-07-04T10:30:39.607Z
71f154f7-72d0-4c03-b688-421ee12ec8c4,up,"Campus Life",admu,68,2026-07-04T10:30:39.607Z
71f154f7-72d0-4c03-b688-421ee12ec8c4,up,"Campus Life",dlsu,54,2026-07-04T10:30:39.607Z
71f154f7-72d0-4c03-b688-421ee12ec8c4,up,"Campus Life",up,157,2026-07-04T10:30:39.607Z
71f154f7-72d0-4c03-b688-421ee12ec8c4,up,"Campus Life",ust,107,2026-07-04T10:30:39.607Z
71f154f7-72d0-4c03-b688-421ee12ec8c4,up,"Values & Identity",admu,69,2026-07-04T10:30:39.607Z
71f154f7-72d0-4c03-b688-421ee12ec8c4,up,"Values & Identity",dlsu,42,2026-07-04T10:30:39.607Z
71f154f7-72d0-4c03-b688-421ee12ec8c4,up,"Values & Identity",up,118,2026-07-04T10:30:39.607Z
71f154f7-72d0-4c03-b688-421ee12ec8c4,up,"Values & Identity",ust,32,2026-07-04T10:30:39.607Z
e1cea7a1-072a-42ab-a9ba-a322efdff456,admu,"Academic Experience",admu,113,2026-07-04T17:03:02.770Z
e1cea7a1-072a-42ab-a9ba-a322efdff456,admu,"Academic Experience",dlsu,43,2026-07-04T17:03:02.770Z
e1cea7a1-072a-42ab-a9ba-a322efdff456,admu,"Academic Experience",up,37,2026-07-04T17:03:02.770Z
e1cea7a1-072a-42ab-a9ba-a322efdff456,admu,"Academic Experience",ust,34,2026-07-04T17:03:02.770Z
e1cea7a1-072a-42ab-a9ba-a322efdff456,admu,"Social & Cultural Fit",admu,95,2026-07-04T17:03:02.770Z
e1cea7a1-072a-42ab-a9ba-a322efdff456,admu,"Social & Cultural Fit",dlsu,106,2026-07-04T17:03:02.770Z
e1cea7a1-072a-42ab-a9ba-a322efdff456,admu,"Social & Cultural Fit",up,29,2026-07-04T17:03:02.770Z
e1cea7a1-072a-42ab-a9ba-a322efdff456,admu,"Social & Cultural Fit",ust,57,2026-07-04T17:03:02.770Z
e1cea7a1-072a-42ab-a9ba-a322efdff456,admu,"Campus Life",admu,125,2026-07-04T17:03:02.770Z
e1cea7a1-072a-42ab-a9ba-a322efdff456,admu,"Campus Life",dlsu,94,2026-07-04T17:03:02.770Z
e1cea7a1-072a-42ab-a9ba-a322efdff456,admu,"Campus Life",up,93,2026-07-04T17:03:02.770Z
e1cea7a1-072a-42ab-a9ba-a322efdff456,admu,"Campus Life",ust,72,2026-07-04T17:03:02.770Z
e1cea7a1-072a-42ab-a9ba-a322efdff456,admu,"Values & Identity",admu,108,2026-07-04T17:03:02.770Z
e1cea7a1-072a-42ab-a9ba-a322efdff456,admu,"Values & Identity",dlsu,54,2026-07-04T17:03:02.770Z
e1cea7a1-072a-42ab-a9ba-a322efdff456,admu,"Values & Identity",up,74,2026-07-04T17:03:02.770Z
e1cea7a1-072a-42ab-a9ba-a322efdff456,admu,"Values & Identity",ust,45,2026-07-04T17:03:02.770Z
8303d2f0-9625-472b-881d-8790a09a6195,dlsu,"Academic Experience",admu,62,2026-07-04T18:09:28.301Z
8303d2f0-9625-472b-881d-8790a09a6195,dlsu,"Academic Experience",dlsu,86,2026-07-04T18:09:28.301Z
8303d2f0-9625-472b-881d-8790a09a6195,dlsu,"Academic Experience",up,5,2026-07-04T18:09:28.301Z
8303d2f0-9625-472b-881d-8790a09a6195,dlsu,"Academic Experience",ust,47,2026-07-04T18:09:28.301Z
8303d2f0-9625-472b-881d-8790a09a6195,dlsu,"Social & Cultural Fit",admu,82,2026-07-04T18:09:28.301Z
8303d2f0-9625-472b-881d-8790a09a6195,dlsu,"Social & Cultural Fit",dlsu,76,2026-07-04T18:09:28.301Z
8303d2f0-9625-472b-881d-8790a09a6195,dlsu,"Social & Cultural Fit",up,47,2026-07-04T18:09:28.301Z
8303d2f0-9625-472b-881d-8790a09a6195,dlsu,"Social & Cultural Fit",ust,59,2026-07-04T18:09:28.301Z
8303d2f0-9625-472b-881d-8790a09a6195,dlsu,"Campus Life",admu,87,2026-07-04T18:09:28.301Z
8303d2f0-9625-472b-881d-8790a09a6195,dlsu,"Campus Life",dlsu,128,2026-07-04T18:09:28.301Z
8303d2f0-9625-472b-881d-8790a09a6195,dlsu,"Campus Life",up,93,2026-07-04T18:09:28.301Z
8303d2f0-9625-472b-881d-8790a09a6195,dlsu,"Campus Life",ust,82,2026-07-04T18:09:28.301Z
8303d2f0-9625-472b-881d-8790a09a6195,dlsu,"Values & Identity",admu,73,2026-07-04T18:09:28.301Z
8303d2f0-9625-472b-881d-8790a09a6195,dlsu,"Values & Identity",dlsu,70,2026-07-04T18:09:28.301Z
8303d2f0-9625-472b-881d-8790a09a6195,dlsu,"Values & Identity",up,84,2026-07-04T18:09:28.301Z
8303d2f0-9625-472b-881d-8790a09a6195,dlsu,"Values & Identity",ust,28,2026-07-04T18:09:28.301Z
edd30198-01c2-458b-8bd2-d860c87cf48e,admu,"Academic Experience",admu,101,2026-07-04T20:58:34.580Z
edd30198-01c2-458b-8bd2-d860c87cf48e,admu,"Academic Experience",dlsu,38,2026-07-04T20:58:34.580Z
edd30198-01c2-458b-8bd2-d860c87cf48e,admu,"Academic Experience",up,41,2026-07-04T20:58:34.580Z
edd30198-01c2-458b-8bd2-d860c87cf48e,admu,"Academic Experience",ust,32,2026-07-04T20:58:34.580Z
edd30198-01c2-458b-8bd2-d860c87cf48e,admu,"Social & Cultural Fit",admu,120,2026-07-04T20:58:34.580Z
edd30198-01c2-458b-8bd2-d860c87cf48e,admu,"Social & Cultural Fit",dlsu,115,2026-07-04T20:58:34.580Z
edd30198-01c2-458b-8bd2-d860c87cf48e,admu,"Social & Cultural Fit",up,14,2026-07-04T20:58:34.580Z
edd30198-01c2-458b-8bd2-d860c87cf48e,admu,"Social & Cultural Fit",ust,38,2026-07-04T20:58:34.580Z
edd30198-01c2-458b-8bd2-d860c87cf48e,admu,"Campus Life",admu,130,2026-07-04T20:58:34.580Z
edd30198-01c2-458b-8bd2-d860c87cf48e,admu,"Campus Life",dlsu,112,2026-07-04T20:58:34.580Z
edd30198-01c2-458b-8bd2-d860c87cf48e,admu,"Campus Life",up,81,2026-07-04T20:58:34.580Z
edd30198-01c2-458b-8bd2-d860c87cf48e,admu,"Campus Life",ust,57,2026-07-04T20:58:34.580Z
edd30198-01c2-458b-8bd2-d860c87cf48e,admu,"Values & Identity",admu,121,2026-07-04T20:58:34.580Z
edd30198-01c2-458b-8bd2-d860c87cf48e,admu,"Values & Identity",dlsu,58,2026-07-04T20:58:34.580Z
edd30198-01c2-458b-8bd2-d860c87cf48e,admu,"Values & Identity",up,52,2026-07-04T20:58:34.580Z
edd30198-01c2-458b-8bd2-d860c87cf48e,admu,"Values & Identity",ust,38,2026-07-04T20:58:34.580Z
c82fcbc4-8fe6-4362-8096-78d97b5cf18c,admu,"Academic Experience",admu,99,2026-07-04T21:05:26.905Z
c82fcbc4-8fe6-4362-8096-78d97b5cf18c,admu,"Academic Experience",dlsu,61,2026-07-04T21:05:26.905Z
c82fcbc4-8fe6-4362-8096-78d97b5cf18c,admu,"Academic Experience",up,35,2026-07-04T21:05:26.905Z
c82fcbc4-8fe6-4362-8096-78d97b5cf18c,admu,"Academic Experience",ust,37,2026-07-04T21:05:26.905Z
c82fcbc4-8fe6-4362-8096-78d97b5cf18c,admu,"Social & Cultural Fit",admu,110,2026-07-04T21:05:26.905Z
c82fcbc4-8fe6-4362-8096-78d97b5cf18c,admu,"Social & Cultural Fit",dlsu,97,2026-07-04T21:05:26.905Z
c82fcbc4-8fe6-4362-8096-78d97b5cf18c,admu,"Social & Cultural Fit",up,34,2026-07-04T21:05:26.905Z
c82fcbc4-8fe6-4362-8096-78d97b5cf18c,admu,"Social & Cultural Fit",ust,42,2026-07-04T21:05:26.905Z
c82fcbc4-8fe6-4362-8096-78d97b5cf18c,admu,"Campus Life",admu,121,2026-07-04T21:05:26.905Z
c82fcbc4-8fe6-4362-8096-78d97b5cf18c,admu,"Campus Life",dlsu,98,2026-07-04T21:05:26.905Z
c82fcbc4-8fe6-4362-8096-78d97b5cf18c,admu,"Campus Life",up,92,2026-07-04T21:05:26.905Z
c82fcbc4-8fe6-4362-8096-78d97b5cf18c,admu,"Campus Life",ust,61,2026-07-04T21:05:26.905Z
c82fcbc4-8fe6-4362-8096-78d97b5cf18c,admu,"Values & Identity",admu,95,2026-07-04T21:05:26.905Z
c82fcbc4-8fe6-4362-8096-78d97b5cf18c,admu,"Values & Identity",dlsu,60,2026-07-04T21:05:26.905Z
c82fcbc4-8fe6-4362-8096-78d97b5cf18c,admu,"Values & Identity",up,69,2026-07-04T21:05:26.905Z
c82fcbc4-8fe6-4362-8096-78d97b5cf18c,admu,"Values & Identity",ust,57,2026-07-04T21:05:26.905Z
bb3cecca-1149-478a-bbc4-7deee6eb2e42,dlsu,"Academic Experience",admu,65,2026-07-05T00:27:44.917Z
bb3cecca-1149-478a-bbc4-7deee6eb2e42,dlsu,"Academic Experience",dlsu,110,2026-07-05T00:27:44.917Z
bb3cecca-1149-478a-bbc4-7deee6eb2e42,dlsu,"Academic Experience",up,7,2026-07-05T00:27:44.917Z
bb3cecca-1149-478a-bbc4-7deee6eb2e42,dlsu,"Academic Experience",ust,30,2026-07-05T00:27:44.917Z
bb3cecca-1149-478a-bbc4-7deee6eb2e42,dlsu,"Social & Cultural Fit",admu,74,2026-07-05T00:27:44.917Z
bb3cecca-1149-478a-bbc4-7deee6eb2e42,dlsu,"Social & Cultural Fit",dlsu,91,2026-07-05T00:27:44.917Z
bb3cecca-1149-478a-bbc4-7deee6eb2e42,dlsu,"Social & Cultural Fit",up,71,2026-07-05T00:27:44.917Z
bb3cecca-1149-478a-bbc4-7deee6eb2e42,dlsu,"Social & Cultural Fit",ust,52,2026-07-05T00:27:44.917Z
bb3cecca-1149-478a-bbc4-7deee6eb2e42,dlsu,"Campus Life",admu,76,2026-07-05T00:27:44.917Z
bb3cecca-1149-478a-bbc4-7deee6eb2e42,dlsu,"Campus Life",dlsu,157,2026-07-05T00:27:44.917Z
bb3cecca-1149-478a-bbc4-7deee6eb2e42,dlsu,"Campus Life",up,58,2026-07-05T00:27:44.917Z
bb3cecca-1149-478a-bbc4-7deee6eb2e42,dlsu,"Campus Life",ust,86,2026-07-05T00:27:44.917Z
bb3cecca-1149-478a-bbc4-7deee6eb2e42,dlsu,"Values & Identity",admu,74,2026-07-05T00:27:44.917Z
bb3cecca-1149-478a-bbc4-7deee6eb2e42,dlsu,"Values & Identity",dlsu,114,2026-07-05T00:27:44.917Z
bb3cecca-1149-478a-bbc4-7deee6eb2e42,dlsu,"Values & Identity",up,47,2026-07-05T00:27:44.917Z
bb3cecca-1149-478a-bbc4-7deee6eb2e42,dlsu,"Values & Identity",ust,39,2026-07-05T00:27:44.917Z
b63026c2-9469-48ce-a081-2b7764edfb78,dlsu,"Academic Experience",admu,53,2026-07-05T00:32:06.253Z
b63026c2-9469-48ce-a081-2b7764edfb78,dlsu,"Academic Experience",dlsu,124,2026-07-05T00:32:06.253Z
b63026c2-9469-48ce-a081-2b7764edfb78,dlsu,"Academic Experience",up,6,2026-07-05T00:32:06.253Z
b63026c2-9469-48ce-a081-2b7764edfb78,dlsu,"Academic Experience",ust,31,2026-07-05T00:32:06.253Z
b63026c2-9469-48ce-a081-2b7764edfb78,dlsu,"Social & Cultural Fit",admu,95,2026-07-05T00:32:06.253Z
b63026c2-9469-48ce-a081-2b7764edfb78,dlsu,"Social & Cultural Fit",dlsu,111,2026-07-05T00:32:06.253Z
b63026c2-9469-48ce-a081-2b7764edfb78,dlsu,"Social & Cultural Fit",up,46,2026-07-05T00:32:06.253Z
b63026c2-9469-48ce-a081-2b7764edfb78,dlsu,"Social & Cultural Fit",ust,52,2026-07-05T00:32:06.253Z
b63026c2-9469-48ce-a081-2b7764edfb78,dlsu,"Campus Life",admu,79,2026-07-05T00:32:06.253Z
b63026c2-9469-48ce-a081-2b7764edfb78,dlsu,"Campus Life",dlsu,169,2026-07-05T00:32:06.253Z
b63026c2-9469-48ce-a081-2b7764edfb78,dlsu,"Campus Life",up,55,2026-07-05T00:32:06.253Z
b63026c2-9469-48ce-a081-2b7764edfb78,dlsu,"Campus Life",ust,72,2026-07-05T00:32:06.253Z
b63026c2-9469-48ce-a081-2b7764edfb78,dlsu,"Values & Identity",admu,66,2026-07-05T00:32:06.253Z
b63026c2-9469-48ce-a081-2b7764edfb78,dlsu,"Values & Identity",dlsu,116,2026-07-05T00:32:06.253Z
b63026c2-9469-48ce-a081-2b7764edfb78,dlsu,"Values & Identity",up,39,2026-07-05T00:32:06.253Z
b63026c2-9469-48ce-a081-2b7764edfb78,dlsu,"Values & Identity",ust,49,2026-07-05T00:32:06.253Z
ba8ef94b-d962-4bd5-9a7c-42144329fbfb,admu,"Academic Experience",admu,99,2026-07-05T01:33:25.730Z
ba8ef94b-d962-4bd5-9a7c-42144329fbfb,admu,"Academic Experience",dlsu,54,2026-07-05T01:33:25.730Z
ba8ef94b-d962-4bd5-9a7c-42144329fbfb,admu,"Academic Experience",up,36,2026-07-05T01:33:25.730Z
ba8ef94b-d962-4bd5-9a7c-42144329fbfb,admu,"Academic Experience",ust,31,2026-07-05T01:33:25.730Z
ba8ef94b-d962-4bd5-9a7c-42144329fbfb,admu,"Social & Cultural Fit",admu,103,2026-07-05T01:33:25.730Z
ba8ef94b-d962-4bd5-9a7c-42144329fbfb,admu,"Social & Cultural Fit",dlsu,107,2026-07-05T01:33:25.730Z
ba8ef94b-d962-4bd5-9a7c-42144329fbfb,admu,"Social & Cultural Fit",up,20,2026-07-05T01:33:25.730Z
ba8ef94b-d962-4bd5-9a7c-42144329fbfb,admu,"Social & Cultural Fit",ust,51,2026-07-05T01:33:25.730Z
ba8ef94b-d962-4bd5-9a7c-42144329fbfb,admu,"Campus Life",admu,140,2026-07-05T01:33:25.730Z
ba8ef94b-d962-4bd5-9a7c-42144329fbfb,admu,"Campus Life",dlsu,102,2026-07-05T01:33:25.730Z
ba8ef94b-d962-4bd5-9a7c-42144329fbfb,admu,"Campus Life",up,73,2026-07-05T01:33:25.730Z
ba8ef94b-d962-4bd5-9a7c-42144329fbfb,admu,"Campus Life",ust,53,2026-07-05T01:33:25.730Z
ba8ef94b-d962-4bd5-9a7c-42144329fbfb,admu,"Values & Identity",admu,129,2026-07-05T01:33:25.730Z
ba8ef94b-d962-4bd5-9a7c-42144329fbfb,admu,"Values & Identity",dlsu,56,2026-07-05T01:33:25.730Z
ba8ef94b-d962-4bd5-9a7c-42144329fbfb,admu,"Values & Identity",up,60,2026-07-05T01:33:25.730Z
ba8ef94b-d962-4bd5-9a7c-42144329fbfb,admu,"Values & Identity",ust,28,2026-07-05T01:33:25.730Z
ff60aafc-24f0-469f-9507-1962ca2127a5,admu,"Academic Experience",admu,84,2026-07-05T04:01:34.802Z
ff60aafc-24f0-469f-9507-1962ca2127a5,admu,"Academic Experience",dlsu,41,2026-07-05T04:01:34.802Z
ff60aafc-24f0-469f-9507-1962ca2127a5,admu,"Academic Experience",up,50,2026-07-05T04:01:34.802Z
ff60aafc-24f0-469f-9507-1962ca2127a5,admu,"Academic Experience",ust,45,2026-07-05T04:01:34.802Z
ff60aafc-24f0-469f-9507-1962ca2127a5,admu,"Social & Cultural Fit",admu,120,2026-07-05T04:01:34.802Z
ff60aafc-24f0-469f-9507-1962ca2127a5,admu,"Social & Cultural Fit",dlsu,115,2026-07-05T04:01:34.802Z
ff60aafc-24f0-469f-9507-1962ca2127a5,admu,"Social & Cultural Fit",up,14,2026-07-05T04:01:34.802Z
ff60aafc-24f0-469f-9507-1962ca2127a5,admu,"Social & Cultural Fit",ust,38,2026-07-05T04:01:34.802Z
ff60aafc-24f0-469f-9507-1962ca2127a5,admu,"Campus Life",admu,130,2026-07-05T04:01:34.802Z
ff60aafc-24f0-469f-9507-1962ca2127a5,admu,"Campus Life",dlsu,101,2026-07-05T04:01:34.802Z
ff60aafc-24f0-469f-9507-1962ca2127a5,admu,"Campus Life",up,75,2026-07-05T04:01:34.802Z
ff60aafc-24f0-469f-9507-1962ca2127a5,admu,"Campus Life",ust,47,2026-07-05T04:01:34.802Z
ff60aafc-24f0-469f-9507-1962ca2127a5,admu,"Values & Identity",admu,95,2026-07-05T04:01:34.802Z
ff60aafc-24f0-469f-9507-1962ca2127a5,admu,"Values & Identity",dlsu,55,2026-07-05T04:01:34.802Z
ff60aafc-24f0-469f-9507-1962ca2127a5,admu,"Values & Identity",up,87,2026-07-05T04:01:34.802Z
ff60aafc-24f0-469f-9507-1962ca2127a5,admu,"Values & Identity",ust,62,2026-07-05T04:01:34.802Z
80231cf0-fbea-4187-8aa7-f1c4a7e7d8de,up,"Academic Experience",admu,61,2026-07-05T08:29:33.614Z
80231cf0-fbea-4187-8aa7-f1c4a7e7d8de,up,"Academic Experience",dlsu,40,2026-07-05T08:29:33.614Z
80231cf0-fbea-4187-8aa7-f1c4a7e7d8de,up,"Academic Experience",up,101,2026-07-05T08:29:33.614Z
80231cf0-fbea-4187-8aa7-f1c4a7e7d8de,up,"Academic Experience",ust,14,2026-07-05T08:29:33.614Z
80231cf0-fbea-4187-8aa7-f1c4a7e7d8de,up,"Social & Cultural Fit",admu,41,2026-07-05T08:29:33.614Z
80231cf0-fbea-4187-8aa7-f1c4a7e7d8de,up,"Social & Cultural Fit",dlsu,32,2026-07-05T08:29:33.614Z
80231cf0-fbea-4187-8aa7-f1c4a7e7d8de,up,"Social & Cultural Fit",up,136,2026-07-05T08:29:33.614Z
80231cf0-fbea-4187-8aa7-f1c4a7e7d8de,up,"Social & Cultural Fit",ust,91,2026-07-05T08:29:33.614Z
80231cf0-fbea-4187-8aa7-f1c4a7e7d8de,up,"Campus Life",admu,83,2026-07-05T08:29:33.614Z
80231cf0-fbea-4187-8aa7-f1c4a7e7d8de,up,"Campus Life",dlsu,64,2026-07-05T08:29:33.614Z
80231cf0-fbea-4187-8aa7-f1c4a7e7d8de,up,"Campus Life",up,148,2026-07-05T08:29:33.614Z
80231cf0-fbea-4187-8aa7-f1c4a7e7d8de,up,"Campus Life",ust,83,2026-07-05T08:29:33.614Z
80231cf0-fbea-4187-8aa7-f1c4a7e7d8de,up,"Values & Identity",admu,63,2026-07-05T08:29:33.614Z
80231cf0-fbea-4187-8aa7-f1c4a7e7d8de,up,"Values & Identity",dlsu,42,2026-07-05T08:29:33.614Z
80231cf0-fbea-4187-8aa7-f1c4a7e7d8de,up,"Values & Identity",up,100,2026-07-05T08:29:33.614Z
80231cf0-fbea-4187-8aa7-f1c4a7e7d8de,up,"Values & Identity",ust,26,2026-07-05T08:29:33.614Z
cb945c23-7374-43ad-989a-e28940a4a6eb,admu,"Academic Experience",admu,113,2026-07-05T09:38:22.268Z
cb945c23-7374-43ad-989a-e28940a4a6eb,admu,"Academic Experience",dlsu,43,2026-07-05T09:38:22.268Z
cb945c23-7374-43ad-989a-e28940a4a6eb,admu,"Academic Experience",up,37,2026-07-05T09:38:22.268Z
cb945c23-7374-43ad-989a-e28940a4a6eb,admu,"Academic Experience",ust,34,2026-07-05T09:38:22.268Z
cb945c23-7374-43ad-989a-e28940a4a6eb,admu,"Social & Cultural Fit",admu,110,2026-07-05T09:38:22.268Z
cb945c23-7374-43ad-989a-e28940a4a6eb,admu,"Social & Cultural Fit",dlsu,111,2026-07-05T09:38:22.268Z
cb945c23-7374-43ad-989a-e28940a4a6eb,admu,"Social & Cultural Fit",up,17,2026-07-05T09:38:22.268Z
cb945c23-7374-43ad-989a-e28940a4a6eb,admu,"Social & Cultural Fit",ust,50,2026-07-05T09:38:22.268Z
cb945c23-7374-43ad-989a-e28940a4a6eb,admu,"Campus Life",admu,138,2026-07-05T09:38:22.268Z
cb945c23-7374-43ad-989a-e28940a4a6eb,admu,"Campus Life",dlsu,92,2026-07-05T09:38:22.268Z
cb945c23-7374-43ad-989a-e28940a4a6eb,admu,"Campus Life",up,83,2026-07-05T09:38:22.268Z
cb945c23-7374-43ad-989a-e28940a4a6eb,admu,"Campus Life",ust,49,2026-07-05T09:38:22.268Z
cb945c23-7374-43ad-989a-e28940a4a6eb,admu,"Values & Identity",admu,105,2026-07-05T09:38:22.268Z
cb945c23-7374-43ad-989a-e28940a4a6eb,admu,"Values & Identity",dlsu,59,2026-07-05T09:38:22.268Z
cb945c23-7374-43ad-989a-e28940a4a6eb,admu,"Values & Identity",up,35,2026-07-05T09:38:22.268Z
cb945c23-7374-43ad-989a-e28940a4a6eb,admu,"Values & Identity",ust,52,2026-07-05T09:38:22.268Z
11b8d543-644d-419a-a268-b668d12fc0bc,dlsu,"Academic Experience",admu,42,2026-07-05T09:41:57.345Z
11b8d543-644d-419a-a268-b668d12fc0bc,dlsu,"Academic Experience",dlsu,82,2026-07-05T09:41:57.345Z
11b8d543-644d-419a-a268-b668d12fc0bc,dlsu,"Academic Experience",up,25,2026-07-05T09:41:57.345Z
11b8d543-644d-419a-a268-b668d12fc0bc,dlsu,"Academic Experience",ust,46,2026-07-05T09:41:57.345Z
11b8d543-644d-419a-a268-b668d12fc0bc,dlsu,"Social & Cultural Fit",admu,78,2026-07-05T09:41:57.345Z
11b8d543-644d-419a-a268-b668d12fc0bc,dlsu,"Social & Cultural Fit",dlsu,100,2026-07-05T09:41:57.345Z
11b8d543-644d-419a-a268-b668d12fc0bc,dlsu,"Social & Cultural Fit",up,72,2026-07-05T09:41:57.345Z
11b8d543-644d-419a-a268-b668d12fc0bc,dlsu,"Social & Cultural Fit",ust,70,2026-07-05T09:41:57.345Z
11b8d543-644d-419a-a268-b668d12fc0bc,dlsu,"Campus Life",admu,90,2026-07-05T09:41:57.345Z
11b8d543-644d-419a-a268-b668d12fc0bc,dlsu,"Campus Life",dlsu,124,2026-07-05T09:41:57.345Z
11b8d543-644d-419a-a268-b668d12fc0bc,dlsu,"Campus Life",up,57,2026-07-05T09:41:57.345Z
11b8d543-644d-419a-a268-b668d12fc0bc,dlsu,"Campus Life",ust,90,2026-07-05T09:41:57.345Z
11b8d543-644d-419a-a268-b668d12fc0bc,dlsu,"Values & Identity",admu,71,2026-07-05T09:41:57.345Z
11b8d543-644d-419a-a268-b668d12fc0bc,dlsu,"Values & Identity",dlsu,83,2026-07-05T09:41:57.345Z
11b8d543-644d-419a-a268-b668d12fc0bc,dlsu,"Values & Identity",up,75,2026-07-05T09:41:57.345Z
11b8d543-644d-419a-a268-b668d12fc0bc,dlsu,"Values & Identity",ust,64,2026-07-05T09:41:57.345Z
1ebf2bd1-660b-4fee-97d8-40eb2e40121b,up,"Academic Experience",admu,55,2026-07-05T09:42:43.192Z
1ebf2bd1-660b-4fee-97d8-40eb2e40121b,up,"Academic Experience",dlsu,43,2026-07-05T09:42:43.192Z
1ebf2bd1-660b-4fee-97d8-40eb2e40121b,up,"Academic Experience",up,70,2026-07-05T09:42:43.192Z
1ebf2bd1-660b-4fee-97d8-40eb2e40121b,up,"Academic Experience",ust,41,2026-07-05T09:42:43.192Z
1ebf2bd1-660b-4fee-97d8-40eb2e40121b,up,"Social & Cultural Fit",admu,57,2026-07-05T09:42:43.192Z
1ebf2bd1-660b-4fee-97d8-40eb2e40121b,up,"Social & Cultural Fit",dlsu,45,2026-07-05T09:42:43.192Z
1ebf2bd1-660b-4fee-97d8-40eb2e40121b,up,"Social & Cultural Fit",up,100,2026-07-05T09:42:43.192Z
1ebf2bd1-660b-4fee-97d8-40eb2e40121b,up,"Social & Cultural Fit",ust,79,2026-07-05T09:42:43.192Z
1ebf2bd1-660b-4fee-97d8-40eb2e40121b,up,"Campus Life",admu,83,2026-07-05T09:42:43.192Z
1ebf2bd1-660b-4fee-97d8-40eb2e40121b,up,"Campus Life",dlsu,42,2026-07-05T09:42:43.192Z
1ebf2bd1-660b-4fee-97d8-40eb2e40121b,up,"Campus Life",up,132,2026-07-05T09:42:43.192Z
1ebf2bd1-660b-4fee-97d8-40eb2e40121b,up,"Campus Life",ust,100,2026-07-05T09:42:43.192Z
1ebf2bd1-660b-4fee-97d8-40eb2e40121b,up,"Values & Identity",admu,70,2026-07-05T09:42:43.192Z
1ebf2bd1-660b-4fee-97d8-40eb2e40121b,up,"Values & Identity",dlsu,45,2026-07-05T09:42:43.192Z
1ebf2bd1-660b-4fee-97d8-40eb2e40121b,up,"Values & Identity",up,122,2026-07-05T09:42:43.192Z
1ebf2bd1-660b-4fee-97d8-40eb2e40121b,up,"Values & Identity",ust,34,2026-07-05T09:42:43.192Z
918404af-e157-48ef-9139-87ff0603d8bc,dlsu,"Academic Experience",admu,65,2026-07-05T13:44:17.897Z
918404af-e157-48ef-9139-87ff0603d8bc,dlsu,"Academic Experience",dlsu,110,2026-07-05T13:44:17.897Z
918404af-e157-48ef-9139-87ff0603d8bc,dlsu,"Academic Experience",up,7,2026-07-05T13:44:17.897Z
918404af-e157-48ef-9139-87ff0603d8bc,dlsu,"Academic Experience",ust,30,2026-07-05T13:44:17.897Z
918404af-e157-48ef-9139-87ff0603d8bc,dlsu,"Social & Cultural Fit",admu,75,2026-07-05T13:44:17.897Z
918404af-e157-48ef-9139-87ff0603d8bc,dlsu,"Social & Cultural Fit",dlsu,86,2026-07-05T13:44:17.897Z
918404af-e157-48ef-9139-87ff0603d8bc,dlsu,"Social & Cultural Fit",up,87,2026-07-05T13:44:17.897Z
918404af-e157-48ef-9139-87ff0603d8bc,dlsu,"Social & Cultural Fit",ust,88,2026-07-05T13:44:17.897Z
918404af-e157-48ef-9139-87ff0603d8bc,dlsu,"Campus Life",admu,67,2026-07-05T13:44:17.897Z
918404af-e157-48ef-9139-87ff0603d8bc,dlsu,"Campus Life",dlsu,156,2026-07-05T13:44:17.897Z
918404af-e157-48ef-9139-87ff0603d8bc,dlsu,"Campus Life",up,61,2026-07-05T13:44:17.897Z
918404af-e157-48ef-9139-87ff0603d8bc,dlsu,"Campus Life",ust,72,2026-07-05T13:44:17.897Z
918404af-e157-48ef-9139-87ff0603d8bc,dlsu,"Values & Identity",admu,77,2026-07-05T13:44:17.897Z
918404af-e157-48ef-9139-87ff0603d8bc,dlsu,"Values & Identity",dlsu,71,2026-07-05T13:44:17.897Z
918404af-e157-48ef-9139-87ff0603d8bc,dlsu,"Values & Identity",up,63,2026-07-05T13:44:17.897Z
918404af-e157-48ef-9139-87ff0603d8bc,dlsu,"Values & Identity",ust,53,2026-07-05T13:44:17.897Z
273080b4-79bf-4858-8a54-ba3e50e8d99d,dlsu,"Academic Experience",admu,47,2026-07-05T13:56:03.041Z
273080b4-79bf-4858-8a54-ba3e50e8d99d,dlsu,"Academic Experience",dlsu,89,2026-07-05T13:56:03.041Z
273080b4-79bf-4858-8a54-ba3e50e8d99d,dlsu,"Academic Experience",up,24,2026-07-05T13:56:03.041Z
273080b4-79bf-4858-8a54-ba3e50e8d99d,dlsu,"Academic Experience",ust,44,2026-07-05T13:56:03.041Z
273080b4-79bf-4858-8a54-ba3e50e8d99d,dlsu,"Social & Cultural Fit",admu,100,2026-07-05T13:56:03.041Z
273080b4-79bf-4858-8a54-ba3e50e8d99d,dlsu,"Social & Cultural Fit",dlsu,122,2026-07-05T13:56:03.041Z
273080b4-79bf-4858-8a54-ba3e50e8d99d,dlsu,"Social & Cultural Fit",up,38,2026-07-05T13:56:03.041Z
273080b4-79bf-4858-8a54-ba3e50e8d99d,dlsu,"Social & Cultural Fit",ust,54,2026-07-05T13:56:03.041Z
273080b4-79bf-4858-8a54-ba3e50e8d99d,dlsu,"Campus Life",admu,79,2026-07-05T13:56:03.041Z
273080b4-79bf-4858-8a54-ba3e50e8d99d,dlsu,"Campus Life",dlsu,159,2026-07-05T13:56:03.041Z
273080b4-79bf-4858-8a54-ba3e50e8d99d,dlsu,"Campus Life",up,61,2026-07-05T13:56:03.041Z
273080b4-79bf-4858-8a54-ba3e50e8d99d,dlsu,"Campus Life",ust,79,2026-07-05T13:56:03.041Z
273080b4-79bf-4858-8a54-ba3e50e8d99d,dlsu,"Values & Identity",admu,66,2026-07-05T13:56:03.041Z
273080b4-79bf-4858-8a54-ba3e50e8d99d,dlsu,"Values & Identity",dlsu,116,2026-07-05T13:56:03.041Z
273080b4-79bf-4858-8a54-ba3e50e8d99d,dlsu,"Values & Identity",up,39,2026-07-05T13:56:03.041Z
273080b4-79bf-4858-8a54-ba3e50e8d99d,dlsu,"Values & Identity",ust,49,2026-07-05T13:56:03.041Z
ce817367-1c61-42fd-a0c5-4d8e11eeeead,dlsu,"Academic Experience",admu,48,2026-07-05T14:16:01.892Z
ce817367-1c61-42fd-a0c5-4d8e11eeeead,dlsu,"Academic Experience",dlsu,91,2026-07-05T14:16:01.892Z
ce817367-1c61-42fd-a0c5-4d8e11eeeead,dlsu,"Academic Experience",up,33,2026-07-05T14:16:01.892Z
ce817367-1c61-42fd-a0c5-4d8e11eeeead,dlsu,"Academic Experience",ust,35,2026-07-05T14:16:01.892Z
ce817367-1c61-42fd-a0c5-4d8e11eeeead,dlsu,"Social & Cultural Fit",admu,96,2026-07-05T14:16:01.892Z
ce817367-1c61-42fd-a0c5-4d8e11eeeead,dlsu,"Social & Cultural Fit",dlsu,106,2026-07-05T14:16:01.892Z
ce817367-1c61-42fd-a0c5-4d8e11eeeead,dlsu,"Social & Cultural Fit",up,58,2026-07-05T14:16:01.892Z
ce817367-1c61-42fd-a0c5-4d8e11eeeead,dlsu,"Social & Cultural Fit",ust,68,2026-07-05T14:16:01.892Z
ce817367-1c61-42fd-a0c5-4d8e11eeeead,dlsu,"Campus Life",admu,79,2026-07-05T14:16:01.892Z
ce817367-1c61-42fd-a0c5-4d8e11eeeead,dlsu,"Campus Life",dlsu,147,2026-07-05T14:16:01.892Z
ce817367-1c61-42fd-a0c5-4d8e11eeeead,dlsu,"Campus Life",up,62,2026-07-05T14:16:01.892Z
ce817367-1c61-42fd-a0c5-4d8e11eeeead,dlsu,"Campus Life",ust,80,2026-07-05T14:16:01.892Z
ce817367-1c61-42fd-a0c5-4d8e11eeeead,dlsu,"Values & Identity",admu,69,2026-07-05T14:16:01.892Z
ce817367-1c61-42fd-a0c5-4d8e11eeeead,dlsu,"Values & Identity",dlsu,93,2026-07-05T14:16:01.892Z
ce817367-1c61-42fd-a0c5-4d8e11eeeead,dlsu,"Values & Identity",up,58,2026-07-05T14:16:01.892Z
ce817367-1c61-42fd-a0c5-4d8e11eeeead,dlsu,"Values & Identity",ust,76,2026-07-05T14:16:01.892Z
f53dc4f5-5fad-4b3c-a9c3-4e762063869d,admu,"Academic Experience",admu,93,2026-07-05T15:10:11.678Z
f53dc4f5-5fad-4b3c-a9c3-4e762063869d,admu,"Academic Experience",dlsu,81,2026-07-05T15:10:11.678Z
f53dc4f5-5fad-4b3c-a9c3-4e762063869d,admu,"Academic Experience",up,10,2026-07-05T15:10:11.678Z
f53dc4f5-5fad-4b3c-a9c3-4e762063869d,admu,"Academic Experience",ust,30,2026-07-05T15:10:11.678Z
f53dc4f5-5fad-4b3c-a9c3-4e762063869d,admu,"Social & Cultural Fit",admu,110,2026-07-05T15:10:11.678Z
f53dc4f5-5fad-4b3c-a9c3-4e762063869d,admu,"Social & Cultural Fit",dlsu,116,2026-07-05T15:10:11.678Z
f53dc4f5-5fad-4b3c-a9c3-4e762063869d,admu,"Social & Cultural Fit",up,34,2026-07-05T15:10:11.678Z
f53dc4f5-5fad-4b3c-a9c3-4e762063869d,admu,"Social & Cultural Fit",ust,45,2026-07-05T15:10:11.678Z
f53dc4f5-5fad-4b3c-a9c3-4e762063869d,admu,"Campus Life",admu,136,2026-07-05T15:10:11.678Z
f53dc4f5-5fad-4b3c-a9c3-4e762063869d,admu,"Campus Life",dlsu,96,2026-07-05T15:10:11.678Z
f53dc4f5-5fad-4b3c-a9c3-4e762063869d,admu,"Campus Life",up,80,2026-07-05T15:10:11.678Z
f53dc4f5-5fad-4b3c-a9c3-4e762063869d,admu,"Campus Life",ust,59,2026-07-05T15:10:11.678Z
f53dc4f5-5fad-4b3c-a9c3-4e762063869d,admu,"Values & Identity",admu,110,2026-07-05T15:10:11.678Z
f53dc4f5-5fad-4b3c-a9c3-4e762063869d,admu,"Values & Identity",dlsu,55,2026-07-05T15:10:11.678Z
f53dc4f5-5fad-4b3c-a9c3-4e762063869d,admu,"Values & Identity",up,62,2026-07-05T15:10:11.678Z
f53dc4f5-5fad-4b3c-a9c3-4e762063869d,admu,"Values & Identity",ust,30,2026-07-05T15:10:11.678Z
e987f29a-9919-45ef-89b8-835149fd904e,admu,"Academic Experience",admu,99,2026-07-05T15:21:57.641Z
e987f29a-9919-45ef-89b8-835149fd904e,admu,"Academic Experience",dlsu,61,2026-07-05T15:21:57.641Z
e987f29a-9919-45ef-89b8-835149fd904e,admu,"Academic Experience",up,35,2026-07-05T15:21:57.641Z
e987f29a-9919-45ef-89b8-835149fd904e,admu,"Academic Experience",ust,37,2026-07-05T15:21:57.641Z
e987f29a-9919-45ef-89b8-835149fd904e,admu,"Social & Cultural Fit",admu,100,2026-07-05T15:21:57.641Z
e987f29a-9919-45ef-89b8-835149fd904e,admu,"Social & Cultural Fit",dlsu,80,2026-07-05T15:21:57.641Z
e987f29a-9919-45ef-89b8-835149fd904e,admu,"Social & Cultural Fit",up,41,2026-07-05T15:21:57.641Z
e987f29a-9919-45ef-89b8-835149fd904e,admu,"Social & Cultural Fit",ust,50,2026-07-05T15:21:57.641Z
e987f29a-9919-45ef-89b8-835149fd904e,admu,"Campus Life",admu,134,2026-07-05T15:21:57.641Z
e987f29a-9919-45ef-89b8-835149fd904e,admu,"Campus Life",dlsu,94,2026-07-05T15:21:57.641Z
e987f29a-9919-45ef-89b8-835149fd904e,admu,"Campus Life",up,75,2026-07-05T15:21:57.641Z
e987f29a-9919-45ef-89b8-835149fd904e,admu,"Campus Life",ust,41,2026-07-05T15:21:57.641Z
e987f29a-9919-45ef-89b8-835149fd904e,admu,"Values & Identity",admu,119,2026-07-05T15:21:57.641Z
e987f29a-9919-45ef-89b8-835149fd904e,admu,"Values & Identity",dlsu,70,2026-07-05T15:21:57.641Z
e987f29a-9919-45ef-89b8-835149fd904e,admu,"Values & Identity",up,54,2026-07-05T15:21:57.641Z
e987f29a-9919-45ef-89b8-835149fd904e,admu,"Values & Identity",ust,26,2026-07-05T15:21:57.641Z
606eb9ad-ccec-4f15-9398-ef80ba951c25,up,"Academic Experience",admu,68,2026-07-05T16:56:52.429Z
606eb9ad-ccec-4f15-9398-ef80ba951c25,up,"Academic Experience",dlsu,32,2026-07-05T16:56:52.429Z
606eb9ad-ccec-4f15-9398-ef80ba951c25,up,"Academic Experience",up,73,2026-07-05T16:56:52.429Z
606eb9ad-ccec-4f15-9398-ef80ba951c25,up,"Academic Experience",ust,41,2026-07-05T16:56:52.429Z
606eb9ad-ccec-4f15-9398-ef80ba951c25,up,"Social & Cultural Fit",admu,55,2026-07-05T16:56:52.429Z
606eb9ad-ccec-4f15-9398-ef80ba951c25,up,"Social & Cultural Fit",dlsu,52,2026-07-05T16:56:52.429Z
606eb9ad-ccec-4f15-9398-ef80ba951c25,up,"Social & Cultural Fit",up,88,2026-07-05T16:56:52.429Z
606eb9ad-ccec-4f15-9398-ef80ba951c25,up,"Social & Cultural Fit",ust,65,2026-07-05T16:56:52.429Z
606eb9ad-ccec-4f15-9398-ef80ba951c25,up,"Campus Life",admu,78,2026-07-05T16:56:52.429Z
606eb9ad-ccec-4f15-9398-ef80ba951c25,up,"Campus Life",dlsu,76,2026-07-05T16:56:52.429Z
606eb9ad-ccec-4f15-9398-ef80ba951c25,up,"Campus Life",up,142,2026-07-05T16:56:52.429Z
606eb9ad-ccec-4f15-9398-ef80ba951c25,up,"Campus Life",ust,94,2026-07-05T16:56:52.429Z
606eb9ad-ccec-4f15-9398-ef80ba951c25,up,"Values & Identity",admu,62,2026-07-05T16:56:52.429Z
606eb9ad-ccec-4f15-9398-ef80ba951c25,up,"Values & Identity",dlsu,45,2026-07-05T16:56:52.429Z
606eb9ad-ccec-4f15-9398-ef80ba951c25,up,"Values & Identity",up,116,2026-07-05T16:56:52.429Z
606eb9ad-ccec-4f15-9398-ef80ba951c25,up,"Values & Identity",ust,42,2026-07-05T16:56:52.429Z
f960dfb6-211b-49e7-9822-7b06fc464ef3,admu,"Academic Experience",admu,113,2026-07-05T18:33:18.309Z
f960dfb6-211b-49e7-9822-7b06fc464ef3,admu,"Academic Experience",dlsu,43,2026-07-05T18:33:18.309Z
f960dfb6-211b-49e7-9822-7b06fc464ef3,admu,"Academic Experience",up,37,2026-07-05T18:33:18.309Z
f960dfb6-211b-49e7-9822-7b06fc464ef3,admu,"Academic Experience",ust,34,2026-07-05T18:33:18.309Z
f960dfb6-211b-49e7-9822-7b06fc464ef3,admu,"Social & Cultural Fit",admu,88,2026-07-05T18:33:18.309Z
f960dfb6-211b-49e7-9822-7b06fc464ef3,admu,"Social & Cultural Fit",dlsu,94,2026-07-05T18:33:18.309Z
f960dfb6-211b-49e7-9822-7b06fc464ef3,admu,"Social & Cultural Fit",up,68,2026-07-05T18:33:18.309Z
f960dfb6-211b-49e7-9822-7b06fc464ef3,admu,"Social & Cultural Fit",ust,61,2026-07-05T18:33:18.309Z
f960dfb6-211b-49e7-9822-7b06fc464ef3,admu,"Campus Life",admu,104,2026-07-05T18:33:18.309Z
f960dfb6-211b-49e7-9822-7b06fc464ef3,admu,"Campus Life",dlsu,114,2026-07-05T18:33:18.309Z
f960dfb6-211b-49e7-9822-7b06fc464ef3,admu,"Campus Life",up,75,2026-07-05T18:33:18.309Z
f960dfb6-211b-49e7-9822-7b06fc464ef3,admu,"Campus Life",ust,70,2026-07-05T18:33:18.309Z
f960dfb6-211b-49e7-9822-7b06fc464ef3,admu,"Values & Identity",admu,112,2026-07-05T18:33:18.309Z
f960dfb6-211b-49e7-9822-7b06fc464ef3,admu,"Values & Identity",dlsu,57,2026-07-05T18:33:18.309Z
f960dfb6-211b-49e7-9822-7b06fc464ef3,admu,"Values & Identity",up,68,2026-07-05T18:33:18.309Z
f960dfb6-211b-49e7-9822-7b06fc464ef3,admu,"Values & Identity",ust,38,2026-07-05T18:33:18.309Z
30c21cda-c37c-4eca-bbfa-7c74412e1d80,admu,"Academic Experience",admu,61,2026-07-05T19:22:35.028Z
30c21cda-c37c-4eca-bbfa-7c74412e1d80,admu,"Academic Experience",dlsu,37,2026-07-05T19:22:35.028Z
30c21cda-c37c-4eca-bbfa-7c74412e1d80,admu,"Academic Experience",up,15,2026-07-05T19:22:35.028Z
30c21cda-c37c-4eca-bbfa-7c74412e1d80,admu,"Academic Experience",ust,83,2026-07-05T19:22:35.028Z
30c21cda-c37c-4eca-bbfa-7c74412e1d80,admu,"Social & Cultural Fit",admu,116,2026-07-05T19:22:35.028Z
30c21cda-c37c-4eca-bbfa-7c74412e1d80,admu,"Social & Cultural Fit",dlsu,99,2026-07-05T19:22:35.028Z
30c21cda-c37c-4eca-bbfa-7c74412e1d80,admu,"Social & Cultural Fit",up,34,2026-07-05T19:22:35.028Z
30c21cda-c37c-4eca-bbfa-7c74412e1d80,admu,"Social & Cultural Fit",ust,52,2026-07-05T19:22:35.028Z
30c21cda-c37c-4eca-bbfa-7c74412e1d80,admu,"Campus Life",admu,104,2026-07-05T19:22:35.028Z
30c21cda-c37c-4eca-bbfa-7c74412e1d80,admu,"Campus Life",dlsu,74,2026-07-05T19:22:35.028Z
30c21cda-c37c-4eca-bbfa-7c74412e1d80,admu,"Campus Life",up,86,2026-07-05T19:22:35.028Z
30c21cda-c37c-4eca-bbfa-7c74412e1d80,admu,"Campus Life",ust,95,2026-07-05T19:22:35.028Z
30c21cda-c37c-4eca-bbfa-7c74412e1d80,admu,"Values & Identity",admu,103,2026-07-05T19:22:35.028Z
30c21cda-c37c-4eca-bbfa-7c74412e1d80,admu,"Values & Identity",dlsu,54,2026-07-05T19:22:35.028Z
30c21cda-c37c-4eca-bbfa-7c74412e1d80,admu,"Values & Identity",up,68,2026-07-05T19:22:35.028Z
30c21cda-c37c-4eca-bbfa-7c74412e1d80,admu,"Values & Identity",ust,52,2026-07-05T19:22:35.028Z
7a730c9d-6702-45c3-8b9b-5cbe21f33f3c,admu,"Academic Experience",admu,71,2026-07-05T21:44:32.749Z
7a730c9d-6702-45c3-8b9b-5cbe21f33f3c,admu,"Academic Experience",dlsu,63,2026-07-05T21:44:32.749Z
7a730c9d-6702-45c3-8b9b-5cbe21f33f3c,admu,"Academic Experience",up,54,2026-07-05T21:44:32.749Z
7a730c9d-6702-45c3-8b9b-5cbe21f33f3c,admu,"Academic Experience",ust,32,2026-07-05T21:44:32.749Z
7a730c9d-6702-45c3-8b9b-5cbe21f33f3c,admu,"Social & Cultural Fit",admu,95,2026-07-05T21:44:32.749Z
7a730c9d-6702-45c3-8b9b-5cbe21f33f3c,admu,"Social & Cultural Fit",dlsu,106,2026-07-05T21:44:32.749Z
7a730c9d-6702-45c3-8b9b-5cbe21f33f3c,admu,"Social & Cultural Fit",up,29,2026-07-05T21:44:32.749Z
7a730c9d-6702-45c3-8b9b-5cbe21f33f3c,admu,"Social & Cultural Fit",ust,57,2026-07-05T21:44:32.749Z
7a730c9d-6702-45c3-8b9b-5cbe21f33f3c,admu,"Campus Life",admu,115,2026-07-05T21:44:32.749Z
7a730c9d-6702-45c3-8b9b-5cbe21f33f3c,admu,"Campus Life",dlsu,91,2026-07-05T21:44:32.749Z
7a730c9d-6702-45c3-8b9b-5cbe21f33f3c,admu,"Campus Life",up,78,2026-07-05T21:44:32.749Z
7a730c9d-6702-45c3-8b9b-5cbe21f33f3c,admu,"Campus Life",ust,72,2026-07-05T21:44:32.749Z
7a730c9d-6702-45c3-8b9b-5cbe21f33f3c,admu,"Values & Identity",admu,88,2026-07-05T21:44:32.749Z
7a730c9d-6702-45c3-8b9b-5cbe21f33f3c,admu,"Values & Identity",dlsu,62,2026-07-05T21:44:32.749Z
7a730c9d-6702-45c3-8b9b-5cbe21f33f3c,admu,"Values & Identity",up,54,2026-07-05T21:44:32.749Z
7a730c9d-6702-45c3-8b9b-5cbe21f33f3c,admu,"Values & Identity",ust,60,2026-07-05T21:44:32.749Z
0aa27ebf-b933-42c0-9dc0-b88ac5bce89d,up,"Academic Experience",admu,44,2026-07-05T22:26:32.162Z
0aa27ebf-b933-42c0-9dc0-b88ac5bce89d,up,"Academic Experience",dlsu,50,2026-07-05T22:26:32.162Z
0aa27ebf-b933-42c0-9dc0-b88ac5bce89d,up,"Academic Experience",up,102,2026-07-05T22:26:32.162Z
0aa27ebf-b933-42c0-9dc0-b88ac5bce89d,up,"Academic Experience",ust,17,2026-07-05T22:26:32.162Z
0aa27ebf-b933-42c0-9dc0-b88ac5bce89d,up,"Social & Cultural Fit",admu,34,2026-07-05T22:26:32.162Z
0aa27ebf-b933-42c0-9dc0-b88ac5bce89d,up,"Social & Cultural Fit",dlsu,29,2026-07-05T22:26:32.162Z
0aa27ebf-b933-42c0-9dc0-b88ac5bce89d,up,"Social & Cultural Fit",up,128,2026-07-05T22:26:32.162Z
0aa27ebf-b933-42c0-9dc0-b88ac5bce89d,up,"Social & Cultural Fit",ust,81,2026-07-05T22:26:32.162Z
0aa27ebf-b933-42c0-9dc0-b88ac5bce89d,up,"Campus Life",admu,99,2026-07-05T22:26:32.162Z
0aa27ebf-b933-42c0-9dc0-b88ac5bce89d,up,"Campus Life",dlsu,100,2026-07-05T22:26:32.162Z
0aa27ebf-b933-42c0-9dc0-b88ac5bce89d,up,"Campus Life",up,104,2026-07-05T22:26:32.162Z
0aa27ebf-b933-42c0-9dc0-b88ac5bce89d,up,"Campus Life",ust,54,2026-07-05T22:26:32.162Z
0aa27ebf-b933-42c0-9dc0-b88ac5bce89d,up,"Values & Identity",admu,63,2026-07-05T22:26:32.162Z
0aa27ebf-b933-42c0-9dc0-b88ac5bce89d,up,"Values & Identity",dlsu,55,2026-07-05T22:26:32.162Z
0aa27ebf-b933-42c0-9dc0-b88ac5bce89d,up,"Values & Identity",up,117,2026-07-05T22:26:32.162Z
0aa27ebf-b933-42c0-9dc0-b88ac5bce89d,up,"Values & Identity",ust,37,2026-07-05T22:26:32.162Z
f7212a67-41f8-4773-b865-61e74d422231,up,"Academic Experience",admu,41,2026-07-05T22:42:11.704Z
f7212a67-41f8-4773-b865-61e74d422231,up,"Academic Experience",dlsu,18,2026-07-05T22:42:11.704Z
f7212a67-41f8-4773-b865-61e74d422231,up,"Academic Experience",up,120,2026-07-05T22:42:11.704Z
f7212a67-41f8-4773-b865-61e74d422231,up,"Academic Experience",ust,33,2026-07-05T22:42:11.704Z
f7212a67-41f8-4773-b865-61e74d422231,up,"Social & Cultural Fit",admu,43,2026-07-05T22:42:11.704Z
f7212a67-41f8-4773-b865-61e74d422231,up,"Social & Cultural Fit",dlsu,48,2026-07-05T22:42:11.704Z
f7212a67-41f8-4773-b865-61e74d422231,up,"Social & Cultural Fit",up,104,2026-07-05T22:42:11.704Z
f7212a67-41f8-4773-b865-61e74d422231,up,"Social & Cultural Fit",ust,98,2026-07-05T22:42:11.704Z
f7212a67-41f8-4773-b865-61e74d422231,up,"Campus Life",admu,78,2026-07-05T22:42:11.704Z
f7212a67-41f8-4773-b865-61e74d422231,up,"Campus Life",dlsu,55,2026-07-05T22:42:11.704Z
f7212a67-41f8-4773-b865-61e74d422231,up,"Campus Life",up,164,2026-07-05T22:42:11.704Z
f7212a67-41f8-4773-b865-61e74d422231,up,"Campus Life",ust,87,2026-07-05T22:42:11.704Z
f7212a67-41f8-4773-b865-61e74d422231,up,"Values & Identity",admu,59,2026-07-05T22:42:11.704Z
f7212a67-41f8-4773-b865-61e74d422231,up,"Values & Identity",dlsu,38,2026-07-05T22:42:11.704Z
f7212a67-41f8-4773-b865-61e74d422231,up,"Values & Identity",up,136,2026-07-05T22:42:11.704Z
f7212a67-41f8-4773-b865-61e74d422231,up,"Values & Identity",ust,32,2026-07-05T22:42:11.704Z
ceb5cce0-f18b-4e1b-a5a8-92133a3f1974,admu,"Academic Experience",admu,113,2026-07-05T23:05:46.157Z
ceb5cce0-f18b-4e1b-a5a8-92133a3f1974,admu,"Academic Experience",dlsu,43,2026-07-05T23:05:46.157Z
ceb5cce0-f18b-4e1b-a5a8-92133a3f1974,admu,"Academic Experience",up,37,2026-07-05T23:05:46.157Z
ceb5cce0-f18b-4e1b-a5a8-92133a3f1974,admu,"Academic Experience",ust,34,2026-07-05T23:05:46.157Z
ceb5cce0-f18b-4e1b-a5a8-92133a3f1974,admu,"Social & Cultural Fit",admu,120,2026-07-05T23:05:46.157Z
ceb5cce0-f18b-4e1b-a5a8-92133a3f1974,admu,"Social & Cultural Fit",dlsu,115,2026-07-05T23:05:46.157Z
ceb5cce0-f18b-4e1b-a5a8-92133a3f1974,admu,"Social & Cultural Fit",up,14,2026-07-05T23:05:46.157Z
ceb5cce0-f18b-4e1b-a5a8-92133a3f1974,admu,"Social & Cultural Fit",ust,38,2026-07-05T23:05:46.157Z
ceb5cce0-f18b-4e1b-a5a8-92133a3f1974,admu,"Campus Life",admu,140,2026-07-05T23:05:46.157Z
ceb5cce0-f18b-4e1b-a5a8-92133a3f1974,admu,"Campus Life",dlsu,102,2026-07-05T23:05:46.157Z
ceb5cce0-f18b-4e1b-a5a8-92133a3f1974,admu,"Campus Life",up,73,2026-07-05T23:05:46.157Z
ceb5cce0-f18b-4e1b-a5a8-92133a3f1974,admu,"Campus Life",ust,53,2026-07-05T23:05:46.157Z
ceb5cce0-f18b-4e1b-a5a8-92133a3f1974,admu,"Values & Identity",admu,121,2026-07-05T23:05:46.157Z
ceb5cce0-f18b-4e1b-a5a8-92133a3f1974,admu,"Values & Identity",dlsu,58,2026-07-05T23:05:46.157Z
ceb5cce0-f18b-4e1b-a5a8-92133a3f1974,admu,"Values & Identity",up,52,2026-07-05T23:05:46.157Z
ceb5cce0-f18b-4e1b-a5a8-92133a3f1974,admu,"Values & Identity",ust,38,2026-07-05T23:05:46.157Z
b9edb448-70ae-426a-8cff-4bef36af3cea,up,"Academic Experience",admu,59,2026-07-06T00:42:20.304Z
b9edb448-70ae-426a-8cff-4bef36af3cea,up,"Academic Experience",dlsu,16,2026-07-06T00:42:20.304Z
b9edb448-70ae-426a-8cff-4bef36af3cea,up,"Academic Experience",up,126,2026-07-06T00:42:20.304Z
b9edb448-70ae-426a-8cff-4bef36af3cea,up,"Academic Experience",ust,18,2026-07-06T00:42:20.304Z
b9edb448-70ae-426a-8cff-4bef36af3cea,up,"Social & Cultural Fit",admu,41,2026-07-06T00:42:20.304Z
b9edb448-70ae-426a-8cff-4bef36af3cea,up,"Social & Cultural Fit",dlsu,32,2026-07-06T00:42:20.304Z
b9edb448-70ae-426a-8cff-4bef36af3cea,up,"Social & Cultural Fit",up,136,2026-07-06T00:42:20.304Z
b9edb448-70ae-426a-8cff-4bef36af3cea,up,"Social & Cultural Fit",ust,91,2026-07-06T00:42:20.304Z
b9edb448-70ae-426a-8cff-4bef36af3cea,up,"Campus Life",admu,80,2026-07-06T00:42:20.304Z
b9edb448-70ae-426a-8cff-4bef36af3cea,up,"Campus Life",dlsu,65,2026-07-06T00:42:20.304Z
b9edb448-70ae-426a-8cff-4bef36af3cea,up,"Campus Life",up,154,2026-07-06T00:42:20.304Z
b9edb448-70ae-426a-8cff-4bef36af3cea,up,"Campus Life",ust,91,2026-07-06T00:42:20.304Z
b9edb448-70ae-426a-8cff-4bef36af3cea,up,"Values & Identity",admu,59,2026-07-06T00:42:20.304Z
b9edb448-70ae-426a-8cff-4bef36af3cea,up,"Values & Identity",dlsu,38,2026-07-06T00:42:20.304Z
b9edb448-70ae-426a-8cff-4bef36af3cea,up,"Values & Identity",up,136,2026-07-06T00:42:20.304Z
b9edb448-70ae-426a-8cff-4bef36af3cea,up,"Values & Identity",ust,32,2026-07-06T00:42:20.304Z
58d76e1e-2652-45d0-83b2-89de5c507d5a,admu,"Academic Experience",admu,85,2026-07-06T01:02:43.942Z
58d76e1e-2652-45d0-83b2-89de5c507d5a,admu,"Academic Experience",dlsu,51,2026-07-06T01:02:43.942Z
58d76e1e-2652-45d0-83b2-89de5c507d5a,admu,"Academic Experience",up,33,2026-07-06T01:02:43.942Z
58d76e1e-2652-45d0-83b2-89de5c507d5a,admu,"Academic Experience",ust,49,2026-07-06T01:02:43.942Z
58d76e1e-2652-45d0-83b2-89de5c507d5a,admu,"Social & Cultural Fit",admu,106,2026-07-06T01:02:43.942Z
58d76e1e-2652-45d0-83b2-89de5c507d5a,admu,"Social & Cultural Fit",dlsu,96,2026-07-06T01:02:43.942Z
58d76e1e-2652-45d0-83b2-89de5c507d5a,admu,"Social & Cultural Fit",up,21,2026-07-06T01:02:43.942Z
58d76e1e-2652-45d0-83b2-89de5c507d5a,admu,"Social & Cultural Fit",ust,36,2026-07-06T01:02:43.942Z
58d76e1e-2652-45d0-83b2-89de5c507d5a,admu,"Campus Life",admu,122,2026-07-06T01:02:43.942Z
58d76e1e-2652-45d0-83b2-89de5c507d5a,admu,"Campus Life",dlsu,102,2026-07-06T01:02:43.942Z
58d76e1e-2652-45d0-83b2-89de5c507d5a,admu,"Campus Life",up,61,2026-07-06T01:02:43.942Z
58d76e1e-2652-45d0-83b2-89de5c507d5a,admu,"Campus Life",ust,61,2026-07-06T01:02:43.942Z
58d76e1e-2652-45d0-83b2-89de5c507d5a,admu,"Values & Identity",admu,119,2026-07-06T01:02:43.942Z
58d76e1e-2652-45d0-83b2-89de5c507d5a,admu,"Values & Identity",dlsu,68,2026-07-06T01:02:43.942Z
58d76e1e-2652-45d0-83b2-89de5c507d5a,admu,"Values & Identity",up,66,2026-07-06T01:02:43.942Z
58d76e1e-2652-45d0-83b2-89de5c507d5a,admu,"Values & Identity",ust,30,2026-07-06T01:02:43.942Z
5fabe950-5ef8-464e-9cc3-5c4bb465d87c,admu,"Academic Experience",admu,87,2026-07-06T01:03:17.362Z
5fabe950-5ef8-464e-9cc3-5c4bb465d87c,admu,"Academic Experience",dlsu,37,2026-07-06T01:03:17.362Z
5fabe950-5ef8-464e-9cc3-5c4bb465d87c,admu,"Academic Experience",up,71,2026-07-06T01:03:17.362Z
5fabe950-5ef8-464e-9cc3-5c4bb465d87c,admu,"Academic Experience",ust,18,2026-07-06T01:03:17.362Z
5fabe950-5ef8-464e-9cc3-5c4bb465d87c,admu,"Social & Cultural Fit",admu,102,2026-07-06T01:03:17.362Z
5fabe950-5ef8-464e-9cc3-5c4bb465d87c,admu,"Social & Cultural Fit",dlsu,95,2026-07-06T01:03:17.362Z
5fabe950-5ef8-464e-9cc3-5c4bb465d87c,admu,"Social & Cultural Fit",up,36,2026-07-06T01:03:17.362Z
5fabe950-5ef8-464e-9cc3-5c4bb465d87c,admu,"Social & Cultural Fit",ust,51,2026-07-06T01:03:17.362Z
5fabe950-5ef8-464e-9cc3-5c4bb465d87c,admu,"Campus Life",admu,90,2026-07-06T01:03:17.362Z
5fabe950-5ef8-464e-9cc3-5c4bb465d87c,admu,"Campus Life",dlsu,111,2026-07-06T01:03:17.362Z
5fabe950-5ef8-464e-9cc3-5c4bb465d87c,admu,"Campus Life",up,82,2026-07-06T01:03:17.362Z
5fabe950-5ef8-464e-9cc3-5c4bb465d87c,admu,"Campus Life",ust,53,2026-07-06T01:03:17.362Z
5fabe950-5ef8-464e-9cc3-5c4bb465d87c,admu,"Values & Identity",admu,107,2026-07-06T01:03:17.362Z
5fabe950-5ef8-464e-9cc3-5c4bb465d87c,admu,"Values & Identity",dlsu,64,2026-07-06T01:03:17.362Z
5fabe950-5ef8-464e-9cc3-5c4bb465d87c,admu,"Values & Identity",up,73,2026-07-06T01:03:17.362Z
5fabe950-5ef8-464e-9cc3-5c4bb465d87c,admu,"Values & Identity",ust,32,2026-07-06T01:03:17.362Z
e142752e-8213-461a-b5c8-6f4e8c097ee3,dlsu,"Academic Experience",admu,44,2026-07-06T02:01:54.600Z
e142752e-8213-461a-b5c8-6f4e8c097ee3,dlsu,"Academic Experience",dlsu,83,2026-07-06T02:01:54.600Z
e142752e-8213-461a-b5c8-6f4e8c097ee3,dlsu,"Academic Experience",up,43,2026-07-06T02:01:54.600Z
e142752e-8213-461a-b5c8-6f4e8c097ee3,dlsu,"Academic Experience",ust,27,2026-07-06T02:01:54.600Z
e142752e-8213-461a-b5c8-6f4e8c097ee3,dlsu,"Social & Cultural Fit",admu,50,2026-07-06T02:01:54.600Z
e142752e-8213-461a-b5c8-6f4e8c097ee3,dlsu,"Social & Cultural Fit",dlsu,59,2026-07-06T02:01:54.600Z
e142752e-8213-461a-b5c8-6f4e8c097ee3,dlsu,"Social & Cultural Fit",up,108,2026-07-06T02:01:54.600Z
e142752e-8213-461a-b5c8-6f4e8c097ee3,dlsu,"Social & Cultural Fit",ust,79,2026-07-06T02:01:54.600Z
e142752e-8213-461a-b5c8-6f4e8c097ee3,dlsu,"Campus Life",admu,70,2026-07-06T02:01:54.600Z
e142752e-8213-461a-b5c8-6f4e8c097ee3,dlsu,"Campus Life",dlsu,134,2026-07-06T02:01:54.600Z
e142752e-8213-461a-b5c8-6f4e8c097ee3,dlsu,"Campus Life",up,76,2026-07-06T02:01:54.600Z
e142752e-8213-461a-b5c8-6f4e8c097ee3,dlsu,"Campus Life",ust,77,2026-07-06T02:01:54.600Z
e142752e-8213-461a-b5c8-6f4e8c097ee3,dlsu,"Values & Identity",admu,56,2026-07-06T02:01:54.600Z
e142752e-8213-461a-b5c8-6f4e8c097ee3,dlsu,"Values & Identity",dlsu,107,2026-07-06T02:01:54.600Z
e142752e-8213-461a-b5c8-6f4e8c097ee3,dlsu,"Values & Identity",up,31,2026-07-06T02:01:54.600Z
e142752e-8213-461a-b5c8-6f4e8c097ee3,dlsu,"Values & Identity",ust,67,2026-07-06T02:01:54.600Z
053c017c-d548-4a54-85b3-3953e95f2175,up,"Academic Experience",admu,46,2026-07-06T02:12:39.663Z
053c017c-d548-4a54-85b3-3953e95f2175,up,"Academic Experience",dlsu,16,2026-07-06T02:12:39.663Z
053c017c-d548-4a54-85b3-3953e95f2175,up,"Academic Experience",up,127,2026-07-06T02:12:39.663Z
053c017c-d548-4a54-85b3-3953e95f2175,up,"Academic Experience",ust,24,2026-07-06T02:12:39.663Z
053c017c-d548-4a54-85b3-3953e95f2175,up,"Social & Cultural Fit",admu,58,2026-07-06T02:12:39.663Z
053c017c-d548-4a54-85b3-3953e95f2175,up,"Social & Cultural Fit",dlsu,51,2026-07-06T02:12:39.663Z
053c017c-d548-4a54-85b3-3953e95f2175,up,"Social & Cultural Fit",up,109,2026-07-06T02:12:39.663Z
053c017c-d548-4a54-85b3-3953e95f2175,up,"Social & Cultural Fit",ust,85,2026-07-06T02:12:39.663Z
053c017c-d548-4a54-85b3-3953e95f2175,up,"Campus Life",admu,76,2026-07-06T02:12:39.663Z
053c017c-d548-4a54-85b3-3953e95f2175,up,"Campus Life",dlsu,45,2026-07-06T02:12:39.663Z
053c017c-d548-4a54-85b3-3953e95f2175,up,"Campus Life",up,160,2026-07-06T02:12:39.663Z
053c017c-d548-4a54-85b3-3953e95f2175,up,"Campus Life",ust,89,2026-07-06T02:12:39.663Z
053c017c-d548-4a54-85b3-3953e95f2175,up,"Values & Identity",admu,59,2026-07-06T02:12:39.663Z
053c017c-d548-4a54-85b3-3953e95f2175,up,"Values & Identity",dlsu,55,2026-07-06T02:12:39.663Z
053c017c-d548-4a54-85b3-3953e95f2175,up,"Values & Identity",up,104,2026-07-06T02:12:39.663Z
053c017c-d548-4a54-85b3-3953e95f2175,up,"Values & Identity",ust,47,2026-07-06T02:12:39.663Z
fa9d23e1-637c-469f-a661-d487f743ab96,admu,"Academic Experience",admu,99,2026-07-06T02:33:29.272Z
fa9d23e1-637c-469f-a661-d487f743ab96,admu,"Academic Experience",dlsu,54,2026-07-06T02:33:29.272Z
fa9d23e1-637c-469f-a661-d487f743ab96,admu,"Academic Experience",up,36,2026-07-06T02:33:29.272Z
fa9d23e1-637c-469f-a661-d487f743ab96,admu,"Academic Experience",ust,31,2026-07-06T02:33:29.272Z
fa9d23e1-637c-469f-a661-d487f743ab96,admu,"Social & Cultural Fit",admu,113,2026-07-06T02:33:29.272Z
fa9d23e1-637c-469f-a661-d487f743ab96,admu,"Social & Cultural Fit",dlsu,104,2026-07-06T02:33:29.272Z
fa9d23e1-637c-469f-a661-d487f743ab96,admu,"Social & Cultural Fit",up,21,2026-07-06T02:33:29.272Z
fa9d23e1-637c-469f-a661-d487f743ab96,admu,"Social & Cultural Fit",ust,41,2026-07-06T02:33:29.272Z
fa9d23e1-637c-469f-a661-d487f743ab96,admu,"Campus Life",admu,140,2026-07-06T02:33:29.272Z
fa9d23e1-637c-469f-a661-d487f743ab96,admu,"Campus Life",dlsu,102,2026-07-06T02:33:29.272Z
fa9d23e1-637c-469f-a661-d487f743ab96,admu,"Campus Life",up,73,2026-07-06T02:33:29.272Z
fa9d23e1-637c-469f-a661-d487f743ab96,admu,"Campus Life",ust,53,2026-07-06T02:33:29.272Z
fa9d23e1-637c-469f-a661-d487f743ab96,admu,"Values & Identity",admu,129,2026-07-06T02:33:29.272Z
fa9d23e1-637c-469f-a661-d487f743ab96,admu,"Values & Identity",dlsu,56,2026-07-06T02:33:29.272Z
fa9d23e1-637c-469f-a661-d487f743ab96,admu,"Values & Identity",up,60,2026-07-06T02:33:29.272Z
fa9d23e1-637c-469f-a661-d487f743ab96,admu,"Values & Identity",ust,28,2026-07-06T02:33:29.272Z